time,lat,lon,power_mw,temp_k,area_m2,mask,fire
2025-01-07 17:46:17.084606976,34.43617554615696,-119.90735742026163,15.317429,,4000.0,215.0,Other
2025-01-07 17:46:17.084606976,33.275084272561934,-116.87785251715385,3.2272365,,4000.0,200.0,Other
2025-01-07 18:36:17.087281024,34.07145843020336,-118.55640253905382,220.93063,,,13.0,Palisades
2025-01-07 18:51:17.086904064,34.07145843020336,-118.55640253905382,166.44986,,,33.0,Palisades
2025-01-07 18:56:17.088577024,34.07145843020336,-118.55640253905382,529.90674,,,33.0,Palisades
2025-01-07 19:01:17.088444928,34.07145843020336,-118.55640253905382,1246.5853,,,33.0,Palisades
2025-01-07 19:01:17.088444928,34.48048615620151,-118.37893534552323,26.226646,,4000.0,215.0,Other
2025-01-07 19:01:17.088444928,34.07400704112978,-118.59415303589158,225.48479,,,33.0,Palisades
2025-01-07 19:01:17.088444928,34.068969962321546,-118.51880459364624,393.00226,,,33.0,Palisades
2025-01-07 19:01:17.088444928,34.045389075623206,-118.53591232702891,374.9713,,,33.0,Palisades
2025-01-07 19:01:17.088444928,34.09748567393056,-118.576825912057,274.8336,,,33.0,Palisades
2025-01-07 19:06:17.088297984,34.045389075623206,-118.53591232702891,866.62787,,,33.0,Palisades
2025-01-07 19:06:17.088297984,34.09748567393056,-118.576825912057,461.3884,,,33.0,Palisades
2025-01-07 19:06:17.088297984,34.07400704112978,-118.59415303589158,401.9477,,,33.0,Palisades
2025-01-07 19:06:17.088297984,34.068969962321546,-118.51880459364624,958.37494,,,33.0,Palisades
2025-01-07 19:11:17.088142976,34.04793264602768,-118.57362735342862,284.41092,,,33.0,Palisades
2025-01-07 19:11:17.088142976,34.07400704112978,-118.59415303589158,730.1771,,,33.0,Palisades
2025-01-07 19:11:17.088142976,34.045389075623206,-118.53591232702891,1263.2456,,,33.0,Palisades
2025-01-07 19:11:17.088142976,34.068969962321546,-118.51880459364624,1854.4454,,,33.0,Palisades
2025-01-07 19:11:17.088142976,34.07145843020336,-118.55640253905382,3996.3508,968.1001,70651.14,30.0,Palisades
2025-01-07 19:16:17.087988992,34.045389075623206,-118.53591232702891,1049.6119,,,33.0,Palisades
2025-01-07 19:16:17.087988992,34.068969962321546,-118.51880459364624,1686.8264,,,33.0,Palisades
2025-01-07 19:16:17.087988992,34.04793264602768,-118.57362735342862,278.94696,,,33.0,Palisades
2025-01-07 19:16:17.087988992,34.07400704112978,-118.59415303589158,703.37036,,,33.0,Palisades
2025-01-07 19:16:17.087988992,34.09748567393056,-118.576825912057,1073.6649,,,33.0,Palisades
2025-01-07 19:16:17.087988992,34.07145843020336,-118.55640253905382,3750.0508,958.54114,68943.7,30.0,Palisades
2025-01-07 19:21:17.089635072,34.09748567393056,-118.576825912057,452.40793,,,33.0,Palisades
2025-01-07 19:21:17.089635072,34.07400704112978,-118.59415303589158,457.00568,,,33.0,Palisades
2025-01-07 19:21:17.089635072,34.068969962321546,-118.51880459364624,667.0261,,,33.0,Palisades
2025-01-07 19:21:17.089635072,34.04793264602768,-118.57362735342862,252.56332,,,33.0,Palisades
2025-01-07 19:21:17.089635072,34.045389075623206,-118.53591232702891,960.9379,,,33.0,Palisades
2025-01-07 19:26:17.089463040,34.07400704112978,-118.59415303589158,486.05237,,,33.0,Palisades
2025-01-07 19:26:17.089463040,34.04793264602768,-118.57362735342862,304.44678,,,33.0,Palisades
2025-01-07 19:26:17.089463040,34.045389075623206,-118.53591232702891,1097.6381,,,33.0,Palisades
2025-01-07 19:26:17.089463040,34.068969962321546,-118.51880459364624,552.41113,,,33.0,Palisades
2025-01-07 19:26:17.089463040,34.09748567393056,-118.576825912057,295.10834,,,33.0,Palisades
2025-01-07 19:31:17.089282048,34.04793264602768,-118.57362735342862,283.72852,,,33.0,Palisades
2025-01-07 19:31:17.089282048,34.07400704112978,-118.59415303589158,330.03067,,,33.0,Palisades
2025-01-07 19:31:17.089282048,34.07145843020336,-118.55640253905382,1133.8947,,,33.0,Palisades
2025-01-07 19:31:17.089282048,34.045389075623206,-118.53591232702891,651.6656,,,33.0,Palisades
2025-01-07 19:31:17.089282048,34.068969962321546,-118.51880459364624,297.01993,,,33.0,Palisades
2025-01-07 19:36:17.089102976,34.068969962321546,-118.51880459364624,477.6811,,,33.0,Palisades
2025-01-07 19:36:17.089102976,34.07400704112978,-118.59415303589158,331.7486,,,33.0,Palisades
2025-01-07 19:36:17.089102976,34.04793264602768,-118.57362735342862,359.97067,,,33.0,Palisades
2025-01-07 19:36:17.089102976,34.09748567393056,-118.576825912057,374.7299,,,33.0,Palisades
2025-01-07 19:36:17.089102976,34.045389075623206,-118.53591232702891,950.7027,,,33.0,Palisades
2025-01-07 19:41:17.088919040,34.07400704112978,-118.59415303589158,503.9561,,,33.0,Palisades
2025-01-07 19:41:17.088919040,34.07145843020336,-118.55640253905382,2217.4126,841.1964,70407.22,30.0,Palisades
2025-01-07 19:41:17.088919040,34.068969962321546,-118.51880459364624,803.9424,,,33.0,Palisades
2025-01-07 19:46:17.088718080,34.04793264602768,-118.57362735342862,777.48706,,,33.0,Palisades
2025-01-07 19:46:17.088718080,34.045389075623206,-118.53591232702891,1484.4814,1318.4313,9122.32,30.0,Palisades
2025-01-07 19:46:17.088718080,34.042905560281234,-118.4983495521721,243.23022,,,33.0,Palisades
2025-01-07 19:46:17.088718080,34.07400704112978,-118.59415303589158,608.0627,,,33.0,Palisades
2025-01-07 19:46:17.088718080,34.07145843020336,-118.55640253905382,2079.8196,722.5332,136814.44,30.0,Palisades
2025-01-07 19:46:17.088718080,34.09748567393056,-118.576825912057,225.31746,,,33.0,Palisades
2025-01-07 19:46:17.088718080,34.068969962321546,-118.51880459364624,687.84344,,,33.0,Palisades
2025-01-07 19:51:17.090312960,34.04793264602768,-118.57362735342862,861.8446,1266.6809,6012.34,30.0,Palisades
2025-01-07 19:51:17.090312960,34.07145843020336,-118.55640253905382,1870.8224,721.87396,123703.74,30.0,Palisades
2025-01-07 19:51:17.090312960,34.068969962321546,-118.51880459364624,537.0999,1081.8191,6256.26,30.0,Palisades
2025-01-07 19:51:17.090312960,34.07400704112978,-118.59415303589158,638.57684,,,33.0,Palisades
2025-01-07 19:51:17.090312960,34.045389075623206,-118.53591232702891,1605.7246,829.5498,54308.5,30.0,Palisades
2025-01-07 19:51:17.090312960,34.042905560281234,-118.4983495521721,266.06607,871.1918,7231.94,30.0,Palisades
2025-01-07 19:51:17.090312960,34.09748567393056,-118.576825912057,258.05695,1888.2893,4000.0,30.0,Palisades
2025-01-07 19:56:17.090105984,34.045389075623206,-118.53591232702891,1578.8506,892.67206,38758.6,30.0,Palisades
2025-01-07 19:56:17.090105984,34.068969962321546,-118.51880459364624,482.9603,801.8617,19062.059,30.0,Palisades
2025-01-07 19:56:17.090105984,34.04793264602768,-118.57362735342862,1093.4337,1130.0535,11012.699,30.0,Palisades
2025-01-07 19:56:17.090105984,34.042905560281234,-118.4983495521721,230.38737,981.3948,4000.0,30.0,Palisades
2025-01-07 19:56:17.090105984,34.07145843020336,-118.55640253905382,2081.7368,764.7795,103031.516,30.0,Palisades
2025-01-07 19:56:17.090105984,34.09748567393056,-118.576825912057,234.41856,,,33.0,Palisades
2025-01-07 19:56:17.090105984,34.07400704112978,-118.59415303589158,547.1348,,,33.0,Palisades
2025-01-07 20:01:17.089891968,34.07145843020336,-118.55640253905382,1836.7134,744.06836,104129.16,30.0,Palisades
2025-01-07 20:01:17.089891968,34.042905560281234,-118.4983495521721,250.22238,736.6519,14915.42,30.0,Palisades
2025-01-07 20:01:17.089891968,34.045389075623206,-118.53591232702891,1757.0018,882.17914,45344.44,30.0,Palisades
2025-01-07 20:01:17.089891968,34.04793264602768,-118.57362735342862,1074.6571,1614.9244,4000.0,30.0,Palisades
2025-01-07 20:01:17.089891968,34.068969962321546,-118.51880459364624,423.3327,852.07385,12720.14,30.0,Palisades
2025-01-07 20:01:17.089891968,34.07400704112978,-118.59415303589158,672.43805,,,33.0,Palisades
2025-01-07 20:01:17.089891968,34.09748567393056,-118.576825912057,249.34259,,,33.0,Palisades
2025-01-07 20:06:17.089662976,34.042905560281234,-118.4983495521721,283.87805,1049.9009,4000.0,30.0,Palisades
2025-01-07 20:06:17.089662976,34.045389075623206,-118.53591232702891,1925.938,902.72546,45100.52,30.0,Palisades
2025-01-07 20:06:17.089662976,34.09748567393056,-118.576825912057,220.58923,,,33.0,Palisades
2025-01-07 20:06:17.089662976,34.07145843020336,-118.55640253905382,1813.5751,768.7349,87542.6,30.0,Palisades
2025-01-07 20:06:17.089662976,34.068969962321546,-118.51880459364624,401.2752,1133.5693,4000.0,30.0,Palisades
2025-01-07 20:06:17.089662976,34.04793264602768,-118.57362735342862,1441.6981,1151.4238,13634.84,30.0,Palisades
2025-01-07 20:06:17.089662976,34.07400704112978,-118.59415303589158,701.30176,,,33.0,Palisades
2025-01-07 20:11:17.089432064,34.09748567393056,-118.576825912057,206.01088,,,33.0,Palisades
2025-01-07 20:11:17.089432064,34.045389075623206,-118.53591232702891,1830.7931,1026.4429,25891.82,30.0,Palisades
2025-01-07 20:11:17.089432064,34.042905560281234,-118.4983495521721,293.8352,1195.9225,4000.0,30.0,Palisades
2025-01-07 20:11:17.089432064,34.07145843020336,-118.55640253905382,2282.7024,825.59436,78822.46,30.0,Palisades
2025-01-07 20:11:17.089432064,34.07400704112978,-118.59415303589158,623.93024,,,33.0,Palisades
2025-01-07 20:11:17.089432064,34.068969962321546,-118.51880459364624,894.9955,1310.3005,5585.48,30.0,Palisades
2025-01-07 20:16:17.091006976,34.045389075623206,-118.53591232702891,1909.41,969.80316,33514.32,30.0,Palisades
2025-01-07 20:16:17.091006976,34.07145843020336,-118.55640253905382,2400.9504,806.9159,92116.1,30.0,Palisades
2025-01-07 20:16:17.091006976,34.042905560281234,-118.4983495521721,457.56308,1331.5061,4000.0,30.0,Palisades
2025-01-07 20:16:17.091006976,34.09748567393056,-118.576825912057,386.69034,,,33.0,Palisades
2025-01-07 20:16:17.091006976,34.068969962321546,-118.51880459364624,863.3768,1187.5171,7353.9,30.0,Palisades
2025-01-07 20:16:17.091006976,34.07400704112978,-118.59415303589158,818.3558,,,33.0,Palisades
2025-01-07 20:16:17.091006976,33.774795565429436,-117.79768830024489,9.730371,,4000.0,200.0,Other
2025-01-07 20:21:17.090769024,34.09748567393056,-118.576825912057,243.65076,,,33.0,Palisades
2025-01-07 20:21:17.090769024,34.07400704112978,-118.59415303589158,641.2877,,,33.0,Palisades
2025-01-07 20:21:17.090769024,34.045389075623206,-118.53591232702891,1861.3306,991.2834,30038.459,30.0,Palisades
2025-01-07 20:21:17.090769024,34.068969962321546,-118.51880459364624,670.30536,1093.8501,7536.84,30.0,Palisades
2025-01-07 20:21:17.090769024,34.07145843020336,-118.55640253905382,2397.2808,842.0754,75773.46,30.0,Palisades
2025-01-07 20:21:17.090769024,34.042905560281234,-118.4983495521721,341.41406,1176.2002,4000.0,30.0,Palisades
2025-01-07 20:26:17.090520064,34.07400704112978,-118.59415303589158,753.9748,,,33.0,Palisades
2025-01-07 20:26:17.090520064,34.042905560281234,-118.4983495521721,463.95514,901.9014,10890.74,30.0,Palisades
2025-01-07 20:26:17.090520064,34.068969962321546,-118.51880459364624,782.27484,973.09937,13573.86,30.0,Palisades
2025-01-07 20:26:17.090520064,34.07145843020336,-118.55640253905382,2539.8027,880.69586,66077.64,30.0,Palisades
2025-01-07 20:26:17.090520064,34.045389075623206,-118.53591232702891,2039.0442,1035.837,27904.16,30.0,Palisades
2025-01-07 20:26:17.090520064,34.09748567393056,-118.576825912057,297.8215,,,33.0,Palisades
2025-01-07 20:31:17.090273024,34.07400704112978,-118.59415303589158,600.7634,,,33.0,Palisades
2025-01-07 20:31:17.090273024,34.07145843020336,-118.55640253905382,3109.4373,829.82446,104982.88,30.0,Palisades
2025-01-07 20:31:17.090273024,34.042905560281234,-118.4983495521721,471.0469,1284.4255,4000.0,30.0,Palisades
2025-01-07 20:31:17.090273024,34.068969962321546,-118.51880459364624,1351.0703,1870.2152,4000.0,30.0,Palisades
2025-01-07 20:31:17.090273024,34.045389075623206,-118.53591232702891,2067.347,946.4551,39917.22,30.0,Palisades
2025-01-07 20:36:17.090032000,34.07145843020336,-118.55640253905382,3248.7117,826.9678,111385.78,30.0,Palisades
2025-01-07 20:36:17.090032000,34.04793264602768,-118.57362735342862,1788.831,,,33.0,Palisades
2025-01-07 20:36:17.090032000,34.045389075623206,-118.53591232702891,2273.851,1018.09247,33148.438,30.0,Palisades
2025-01-07 20:36:17.090032000,34.042905560281234,-118.4983495521721,566.0967,1621.1323,4000.0,30.0,Palisades
2025-01-07 20:36:17.090032000,34.07400704112978,-118.59415303589158,536.5283,,,33.0,Palisades
2025-01-07 20:41:17.089780992,33.7207509148762,-117.7220373975577,13.59766,,4000.0,100.0,Other
2025-01-07 20:41:17.089780992,34.068969962321546,-118.51880459364624,982.09033,926.7328,20647.54,30.0,Palisades
2025-01-07 20:41:17.089780992,34.07400704112978,-118.59415303589158,690.67206,,,33.0,Palisades
2025-01-07 20:41:17.089780992,34.04793264602768,-118.57362735342862,1684.471,,,33.0,Palisades
2025-01-07 20:41:17.089780992,34.042905560281234,-118.4983495521721,389.7989,1888.3992,4000.0,30.0,Palisades
2025-01-07 20:41:17.089780992,34.045389075623206,-118.53591232702891,2099.7441,971.9457,36563.32,30.0,Palisades
2025-01-07 20:41:17.089780992,34.07145843020336,-118.55640253905382,2955.211,824.1111,102909.56,30.0,Palisades
2025-01-07 20:46:17.091325056,34.07145843020336,-118.55640253905382,2950.9626,824.9901,102299.76,30.0,Palisades
2025-01-07 20:46:17.091325056,34.045389075623206,-118.53591232702891,2103.1194,929.4796,43697.98,30.0,Palisades
2025-01-07 20:46:17.091325056,34.07400704112978,-118.59415303589158,553.3964,,,33.0,Palisades
2025-01-07 20:46:17.091325056,34.068969962321546,-118.51880459364624,1017.73456,1022.70715,14610.52,30.0,Palisades
2025-01-07 20:46:17.091325056,34.042905560281234,-118.4983495521721,415.24393,,,33.0,Palisades
2025-01-07 20:51:17.091068928,34.042905560281234,-118.4983495521721,541.30786,1420.2289,4000.0,30.0,Palisades
2025-01-07 20:51:17.091068928,34.09748567393056,-118.576825912057,436.9465,,,33.0,Palisades
2025-01-07 20:51:17.091068928,34.07400704112978,-118.59415303589158,829.6456,,,33.0,Palisades
2025-01-07 20:51:17.091068928,34.07145843020336,-118.55640253905382,2876.5342,803.5648,112483.42,30.0,Palisades
2025-01-07 20:51:17.091068928,34.045389075623206,-118.53591232702891,2459.7754,957.99176,45283.46,30.0,Palisades
2025-01-07 20:51:17.091068928,34.068969962321546,-118.51880459364624,876.6864,1102.0356,9610.16,30.0,Palisades
2025-01-07 20:56:17.090813952,34.042905560281234,-118.4983495521721,547.91724,1217.5675,4304.9,30.0,Palisades
2025-01-07 20:56:17.090813952,34.07145843020336,-118.55640253905382,2807.59,786.6992,121325.516,30.0,Palisades
2025-01-07 20:56:17.090813952,34.07400704112978,-118.59415303589158,641.13617,,,33.0,Palisades
2025-01-07 20:56:17.090813952,34.068969962321546,-118.51880459364624,1272.0945,1279.1516,8573.5,30.0,Palisades
2025-01-07 20:56:17.090813952,34.04793264602768,-118.57362735342862,1930.6113,1490.0533,8390.561,30.0,Palisades
2025-01-07 20:56:17.090813952,34.045389075623206,-118.53591232702891,2496.7554,860.4791,71748.78,30.0,Palisades
2025-01-07 21:01:17.090548096,34.07400704112978,-118.59415303589158,881.92017,,,33.0,Palisades
2025-01-07 21:01:17.090548096,34.09748567393056,-118.576825912057,463.69745,,,33.0,Palisades
2025-01-07 21:01:17.090548096,34.07145843020336,-118.55640253905382,3120.5762,757.6377,161694.28,30.0,Palisades
2025-01-07 21:01:17.090548096,34.068969962321546,-118.51880459364624,1053.859,1007.7094,15952.08,30.0,Palisades
2025-01-07 21:01:17.090548096,34.04793264602768,-118.57362735342862,1506.5844,1206.7999,12171.32,30.0,Palisades
2025-01-07 21:01:17.090548096,34.045389075623206,-118.53591232702891,2438.958,843.3389,76566.2,30.0,Palisades
2025-01-07 21:01:17.090548096,34.042905560281234,-118.4983495521721,557.3483,1011.4451,8329.58,30.0,Palisades
2025-01-07 21:01:17.090548096,34.09499226178677,-118.53919286962353,199.8721,,,33.0,Palisades
2025-01-07 21:06:17.090279040,34.068969962321546,-118.51880459364624,1150.0419,1062.3713,14366.6,30.0,Palisades
2025-01-07 21:06:17.090279040,34.042905560281234,-118.4983495521721,775.6192,1349.6353,4426.86,30.0,Palisades
2025-01-07 21:06:17.090279040,34.045389075623206,-118.53591232702891,2666.3013,891.6283,65772.734,30.0,Palisades
2025-01-07 21:06:17.090279040,34.04793264602768,-118.57362735342862,1429.2607,1079.9512,16805.8,30.0,Palisades
2025-01-07 21:06:17.090279040,34.09748567393056,-118.576825912057,446.09946,,,33.0,Palisades
2025-01-07 21:06:17.090279040,34.09499226178677,-118.53919286962353,215.34004,,,33.0,Palisades
2025-01-07 21:06:17.090279040,34.07400704112978,-118.59415303589158,857.40674,,,33.0,Palisades
2025-01-07 21:06:17.090279040,34.07145843020336,-118.55640253905382,2962.5105,773.4595,138826.78,30.0,Palisades
2025-01-07 21:11:17.090016000,34.045389075623206,-118.53591232702891,2632.8276,875.03735,70346.24,30.0,Palisades
2025-01-07 21:11:17.090016000,34.09499226178677,-118.53919286962353,221.69135,,,33.0,Palisades
2025-01-07 21:11:17.090016000,34.07145843020336,-118.55640253905382,2965.2322,771.31696,140839.12,30.0,Palisades
2025-01-07 21:11:17.090016000,34.042905560281234,-118.4983495521721,976.38245,1237.5095,7292.92,30.0,Palisades
2025-01-07 21:11:17.090016000,34.04793264602768,-118.57362735342862,1436.8969,1062.3713,17903.44,30.0,Palisades
2025-01-07 21:11:17.090016000,34.068969962321546,-118.51880459364624,1348.673,1006.4459,20525.58,30.0,Palisades
2025-01-07 21:11:17.090016000,34.07400704112978,-118.59415303589158,738.467,,,33.0,Palisades
2025-01-07 21:11:17.090016000,34.09748567393056,-118.576825912057,436.86035,,,33.0,Palisades
2025-01-07 21:16:17.091550976,33.62724407594312,-117.79131099004587,13.448173,,4000.0,200.0,Other
2025-01-07 21:16:17.091550976,34.07145843020336,-118.55640253905382,2761.172,745.77136,154681.58,30.0,Palisades
2025-01-07 21:16:17.091550976,34.09748567393056,-118.576825912057,362.40485,,,33.0,Palisades
2025-01-07 21:16:17.091550976,34.042905560281234,-118.4983495521721,730.2272,1093.7952,8207.62,30.0,Palisades
2025-01-07 21:16:17.091550976,34.045389075623206,-118.53591232702891,2560.1338,840.70197,81505.58,30.0,Palisades
2025-01-07 21:16:17.091550976,34.04793264602768,-118.57362735342862,1281.3113,914.5918,28452.98,30.0,Palisades
2025-01-07 21:16:17.091550976,34.068969962321546,-118.51880459364624,1031.4332,941.34595,20342.64,30.0,Palisades
2025-01-07 21:16:17.091550976,34.07400704112978,-118.59415303589158,738.8166,,,33.0,Palisades
2025-01-07 21:21:17.091271936,34.09748567393056,-118.576825912057,325.2179,,,33.0,Palisades
2025-01-07 21:21:17.091271936,33.62482536435594,-117.754589379413,11.223942,,4000.0,100.0,Other
2025-01-07 21:21:17.091271936,34.042905560281234,-118.4983495521721,928.353,1094.1248,10463.88,30.0,Palisades
2025-01-07 21:21:17.091271936,34.07145843020336,-118.55640253905382,2673.0715,787.90784,114617.72,30.0,Palisades
2025-01-07 21:21:17.091271936,34.07400704112978,-118.59415303589158,600.72217,,,33.0,Palisades
2025-01-07 21:21:17.091271936,34.068969962321546,-118.51880459364624,1034.7179,937.28064,20769.5,30.0,Palisades
2025-01-07 21:21:17.091271936,34.045389075623206,-118.53591232702891,2923.5593,851.8541,87786.516,30.0,Palisades
2025-01-07 21:21:17.091271936,34.04793264602768,-118.57362735342862,1386.361,925.5791,29306.7,30.0,Palisades
2025-01-07 21:26:17.090995968,34.068969962321546,-118.51880459364624,1384.7058,914.427,30770.22,30.0,Palisades
2025-01-07 21:26:17.090995968,34.09748567393056,-118.576825912057,297.18375,,,33.0,Palisades
2025-01-07 21:26:17.090995968,34.07145843020336,-118.55640253905382,3087.9983,822.51794,108519.72,30.0,Palisades
2025-01-07 21:26:17.090995968,34.042905560281234,-118.4983495521721,869.584,932.9406,17781.48,30.0,Palisades
2025-01-07 21:26:17.090995968,34.07400704112978,-118.59415303589158,456.49368,,,33.0,Palisades
2025-01-07 21:26:17.090995968,34.045389075623206,-118.53591232702891,2632.1995,880.9706,68333.9,30.0,Palisades
2025-01-07 21:26:17.090995968,34.04793264602768,-118.57362735342862,1438.4464,1160.8179,13207.9795,30.0,Palisades
2025-01-07 21:31:17.090723072,34.045389075623206,-118.53591232702891,3045.0354,921.45886,65528.82,30.0,Palisades
2025-01-07 21:31:17.090723072,33.5686083733831,-117.64295849439542,9.252676,,4000.0,100.0,Other
2025-01-07 21:31:17.090723072,34.09748567393056,-118.576825912057,340.5543,,,33.0,Palisades
2025-01-07 21:31:17.090723072,34.07145843020336,-118.55640253905382,2876.357,806.2017,110775.98,30.0,Palisades
2025-01-07 21:31:17.090723072,34.07400704112978,-118.59415303589158,524.7724,,,33.0,Palisades
2025-01-07 21:31:17.090723072,34.042905560281234,-118.4983495521721,1164.8812,913.8776,25952.8,30.0,Palisades
2025-01-07 21:31:17.090723072,34.068969962321546,-118.51880459364624,1247.6907,970.9568,21806.16,30.0,Palisades
2025-01-07 21:36:17.090438016,34.07145843020336,-118.55640253905382,2754.8132,780.0519,123947.66,30.0,Palisades
2025-01-07 21:36:17.090438016,34.045389075623206,-118.53591232702891,1947.756,854.3812,57784.36,30.0,Palisades
2025-01-07 21:36:17.090438016,34.042905560281234,-118.4983495521721,553.22687,866.0827,15464.24,30.0,Palisades
2025-01-07 21:36:17.090438016,34.07400704112978,-118.59415303589158,490.68344,,,33.0,Palisades
2025-01-07 21:36:17.090438016,34.068969962321546,-118.51880459364624,1083.0857,938.4343,21623.22,30.0,Palisades
2025-01-07 21:36:17.090438016,34.09748567393056,-118.576825912057,308.01505,,,33.0,Palisades
2025-01-07 21:41:17.091948928,34.068969962321546,-118.51880459364624,1024.7946,1078.6327,12110.34,30.0,Palisades
2025-01-07 21:41:17.091948928,34.07145843020336,-118.55640253905382,2092.6646,771.1521,99494.68,30.0,Palisades
2025-01-07 21:41:17.091948928,34.07400704112978,-118.59415303589158,575.5041,,,33.0,Palisades
2025-01-07 21:41:17.091948928,34.045389075623206,-118.53591232702891,1947.522,869.7085,53454.78,30.0,Palisades
2025-01-07 21:41:17.091948928,34.042905560281234,-118.4983495521721,674.1255,1077.5339,8024.6797,30.0,Palisades
2025-01-07 21:41:17.091948928,34.09748567393056,-118.576825912057,263.6836,,,33.0,Palisades
2025-01-07 21:41:17.091948928,34.04793264602768,-118.57362735342862,1183.1377,951.4543,22415.959,30.0,Palisades
2025-01-07 21:46:17.091662080,34.068969962321546,-118.51880459364624,861.03973,1050.9995,11195.641,30.0,Palisades
2025-01-07 21:46:17.091662080,34.07400704112978,-118.59415303589158,534.27673,,,33.0,Palisades
2025-01-07 21:46:17.091662080,34.07145843020336,-118.55640253905382,1903.1511,744.06836,107848.94,30.0,Palisades
2025-01-07 21:46:17.091662080,34.09748567393056,-118.576825912057,269.11252,,,33.0,Palisades
2025-01-07 21:46:17.091662080,34.042905560281234,-118.4983495521721,626.469,1075.9957,7475.86,30.0,Palisades
2025-01-07 21:46:17.091662080,34.045389075623206,-118.53591232702891,1789.2556,845.0969,55650.06,30.0,Palisades
2025-01-07 21:46:17.091662080,34.04793264602768,-118.57362735342862,945.4811,1136.3711,9305.26,30.0,Palisades
2025-01-07 21:51:17.091377920,34.042905560281234,-118.4983495521721,483.1515,888.22217,12110.34,30.0,Palisades
2025-01-07 21:51:17.091377920,34.07400704112978,-118.59415303589158,614.1408,,,33.0,Palisades
2025-01-07 21:51:17.091377920,34.09748567393056,-118.576825912057,300.06857,,,33.0,Palisades
2025-01-07 21:51:17.091377920,34.04793264602768,-118.57362735342862,1317.4321,1307.334,8329.58,30.0,Palisades
2025-01-07 21:51:17.091377920,34.07145843020336,-118.55640253905382,2244.9697,801.3124,88945.14,30.0,Palisades
2025-01-07 21:51:17.091377920,34.045389075623206,-118.53591232702891,2040.3362,889.92523,50771.66,30.0,Palisades
2025-01-07 21:51:17.091377920,34.068969962321546,-118.51880459364624,774.7629,911.24066,17476.58,30.0,Palisades
2025-01-07 21:56:17.091084032,34.07145843020336,-118.55640253905382,2779.9663,816.96936,100714.28,30.0,Palisades
2025-01-07 21:56:17.091084032,34.042905560281234,-118.4983495521721,611.3503,972.98944,10585.84,30.0,Palisades
2025-01-07 21:56:17.091084032,34.09748567393056,-118.576825912057,343.80374,,,33.0,Palisades
2025-01-07 21:56:17.091084032,34.045389075623206,-118.53591232702891,2587.2886,971.0117,45222.48,30.0,Palisades
2025-01-07 21:56:17.091084032,34.07400704112978,-118.59415303589158,832.10986,,,33.0,Palisades
2025-01-07 21:56:17.091084032,34.068969962321546,-118.51880459364624,1127.7915,1349.6902,6500.1797,30.0,Palisades
2025-01-07 22:01:17.090780032,34.09748567393056,-118.576825912057,429.83368,,,33.0,Palisades
2025-01-07 22:01:17.090780032,34.04793264602768,-118.57362735342862,2174.846,1151.0942,20525.58,30.0,Palisades
2025-01-07 22:01:17.090780032,34.09499226178677,-118.53919286962353,238.19576,,,33.0,Palisades
2025-01-07 22:01:17.090780032,34.07145843020336,-118.55640253905382,3000.8638,782.68884,132850.75,30.0,Palisades
2025-01-07 22:01:17.090780032,34.068969962321546,-118.51880459364624,1228.4597,1124.1752,12598.18,30.0,Palisades
2025-01-07 22:01:17.090780032,34.045389075623206,-118.53591232702891,2827.9783,942.11505,55650.06,30.0,Palisades
2025-01-07 22:01:17.090780032,34.042905560281234,-118.4983495521721,673.3277,1004.2484,10341.92,30.0,Palisades
2025-01-07 22:06:17.090480000,34.04793264602768,-118.57362735342862,2053.0745,1156.0385,19123.04,30.0,Palisades
2025-01-07 22:06:17.090480000,34.045389075623206,-118.53591232702891,3036.3933,825.20984,105104.836,30.0,Palisades
2025-01-07 22:06:17.090480000,34.068969962321546,-118.51880459364624,1048.6075,816.6397,38087.82,30.0,Palisades
2025-01-07 22:06:17.090480000,34.07145843020336,-118.55640253905382,2856.7766,825.924,98458.016,30.0,Palisades
2025-01-07 22:11:17.091990016,34.07400704112978,-118.59415303589158,1085.1058,,,33.0,Palisades
2025-01-07 22:11:17.091990016,34.042905560281234,-118.4983495521721,559.4274,840.1526,17842.46,30.0,Palisades
2025-01-07 22:11:17.091990016,34.07145843020336,-118.55640253905382,3261.8982,819.44147,116569.08,30.0,Palisades
2025-01-07 22:11:17.091990016,34.068969962321546,-118.51880459364624,1259.9376,974.4728,21684.2,30.0,Palisades
2025-01-07 22:11:17.091990016,34.045389075623206,-118.53591232702891,3282.33,803.7296,128277.24,30.0,Palisades
2025-01-07 22:11:17.091990016,34.04793264602768,-118.57362735342862,2477.6885,958.2664,45588.36,30.0,Palisades
2025-01-07 22:16:17.091688960,34.042905560281234,-118.4983495521721,532.6227,,,33.0,Palisades
2025-01-07 22:16:17.091688960,34.04793264602768,-118.57362735342862,2243.7437,804.7734,87115.74,30.0,Palisades
2025-01-07 22:16:17.091688960,34.09748567393056,-118.576825912057,367.48196,,,33.0,Palisades
2025-01-07 22:16:17.091688960,34.068969962321546,-118.51880459364624,944.1282,893.8807,23025.76,30.0,Palisades
2025-01-07 22:16:17.091688960,34.07145843020336,-118.55640253905382,2991.5217,757.52783,155108.44,30.0,Palisades
2025-01-07 22:16:17.091688960,34.07400704112978,-118.59415303589158,1509.8693,1831.8694,4000.0,30.0,Palisades
2025-01-07 22:16:17.091688960,34.045389075623206,-118.53591232702891,2719.158,760.10986,138643.84,30.0,Palisades
2025-01-07 22:21:17.091377024,34.09748567393056,-118.576825912057,455.34515,,,33.0,Palisades
2025-01-07 22:21:17.091377024,34.042905560281234,-118.4983495521721,863.3014,940.5219,17110.7,30.0,Palisades
2025-01-07 22:21:17.091377024,34.068969962321546,-118.51880459364624,1305.5082,916.8442,28696.9,30.0,Palisades
2025-01-07 22:21:17.091377024,34.07145843020336,-118.55640253905382,3151.876,806.4215,121264.54,30.0,Palisades
2025-01-07 22:21:17.091377024,34.09499226178677,-118.53919286962353,246.64499,,,33.0,Palisades
2025-01-07 22:21:17.091377024,34.045389075623206,-118.53591232702891,2868.4832,873.609,77236.98,30.0,Palisades
2025-01-07 22:21:17.091377024,34.04793264602768,-118.57362735342862,2338.3762,904.7581,54247.52,30.0,Palisades
2025-01-07 22:26:17.091068928,34.045389075623206,-118.53591232702891,3140.502,880.86066,81627.54,30.0,Palisades
2025-01-07 22:26:17.091068928,34.09748567393056,-118.576825912057,420.73026,,,33.0,Palisades
2025-01-07 22:26:17.091068928,34.042905560281234,-118.4983495521721,739.9706,891.6832,18269.32,30.0,Palisades
2025-01-07 22:26:17.091068928,34.09499226178677,-118.53919286962353,254.8591,,,33.0,Palisades
2025-01-07 22:26:17.091068928,34.07145843020336,-118.55640253905382,4205.6616,815.7058,153461.98,30.0,Palisades
2025-01-07 22:26:17.091068928,34.068969962321546,-118.51880459364624,2399.2144,1161.9717,21989.1,30.0,Palisades
2025-01-07 22:31:17.090768000,34.050480566632984,-118.6113904539408,228.19966,,,33.0,Palisades
2025-01-07 22:31:17.090768000,34.045389075623206,-118.53591232702891,2594.6042,823.6167,90591.6,30.0,Palisades
2025-01-07 22:31:17.090768000,34.09499226178677,-118.53919286962353,257.83484,,,33.0,Palisades
2025-01-07 22:31:17.090768000,34.07145843020336,-118.55640253905382,3393.8684,844.8772,105714.64,30.0,Palisades
2025-01-07 22:31:17.090768000,34.09748567393056,-118.576825912057,376.65344,,,33.0,Palisades
2025-01-07 22:31:17.090768000,34.068969962321546,-118.51880459364624,2085.004,958.32135,38331.74,30.0,Palisades
2025-01-07 22:31:17.090768000,34.10354601568866,-117.55726037965631,11.949405,,4000.0,215.0,Other
2025-01-07 22:31:17.090768000,34.042905560281234,-118.4983495521721,1028.237,2114.6833,4000.0,30.0,Palisades
2025-01-07 22:31:17.090768000,34.04793264602768,-118.57362735342862,2493.8152,875.1472,66626.46,30.0,Palisades
2025-01-07 22:36:17.092264064,34.042905560281234,-118.4983495521721,1118.5588,1186.803,9549.18,30.0,Palisades
2025-01-07 22:36:17.092264064,34.045389075623206,-118.53591232702891,2067.0051,939.80774,41075.84,30.0,Palisades
2025-01-07 22:36:17.092264064,34.04793264602768,-118.57362735342862,1719.0256,1069.5132,20952.44,30.0,Palisades
2025-01-07 22:36:17.092264064,34.068969962321546,-118.51880459364624,2916.3674,918.9867,63455.5,30.0,Palisades
2025-01-07 22:36:17.092264064,34.07145843020336,-118.55640253905382,3982.2742,864.21484,112300.48,30.0,Palisades
2025-01-07 22:36:17.092264064,34.09499226178677,-118.53919286962353,672.0619,,,33.0,Palisades
2025-01-07 22:36:17.092264064,34.09748567393056,-118.576825912057,878.162,1252.9468,6317.24,30.0,Palisades
2025-01-07 22:41:17.091945088,34.07400704112978,-118.59415303589158,821.9375,,,33.0,Palisades
2025-01-07 22:41:17.091945088,34.045389075623206,-118.53591232702891,2279.425,928.16113,47661.68,30.0,Palisades
2025-01-07 22:41:17.091945088,34.07145843020336,-118.55640253905382,3498.5376,873.9936,94006.48,30.0,Palisades
2025-01-07 22:41:17.091945088,34.068969962321546,-118.51880459364624,2227.7139,910.1419,50466.758,30.0,Palisades
2025-01-07 22:41:17.091945088,34.042905560281234,-118.4983495521721,1191.8109,1287.1174,7902.7197,30.0,Palisades
2025-01-07 22:41:17.091945088,34.09748567393056,-118.576825912057,756.2181,1690.9568,4000.0,30.0,Palisades
2025-01-07 22:41:17.091945088,34.09499226178677,-118.53919286962353,512.0062,,,33.0,Palisades
2025-01-07 22:46:17.091627904,34.09748567393056,-118.576825912057,712.66876,1477.7476,4000.0,30.0,Palisades
2025-01-07 22:46:17.091627904,34.068969962321546,-118.51880459364624,1997.1951,956.45355,36990.18,30.0,Palisades
2025-01-07 22:46:17.091627904,34.04793264602768,-118.57362735342862,1267.0688,,,33.0,Palisades
2025-01-07 22:46:17.091627904,34.07145843020336,-118.55640253905382,3351.56,876.4657,88945.14,30.0,Palisades
2025-01-07 22:46:17.091627904,34.045389075623206,-118.53591232702891,2056.967,934.97327,41746.62,30.0,Palisades
2025-01-07 22:46:17.091627904,34.07400704112978,-118.59415303589158,966.5417,,,33.0,Palisades
2025-01-07 22:46:17.091627904,34.042905560281234,-118.4983495521721,914.7673,1017.15857,13390.92,30.0,Palisades
2025-01-07 22:46:17.091627904,34.09499226178677,-118.53919286962353,506.49664,,,33.0,Palisades
2025-01-07 22:51:17.091320064,33.6667287173863,-117.64660923434796,9.81772,,4000.0,215.0,Other
2025-01-07 22:51:17.091320064,34.045389075623206,-118.53591232702891,2226.1252,1073.4686,26745.54,30.0,Palisades
2025-01-07 22:51:17.091320064,34.09499226178677,-118.53919286962353,462.3032,,,33.0,Palisades
2025-01-07 22:51:17.091320064,34.042905560281234,-118.4983495521721,1084.7393,1580.534,4060.98,30.0,Palisades
2025-01-07 22:51:17.091320064,34.09748567393056,-118.576825912057,611.218,1295.4128,4000.0,30.0,Palisades
2025-01-07 22:51:17.091320064,34.04793264602768,-118.57362735342862,1312.6316,,,33.0,Palisades
2025-01-07 22:51:17.091320064,34.068969962321546,-118.51880459364624,2063.696,970.29755,36136.46,30.0,Palisades
2025-01-07 22:51:17.091320064,34.07145843020336,-118.55640253905382,3350.7185,923.82117,71382.9,30.0,Palisades
2025-01-07 22:56:17.091006976,34.068969962321546,-118.51880459364624,1843.8564,942.6095,36197.438,30.0,Palisades
2025-01-07 22:56:17.091006976,34.042905560281234,-118.4983495521721,1148.8652,1147.3035,10951.72,30.0,Palisades
2025-01-07 22:56:17.091006976,34.09748567393056,-118.576825912057,501.40317,1185.2648,4304.9,30.0,Palisades
2025-01-07 22:56:17.091006976,34.07145843020336,-118.55640253905382,3189.5405,862.4569,90774.54,30.0,Palisades
2025-01-07 22:56:17.091006976,34.04793264602768,-118.57362735342862,1623.9353,1341.999,9488.2,30.0,Palisades
2025-01-07 22:56:17.091006976,34.045389075623206,-118.53591232702891,2704.2893,1083.9615,31441.0,30.0,Palisades
2025-01-07 22:56:17.091006976,34.09499226178677,-118.53919286962353,370.26108,,,33.0,Palisades
2025-01-07 22:56:17.091006976,34.07400704112978,-118.59415303589158,1036.8323,1854.0637,4000.0,30.0,Palisades
2025-01-07 23:01:17.090683008,34.045389075623206,-118.53591232702891,2142.4182,851.30475,64553.14,30.0,Palisades
2025-01-07 23:01:17.090683008,34.042905560281234,-118.4983495521721,740.3009,957.1128,13695.82,30.0,Palisades
2025-01-07 23:01:17.090683008,34.09748567393056,-118.576825912057,384.20132,1178.947,4000.0,30.0,Palisades
2025-01-07 23:01:17.090683008,34.09499226178677,-118.53919286962353,326.91098,,,33.0,Palisades
2025-01-07 23:01:17.090683008,34.068969962321546,-118.51880459364624,1830.3483,882.8933,47112.86,30.0,Palisades
2025-01-07 23:01:17.090683008,34.07400704112978,-118.59415303589158,1487.2999,1336.4504,8817.42,30.0,Palisades
2025-01-07 23:01:17.090683008,34.07145843020336,-118.55640253905382,3559.5083,809.00354,134924.06,30.0,Palisades
2025-01-07 23:01:17.090683008,34.04793264602768,-118.57362735342862,1552.7837,924.2606,33026.48,30.0,Palisades
2025-01-07 23:06:17.092162048,34.068969962321546,-118.51880459364624,1969.7136,864.7642,55406.14,30.0,Palisades
2025-01-07 23:06:17.092162048,34.09748567393056,-118.576825912057,248.00186,1635.8004,4000.0,30.0,Palisades
2025-01-07 23:06:17.092162048,33.463264163577506,-117.15066371944029,12.249215,,4000.0,100.0,Other
2025-01-07 23:06:17.092162048,34.07145843020336,-118.55640253905382,3744.4072,829.4949,126630.78,30.0,Palisades
2025-01-07 23:06:17.092162048,34.042905560281234,-118.4983495521721,775.75854,1025.0695,11012.699,30.0,Palisades
2025-01-07 23:06:17.092162048,34.045389075623206,-118.53591232702891,2645.2256,809.6627,99860.56,30.0,Palisades
2025-01-07 23:06:17.092162048,34.04793264602768,-118.57362735342862,2151.6833,995.45856,34124.117,30.0,Palisades
2025-01-07 23:06:17.092162048,34.07400704112978,-118.59415303589158,1783.4805,1412.428,9000.359,30.0,Palisades
2025-01-07 23:11:17.091846912,34.042905560281234,-118.4983495521721,967.79443,1138.6235,9488.2,30.0,Palisades
2025-01-07 23:11:17.091846912,34.09748567393056,-118.576825912057,422.38293,1323.8151,4000.0,30.0,Palisades
2025-01-07 23:11:17.091846912,34.09499226178677,-118.53919286962353,312.9111,,,33.0,Palisades
2025-01-07 23:11:17.091846912,34.068969962321546,-118.51880459364624,1630.725,829.1653,55223.2,30.0,Palisades
2025-01-07 23:11:17.091846912,34.07400704112978,-118.59415303589158,1627.5011,1006.66565,24733.2,30.0,Palisades
2025-01-07 23:11:17.091846912,34.045389075623206,-118.53591232702891,2926.9307,863.5007,82847.14,30.0,Palisades
2025-01-07 23:11:17.091846912,34.07145843020336,-118.55640253905382,3046.6418,740.7172,176634.38,30.0,Palisades
2025-01-07 23:11:17.091846912,34.04793264602768,-118.57362735342862,2713.3252,1026.388,38392.72,30.0,Palisades
2025-01-07 23:16:17.091528960,34.07400704112978,-118.59415303589158,1647.2119,910.1419,37295.08,30.0,Palisades
2025-01-07 23:16:17.091528960,34.09748567393056,-118.576825912057,312.94092,2210.8774,4000.0,30.0,Palisades
2025-01-07 23:16:17.091528960,34.04793264602768,-118.57362735342862,2839.3445,803.39996,111141.86,30.0,Palisades
2025-01-07 23:16:17.091528960,34.07145843020336,-118.55640253905382,3150.8606,752.0891,169316.78,30.0,Palisades
2025-01-07 23:16:17.091528960,34.050480566632984,-118.6113904539408,326.41412,,,33.0,Palisades
2025-01-07 23:16:17.091528960,34.045389075623206,-118.53591232702891,3216.2034,858.007,93579.62,30.0,Palisades
2025-01-07 23:16:17.091528960,34.042905560281234,-118.4983495521721,1012.91406,1044.4622,13451.9,30.0,Palisades
2025-01-07 23:16:17.091528960,34.068969962321546,-118.51880459364624,1813.5698,907.1753,41624.66,30.0,Palisades
2025-01-07 23:21:17.091200000,34.09499226178677,-118.53919286962353,403.70615,,,33.0,Palisades
2025-01-07 23:21:17.091200000,34.07400704112978,-118.59415303589158,2101.1562,995.953,33270.4,30.0,Palisades
2025-01-07 23:21:17.091200000,34.068969962321546,-118.51880459364624,2024.3234,885.0908,51564.4,30.0,Palisades
2025-01-07 23:21:17.091200000,34.04793264602768,-118.57362735342862,2842.546,834.3843,93579.62,30.0,Palisades
2025-01-07 23:21:17.091200000,34.09748567393056,-118.576825912057,411.34036,1076.3253,4914.7,30.0,Palisades
2025-01-07 23:21:17.091200000,34.042905560281234,-118.4983495521721,1279.3295,1171.0361,11439.561,30.0,Palisades
2025-01-07 23:21:17.091200000,34.07145843020336,-118.55640253905382,3164.5754,733.1909,193159.95,30.0,Palisades
2025-01-07 23:21:17.091200000,34.045389075623206,-118.53591232702891,2793.335,839.6033,89432.98,30.0,Palisades
2025-01-07 23:26:17.090870016,34.068969962321546,-118.51880459364624,1676.617,875.3121,44734.64,30.0,Palisades
2025-01-07 23:26:17.090870016,34.07400704112978,-118.59415303589158,2075.1587,977.43933,35343.72,30.0,Palisades
2025-01-07 23:26:17.090870016,34.07145843020336,-118.55640253905382,2957.364,735.33344,177853.98,30.0,Palisades
2025-01-07 23:26:17.090870016,34.042905560281234,-118.4983495521721,1174.5765,1104.7275,12781.12,30.0,Palisades
2025-01-07 23:26:17.090870016,34.050480566632984,-118.6113904539408,265.0252,,,33.0,Palisades
2025-01-07 23:26:17.090870016,34.09499226178677,-118.53919286962353,277.85226,,,33.0,Palisades
2025-01-07 23:26:17.090870016,34.045389075623206,-118.53591232702891,2749.4214,848.448,84066.74,30.0,Palisades
2025-01-07 23:26:17.090870016,34.09748567393056,-118.576825912057,318.16623,953.48694,5951.36,30.0,Palisades
2025-01-07 23:26:17.090870016,33.69670939738075,-116.97789358084975,10.512857,,4000.0,200.0,Other
2025-01-07 23:26:17.090870016,33.59905728478937,-117.73524849709987,14.369736,,4000.0,100.0,Other
2025-01-07 23:26:17.090870016,34.04793264602768,-118.57362735342862,2758.2854,811.3658,103153.48,30.0,Palisades
2025-01-07 23:31:17.090548992,34.042905560281234,-118.4983495521721,1105.3859,1072.315,13329.939,30.0,Palisades
2025-01-07 23:31:17.090548992,34.04793264602768,-118.57362735342862,2557.4675,877.8941,67419.2,30.0,Palisades
2025-01-07 23:31:17.090548992,34.09748567393056,-118.576825912057,323.3711,848.6678,9854.08,30.0,Palisades
2025-01-07 23:31:17.090548992,34.045389075623206,-118.53591232702891,2610.0308,868.6098,71992.7,30.0,Palisades
2025-01-07 23:31:17.090548992,34.07145843020336,-118.55640253905382,2918.131,733.136,178158.88,30.0,Palisades
2025-01-07 23:31:17.090548992,34.068969962321546,-118.51880459364624,1648.4185,812.90405,61077.28,30.0,Palisades
2025-01-07 23:31:17.090548992,34.07400704112978,-118.59415303589158,1989.057,1029.2446,27843.18,30.0,Palisades
2025-01-07 23:31:17.090548992,34.09499226178677,-118.53919286962353,292.91107,,,33.0,Palisades
2025-01-07 23:36:17.092028928,34.04793264602768,-118.57362735342862,2969.0112,849.93134,90042.78,30.0,Palisades
2025-01-07 23:36:17.092028928,34.07400704112978,-118.59415303589158,1824.4674,1023.5312,26074.76,30.0,Palisades
2025-01-07 23:36:17.092028928,34.09748567393056,-118.576825912057,248.48251,1090.499,4000.0,30.0,Palisades
2025-01-07 23:36:17.092028928,34.042905560281234,-118.4983495521721,1033.0083,920.0305,22354.98,30.0,Palisades
2025-01-07 23:36:17.092028928,34.07145843020336,-118.55640253905382,2761.5461,726.32385,176878.3,30.0,Palisades
2025-01-07 23:36:17.092028928,34.068969962321546,-118.51880459364624,1737.1052,827.2974,59430.82,30.0,Palisades
2025-01-07 23:36:17.092028928,34.045389075623206,-118.53591232702891,2772.6792,828.94556,94006.48,30.0,Palisades
2025-01-07 23:41:17.091696000,34.042905560281234,-118.4983495521721,1063.3577,1107.3645,11439.561,30.0,Palisades
2025-01-07 23:41:17.091696000,34.045389075623206,-118.53591232702891,2750.124,820.4852,97726.26,30.0,Palisades
2025-01-07 23:41:17.091696000,34.04793264602768,-118.57362735342862,2796.0142,810.322,105165.82,30.0,Palisades
2025-01-07 23:41:17.091696000,34.09748567393056,-118.576825912057,259.75116,786.04,11256.62,30.0,Palisades
2025-01-07 23:41:17.091696000,34.07145843020336,-118.55640253905382,2706.7107,707.8651,198099.34,30.0,Palisades
2025-01-07 23:41:17.091696000,34.07400704112978,-118.59415303589158,2115.552,941.51074,41746.62,30.0,Palisades
2025-01-07 23:41:17.091696000,34.068969962321546,-118.51880459364624,1410.9679,788.5121,60284.54,30.0,Palisades
2025-01-07 23:46:17.091363968,34.04793264602768,-118.57362735342862,2756.1243,782.68884,121996.3,30.0,Palisades
2025-01-07 23:46:17.091363968,34.045389075623206,-118.53591232702891,2679.0142,766.9769,130716.44,30.0,Palisades
2025-01-07 23:46:17.091363968,34.068969962321546,-118.51880459364624,1494.1635,745.60657,83822.82,30.0,Palisades
2025-01-07 23:46:17.091363968,34.042905560281234,-118.4983495521721,919.7924,1050.7798,11927.4,30.0,Palisades
2025-01-07 23:46:17.091363968,34.07400704112978,-118.59415303589158,2228.3132,967.8804,39429.38,30.0,Palisades
2025-01-07 23:46:17.091363968,34.09748567393056,-118.576825912057,256.11133,1081.5992,4000.0,30.0,Palisades
2025-01-07 23:46:17.091363968,34.07145843020336,-118.55640253905382,3074.6836,774.8329,142790.48,30.0,Palisades
2025-01-07 23:51:17.091041024,34.04793264602768,-118.57362735342862,2798.469,811.5856,104495.04,30.0,Palisades
2025-01-07 23:51:17.091041024,34.042905560281234,-118.4983495521721,1467.656,1013.86237,21745.18,30.0,Palisades
2025-01-07 23:51:17.091041024,34.045389075623206,-118.53591232702891,3007.8892,813.06885,111385.78,30.0,Palisades
2025-01-07 23:51:17.091041024,34.07400704112978,-118.59415303589158,1616.6038,843.284,50771.66,30.0,Palisades
2025-01-07 23:51:17.091041024,34.09748567393056,-118.576825912057,392.1911,1185.1,4000.0,30.0,Palisades
2025-01-07 23:51:17.091041024,34.07145843020336,-118.55640253905382,2906.836,747.2547,161206.44,30.0,Palisades
2025-01-07 23:51:17.091041024,34.068969962321546,-118.51880459364624,1972.0873,792.13794,82481.26,30.0,Palisades
2025-01-07 23:51:17.091041024,34.169339224924244,-117.43261426678546,33.719887,,4000.0,200.0,Other
2025-01-07 23:56:17.090715008,34.07400704112978,-118.59415303589158,3578.9465,903.43964,83578.9,30.0,Palisades
2025-01-07 23:56:17.090715008,34.07145843020336,-118.55640253905382,4064.9868,787.1387,175170.86,30.0,Palisades
2025-01-07 23:56:17.090715008,34.09748567393056,-118.576825912057,274.2658,1213.2275,4000.0,30.0,Palisades
2025-01-07 23:56:17.090715008,34.050480566632984,-118.6113904539408,1163.5897,1246.9037,8512.52,30.0,Palisades
2025-01-07 23:56:17.090715008,34.045389075623206,-118.53591232702891,3028.582,809.0585,114739.68,30.0,Palisades
2025-01-07 23:56:17.090715008,34.042905560281234,-118.4983495521721,1033.5511,938.04974,20708.52,30.0,Palisades
2025-01-07 23:56:17.090715008,34.068969962321546,-118.51880459364624,2303.1902,852.2936,69004.68,30.0,Palisades
2025-01-08 00:01:17.092183936,34.07145843020336,-118.55640253905382,3152.7341,730.38916,196208.95,30.0,Palisades
2025-01-08 00:01:17.092183936,34.068969962321546,-118.51880459364624,2064.0115,812.40955,76749.14,30.0,Palisades
2025-01-08 00:01:17.092183936,34.045389075623206,-118.53591232702891,3578.4111,798.6205,144010.08,30.0,Palisades
2025-01-08 00:01:17.092183936,34.04793264602768,-118.57362735342862,4109.0996,683.0337,363903.97,30.0,Palisades
2025-01-08 00:01:17.092183936,34.07400704112978,-118.59415303589158,4016.0803,960.7935,73090.336,30.0,Palisades
2025-01-08 00:01:17.092183936,34.09748567393056,-118.576825912057,409.0843,2612.6843,4000.0,30.0,Palisades
2025-01-08 00:01:17.092183936,34.042905560281234,-118.4983495521721,1561.0493,1048.3625,20464.6,30.0,Palisades
2025-01-08 00:06:17.091851904,34.042905560281234,-118.4983495521721,1455.0751,864.81915,40892.9,30.0,Palisades
2025-01-08 00:06:17.091851904,34.04793264602768,-118.57362735342862,4241.001,729.94965,264811.44,30.0,Palisades
2025-01-08 00:06:17.091851904,34.045389075623206,-118.53591232702891,3041.0068,800.26855,121203.56,30.0,Palisades
2025-01-08 00:06:17.091851904,34.07145843020336,-118.55640253905382,4117.4014,784.22705,180598.08,30.0,Palisades
2025-01-08 00:06:17.091851904,34.07400704112978,-118.59415303589158,3130.599,904.20874,72846.42,30.0,Palisades
2025-01-08 00:06:17.091851904,34.068969962321546,-118.51880459364624,3099.6377,858.7761,89859.836,30.0,Palisades
2025-01-08 00:11:17.091528064,34.09748567393056,-118.576825912057,262.2331,2298.062,4000.0,30.0,Palisades
2025-01-08 00:11:17.091528064,34.07400704112978,-118.59415303589158,3486.3865,940.2472,69187.625,30.0,Palisades
2025-01-08 00:11:17.091528064,34.068969962321546,-118.51880459364624,2266.123,842.45996,71443.88,30.0,Palisades
2025-01-08 00:11:17.091528064,34.045389075623206,-118.53591232702891,2993.0598,798.12604,120776.695,30.0,Palisades
2025-01-08 00:11:17.091528064,34.042905560281234,-118.4983495521721,1151.4763,828.506,39124.48,30.0,Palisades
2025-01-08 00:11:17.091528064,34.050480566632984,-118.6113904539408,1543.4761,1071.3262,18696.18,30.0,Palisades
2025-01-08 00:11:17.091528064,34.07145843020336,-118.55640253905382,3736.3706,817.13416,135228.95,30.0,Palisades
2025-01-08 00:16:17.091200000,34.042905560281234,-118.4983495521721,913.31055,840.2075,29123.76,30.0,Palisades
2025-01-08 00:16:17.091200000,34.068969962321546,-118.51880459364624,1959.4597,822.84753,68699.78,30.0,Palisades
2025-01-08 00:16:17.091200000,34.050480566632984,-118.6113904539408,1800.1881,1104.4529,19610.879,30.0,Palisades
2025-01-08 00:16:17.091200000,34.045389075623206,-118.53591232702891,2820.686,820.5402,100165.46,30.0,Palisades
2025-01-08 00:16:17.091200000,34.07400704112978,-118.59415303589158,3108.4473,866.13763,86810.836,30.0,Palisades
2025-01-08 00:16:17.091200000,34.07145843020336,-118.55640253905382,3264.127,759.6155,166999.53,30.0,Palisades
2025-01-08 00:21:17.090864000,34.07400704112978,-118.59415303589158,2197.4023,822.9574,76993.06,30.0,Palisades
2025-01-08 00:21:17.090864000,34.07145843020336,-118.55640253905382,2933.1125,746.101,163950.53,30.0,Palisades
2025-01-08 00:21:17.090864000,34.068969962321546,-118.51880459364624,2275.019,805.48755,87969.46,30.0,Palisades
2025-01-08 00:21:17.090864000,34.050480566632984,-118.6113904539408,1948.1462,1348.4268,11195.641,30.0,Palisades
2025-01-08 00:21:17.090864000,34.042905560281234,-118.4983495521721,1054.1039,799.1698,42295.44,30.0,Palisades
2025-01-08 00:21:17.090864000,34.045389075623206,-118.53591232702891,2448.48,770.54785,116813.0,30.0,Palisades
2025-01-08 00:26:17.090535040,34.045389075623206,-118.53591232702891,2485.644,776.31616,114373.8,30.0,Palisades
2025-01-08 00:26:17.090535040,34.07400704112978,-118.59415303589158,2261.4246,817.244,81810.48,30.0,Palisades
2025-01-08 00:26:17.090535040,34.07145843020336,-118.55640253905382,3142.37,741.6511,180963.95,30.0,Palisades
2025-01-08 00:26:17.090535040,34.068969962321546,-118.51880459364624,2474.6785,814.0577,91140.42,30.0,Palisades
2025-01-08 00:26:17.090535040,34.050480566632984,-118.6113904539408,1680.6194,1313.2672,10463.88,30.0,Palisades
2025-01-08 00:26:17.090535040,34.042905560281234,-118.4983495521721,947.9966,773.1299,44490.72,30.0,Palisades
2025-01-08 00:31:17.092013952,34.09748567393056,-118.576825912057,311.83157,1049.5162,4060.98,30.0,Palisades
2025-01-08 00:31:17.092013952,34.09499226178677,-118.53919286962353,341.87726,2451.1155,4000.0,30.0,Palisades
2025-01-08 00:31:17.092013952,34.04793264602768,-118.57362735342862,4017.948,692.3729,330730.84,30.0,Palisades
2025-01-08 00:31:17.092013952,34.07400704112978,-118.59415303589158,1765.4275,709.0737,128094.3,30.0,Palisades
2025-01-08 00:31:17.092013952,34.045389075623206,-118.53591232702891,2682.8247,755.05566,141387.94,30.0,Palisades
2025-01-08 00:31:17.092013952,34.042905560281234,-118.4983495521721,1365.6099,900.2533,32355.7,30.0,Palisades
2025-01-08 00:31:17.092013952,34.07145843020336,-118.55640253905382,2316.241,681.5504,207551.23,30.0,Palisades
2025-01-08 00:31:17.092013952,34.07656001637729,-118.63195172314548,429.24176,,,33.0,Palisades
2025-01-08 00:31:17.092013952,34.050480566632984,-118.6113904539408,1411.892,884.2118,36075.48,30.0,Palisades
2025-01-08 00:31:17.092013952,34.068969962321546,-118.51880459364624,1994.3528,747.58435,110410.1,30.0,Palisades
2025-01-08 00:36:17.091683072,34.042905560281234,-118.4983495521721,1088.4602,853.39233,32416.68,30.0,Palisades
2025-01-08 00:36:17.091683072,34.050480566632984,-118.6113904539408,887.1473,804.33386,34550.98,30.0,Palisades
2025-01-08 00:36:17.091683072,34.09499226178677,-118.53919286962353,288.57922,,,33.0,Palisades
2025-01-08 00:36:17.091683072,34.09748567393056,-118.576825912057,320.6544,1461.3765,4000.0,30.0,Palisades
2025-01-08 00:36:17.091683072,34.045389075623206,-118.53591232702891,2668.4116,754.7261,140900.1,30.0,Palisades
2025-01-08 00:36:17.091683072,34.068969962321546,-118.51880459364624,1695.2556,705.8324,125960.0,30.0,Palisades
2025-01-08 00:36:17.091683072,34.07400704112978,-118.59415303589158,1678.0,731.6527,103519.36,30.0,Palisades
2025-01-08 00:36:17.091683072,34.07656001637729,-118.63195172314548,295.8817,,,33.0,Palisades
2025-01-08 00:36:17.091683072,34.07145843020336,-118.55640253905382,2429.8762,713.9631,170048.53,30.0,Palisades
2025-01-08 00:36:17.091683072,34.04793264602768,-118.57362735342862,3778.922,724.95044,244383.16,30.0,Palisades
2025-01-08 00:41:17.091348992,34.07400704112978,-118.59415303589158,1898.4786,736.32227,113398.12,30.0,Palisades
2025-01-08 00:41:17.091348992,34.04793264602768,-118.57362735342862,3222.0127,683.0886,285300.75,30.0,Palisades
2025-01-08 00:41:17.091348992,34.045389075623206,-118.53591232702891,2447.4473,748.0238,135107.0,30.0,Palisades
2025-01-08 00:41:17.091348992,34.042905560281234,-118.4983495521721,1179.4878,1039.5178,15952.08,30.0,Palisades
2025-01-08 00:41:17.091348992,34.09748567393056,-118.576825912057,325.86588,961.23303,5951.36,30.0,Palisades
2025-01-08 00:41:17.091348992,34.07656001637729,-118.63195172314548,385.52322,,,33.0,Palisades
2025-01-08 00:41:17.091348992,34.09499226178677,-118.53919286962353,304.72864,931.45734,6256.26,30.0,Palisades
2025-01-08 00:41:17.091348992,34.050480566632984,-118.6113904539408,842.81744,893.7158,20586.56,30.0,Palisades
2025-01-08 00:41:17.091348992,34.068969962321546,-118.51880459364624,1900.1493,701.54736,145839.48,30.0,Palisades
2025-01-08 00:41:17.091348992,34.07145843020336,-118.55640253905382,2761.3772,736.3772,164865.23,30.0,Palisades
2025-01-08 00:46:17.091024000,34.042905560281234,-118.4983495521721,1029.1449,860.6989,29550.62,30.0,Palisades
2025-01-08 00:46:17.091024000,34.07145843020336,-118.55640253905382,2709.1682,721.26965,179866.31,30.0,Palisades
2025-01-08 00:46:17.091024000,34.045389075623206,-118.53591232702891,2115.2727,725.66455,136082.67,30.0,Palisades
2025-01-08 00:46:17.091024000,34.07400704112978,-118.59415303589158,1622.695,810.322,61016.3,30.0,Palisades
2025-01-08 00:46:17.091024000,34.050480566632984,-118.6113904539408,867.74176,860.644,24916.14,30.0,Palisades
2025-01-08 00:46:17.091024000,34.04793264602768,-118.57362735342862,3092.2424,676.9907,287557.0,30.0,Palisades
2025-01-08 00:46:17.091024000,34.068969962321546,-118.51880459364624,2003.604,732.64154,122789.04,30.0,Palisades
2025-01-08 00:51:17.090702080,34.07145843020336,-118.55640253905382,2353.6682,716.7099,161389.38,30.0,Palisades
2025-01-08 00:51:17.090702080,34.07400704112978,-118.59415303589158,1790.263,752.0891,96140.78,30.0,Palisades
2025-01-08 00:51:17.090702080,34.068969962321546,-118.51880459364624,2465.9375,790.5448,104129.16,30.0,Palisades
2025-01-08 00:51:17.090702080,34.050480566632984,-118.6113904539408,681.785,752.6385,36502.34,30.0,Palisades
2025-01-08 00:51:17.090702080,34.04793264602768,-118.57362735342862,2482.6667,666.93726,250725.08,30.0,Palisades
2025-01-08 00:51:17.090702080,34.045389075623206,-118.53591232702891,1843.066,731.6527,113703.016,30.0,Palisades
2025-01-08 00:51:17.090702080,34.09499226178677,-118.53919286962353,247.55878,882.01434,6378.2197,30.0,Palisades
2025-01-08 00:51:17.090702080,34.042905560281234,-118.4983495521721,1064.0806,907.61487,24367.32,30.0,Palisades
2025-01-08 00:56:17.092174976,34.068969962321546,-118.51880459364624,3016.1133,754.67114,159316.06,30.0,Palisades
2025-01-08 00:56:17.092174976,34.042905560281234,-118.4983495521721,1348.6824,836.6916,43880.918,30.0,Palisades
2025-01-08 00:56:17.092174976,34.045389075623206,-118.53591232702891,2159.4001,727.0929,137546.2,30.0,Palisades
2025-01-08 00:56:17.092174976,34.04793264602768,-118.57362735342862,2248.6562,683.8578,197855.42,30.0,Palisades
2025-01-08 00:56:17.092174976,34.050480566632984,-118.6113904539408,556.39954,739.124,32599.62,30.0,Palisades
2025-01-08 00:56:17.092174976,34.07145843020336,-118.55640253905382,3198.0005,822.35315,112483.42,30.0,Palisades
2025-01-08 00:56:17.092174976,34.07400704112978,-118.59415303589158,1733.3254,777.9643,78944.42,30.0,Palisades
2025-01-08 00:56:17.092174976,34.07656001637729,-118.63195172314548,252.13719,,,33.0,Palisades
2025-01-08 01:01:17.091849984,34.07145843020336,-118.55640253905382,2275.7207,719.34686,153157.08,30.0,Palisades
2025-01-08 01:01:17.091849984,34.09499226178677,-118.53919286962353,349.52054,1791.0514,4000.0,30.0,Palisades
2025-01-08 01:01:17.091849984,34.07400704112978,-118.59415303589158,1461.4109,755.3853,76810.12,30.0,Palisades
2025-01-08 01:01:17.091849984,34.050480566632984,-118.6113904539408,481.0685,900.52795,11378.58,30.0,Palisades
2025-01-08 01:01:17.091849984,34.09748567393056,-118.576825912057,273.39334,1148.9517,4000.0,30.0,Palisades
2025-01-08 01:01:17.091849984,34.04793264602768,-118.57362735342862,2686.3762,747.6393,148644.56,30.0,Palisades
2025-01-08 01:01:17.091849984,34.068969962321546,-118.51880459364624,2898.5237,842.405,91445.32,30.0,Palisades
2025-01-08 01:01:17.091849984,34.045389075623206,-118.53591232702891,2188.1833,750.44104,118825.336,30.0,Palisades
2025-01-08 01:01:17.091849984,34.042905560281234,-118.4983495521721,1795.293,956.01404,33331.38,30.0,Palisades
2025-01-08 01:06:17.091532032,34.04793264602768,-118.57362735342862,2019.3262,656.1697,223467.02,30.0,Palisades
2025-01-08 01:06:17.091532032,34.042905560281234,-118.4983495521721,1045.1848,754.0119,55467.12,30.0,Palisades
2025-01-08 01:06:17.091532032,34.045389075623206,-118.53591232702891,1880.0524,721.3795,124679.42,30.0,Palisades
2025-01-08 01:06:17.091532032,34.050480566632984,-118.6113904539408,426.94772,685.12134,37173.12,30.0,Palisades
2025-01-08 01:06:17.091532032,34.066429700418006,-118.48112767526477,264.4607,870.8622,7231.94,30.0,Palisades
2025-01-08 01:06:17.091532032,34.068969962321546,-118.51880459364624,2835.8857,788.2374,121386.5,30.0,Palisades
2025-01-08 01:06:17.091532032,34.07145843020336,-118.55640253905382,3026.832,809.93744,114129.88,30.0,Palisades
2025-01-08 01:06:17.091532032,34.07400704112978,-118.59415303589158,1490.1393,725.17017,96201.76,30.0,Palisades
2025-01-08 01:11:17.091209088,34.042905560281234,-118.4983495521721,2560.2795,960.0244,46746.98,30.0,Palisades
2025-01-08 01:11:17.091209088,34.045389075623206,-118.53591232702891,2530.95,817.13416,91628.26,30.0,Palisades
2025-01-08 01:11:17.091209088,34.04793264602768,-118.57362735342862,1956.9546,699.40485,152608.27,30.0,Palisades
2025-01-08 01:11:17.091209088,34.050480566632984,-118.6113904539408,381.87854,729.2355,23940.459,30.0,Palisades
2025-01-08 01:11:17.091209088,34.07145843020336,-118.55640253905382,2306.0732,728.9608,144924.78,30.0,Palisades
2025-01-08 01:11:17.091209088,34.07400704112978,-118.59415303589158,1077.1981,680.67145,97238.42,30.0,Palisades
2025-01-08 01:11:17.091209088,34.09499226178677,-118.53919286962353,365.71155,1061.7122,4548.82,30.0,Palisades
2025-01-08 01:11:17.091209088,34.09748567393056,-118.576825912057,299.87433,903.87915,6988.02,30.0,Palisades
2025-01-08 01:11:17.091209088,34.068969962321546,-118.51880459364624,2732.2842,765.5486,134558.19,30.0,Palisades
2025-01-08 01:16:17.090884992,34.07400704112978,-118.59415303589158,1236.9436,739.67346,72236.62,30.0,Palisades
2025-01-08 01:16:17.090884992,34.07145843020336,-118.55640253905382,2602.1904,785.3258,113337.14,30.0,Palisades
2025-01-08 01:16:17.090884992,34.068969962321546,-118.51880459364624,2834.8894,736.597,169011.88,30.0,Palisades
2025-01-08 01:16:17.090884992,34.04793264602768,-118.57362735342862,1879.035,691.3841,155840.2,30.0,Palisades
2025-01-08 01:16:17.090884992,34.045389075623206,-118.53591232702891,2141.0693,705.9423,158950.17,30.0,Palisades
2025-01-08 01:16:17.090884992,34.042905560281234,-118.4983495521721,1526.0209,776.3711,70224.28,30.0,Palisades
2025-01-08 01:16:17.090884992,34.050480566632984,-118.6113904539408,314.06372,645.51196,38148.8,30.0,Palisades
2025-01-08 01:21:17.090569984,34.09499226178677,-118.53919286962353,495.69174,959.2553,9061.34,30.0,Palisades
2025-01-08 01:21:17.090569984,34.042905560281234,-118.4983495521721,2138.0132,913.65784,47661.68,30.0,Palisades
2025-01-08 01:21:17.090569984,34.045389075623206,-118.53591232702891,1984.4664,750.9354,107422.08,30.0,Palisades
2025-01-08 01:21:17.090569984,34.09748567393056,-118.576825912057,360.78583,872.785,9732.12,30.0,Palisades
2025-01-08 01:21:17.090569984,34.050480566632984,-118.6113904539408,263.0826,657.32336,28818.86,30.0,Palisades
2025-01-08 01:21:17.090569984,34.04793264602768,-118.57362735342862,1692.0723,715.3365,117239.86,30.0,Palisades
2025-01-08 01:21:17.090569984,34.068969962321546,-118.51880459364624,2864.7307,759.0111,147120.06,30.0,Palisades
2025-01-08 01:21:17.090569984,34.07145843020336,-118.55640253905382,2168.0369,691.7687,179317.5,30.0,Palisades
2025-01-08 01:21:17.090569984,34.07400704112978,-118.59415303589158,1086.7755,717.3142,74187.98,30.0,Palisades
2025-01-08 01:26:17.092057984,34.04793264602768,-118.57362735342862,1710.2472,674.2439,162608.98,30.0,Palisades
2025-01-08 01:26:17.092057984,34.07400704112978,-118.59415303589158,1007.898,736.70685,60040.62,30.0,Palisades
2025-01-08 01:26:17.092057984,34.042905560281234,-118.4983495521721,1980.7184,820.97974,70163.3,30.0,Palisades
2025-01-08 01:26:17.092057984,34.068969962321546,-118.51880459364624,3302.6082,726.7633,210844.16,30.0,Palisades
2025-01-08 01:26:17.092057984,34.07145843020336,-118.55640253905382,2546.8372,710.44714,182854.34,30.0,Palisades
2025-01-08 01:26:17.092057984,34.09748567393056,-118.576825912057,304.98996,978.4282,5158.62,30.0,Palisades
2025-01-08 01:26:17.092057984,34.045389075623206,-118.53591232702891,1907.6931,709.5681,137851.1,30.0,Palisades
2025-01-08 01:26:17.092057984,34.066429700418006,-118.48112767526477,390.92438,,,33.0,Palisades
2025-01-08 01:26:17.092057984,34.09499226178677,-118.53919286962353,371.62485,1014.8512,5463.52,30.0,Palisades
2025-01-08 01:26:17.092057984,34.050480566632984,-118.6113904539408,266.76102,621.5596,40466.04,30.0,Palisades
2025-01-08 01:31:17.091740032,34.04793264602768,-118.57362735342862,1360.7523,667.2669,137058.36,30.0,Palisades
2025-01-08 01:31:17.091740032,34.07145843020336,-118.55640253905382,2883.6755,746.21094,161084.48,30.0,Palisades
2025-01-08 01:31:17.091740032,34.066429700418006,-118.48112767526477,506.89548,1030.3983,7049.0,30.0,Palisades
2025-01-08 01:31:17.091740032,34.050480566632984,-118.6113904539408,260.40323,615.9011,41685.64,30.0,Palisades
2025-01-08 01:31:17.091740032,34.068969962321546,-118.51880459364624,3924.151,745.6615,219991.16,30.0,Palisades
2025-01-08 01:31:17.091740032,34.045389075623206,-118.53591232702891,1622.084,715.17163,112483.42,30.0,Palisades
2025-01-08 01:31:17.091740032,34.07400704112978,-118.59415303589158,1094.2749,702.53625,83334.98,30.0,Palisades
2025-01-08 01:31:17.091740032,34.09499226178677,-118.53919286962353,335.76834,799.3896,13451.9,30.0,Palisades
2025-01-08 01:31:17.091740032,34.09748567393056,-118.576825912057,298.75482,779.6124,13451.9,30.0,Palisades
2025-01-08 01:31:17.091740032,34.042905560281234,-118.4983495521721,1262.652,747.52936,69919.38,30.0,Palisades
2025-01-08 01:36:17.091429888,34.050480566632984,-118.6113904539408,281.1402,674.9031,26562.6,30.0,Palisades
2025-01-08 01:36:17.091429888,34.042905560281234,-118.4983495521721,2165.638,895.4738,52479.1,30.0,Palisades
2025-01-08 01:36:17.091429888,34.045389075623206,-118.53591232702891,2045.3378,743.90356,116020.26,30.0,Palisades
2025-01-08 01:36:17.091429888,34.04793264602768,-118.57362735342862,1380.9001,653.0383,156998.81,30.0,Palisades
2025-01-08 01:36:17.091429888,34.07145843020336,-118.55640253905382,2911.0818,725.49976,187549.8,30.0,Palisades
2025-01-08 01:36:17.091429888,34.09748567393056,-118.576825912057,343.66306,862.0174,9793.1,30.0,Palisades
2025-01-08 01:36:17.091429888,34.07400704112978,-118.59415303589158,1199.2786,783.1283,52905.96,30.0,Palisades
2025-01-08 01:36:17.091429888,34.066429700418006,-118.48112767526477,616.3716,,,33.0,Palisades
2025-01-08 01:36:17.091429888,34.068969962321546,-118.51880459364624,3169.425,685.28613,275787.84,30.0,Palisades
2025-01-08 01:36:17.091429888,34.09499226178677,-118.53919286962353,459.51562,818.61743,16500.9,30.0,Palisades
2025-01-08 01:41:17.091117952,34.04037031243834,-118.46070789270678,302.52283,1003.97375,4670.78,30.0,Palisades
2025-01-08 01:41:17.091117952,34.09748567393056,-118.576825912057,497.63934,969.96796,8756.439,30.0,Palisades
2025-01-08 01:41:17.091117952,34.09499226178677,-118.53919286962353,801.36914,1177.1891,7049.0,30.0,Palisades
2025-01-08 01:41:17.091117952,34.07400704112978,-118.59415303589158,945.3907,685.5608,82054.4,30.0,Palisades
2025-01-08 01:41:17.091117952,34.07145843020336,-118.55640253905382,2582.8296,717.8636,175658.7,30.0,Palisades
2025-01-08 01:41:17.091117952,34.042905560281234,-118.4983495521721,2168.4087,860.9187,62174.918,30.0,Palisades
2025-01-08 01:41:17.091117952,34.045389075623206,-118.53591232702891,2005.7329,757.6377,103946.22,30.0,Palisades
2025-01-08 01:41:17.091117952,34.04793264602768,-118.57362735342862,1537.8015,682.1547,137180.31,30.0,Palisades
2025-01-08 01:41:17.091117952,34.050480566632984,-118.6113904539408,286.15305,622.933,42844.258,30.0,Palisades
2025-01-08 01:41:17.091117952,34.066429700418006,-118.48112767526477,455.6455,1216.0293,4000.0,30.0,Palisades
2025-01-08 01:41:17.091117952,34.068969962321546,-118.51880459364624,3782.972,774.77795,175780.66,30.0,Palisades
2025-01-08 01:46:17.090803072,34.045389075623206,-118.53591232702891,2408.1235,805.87213,92908.836,30.0,Palisades
2025-01-08 01:46:17.090803072,34.04793264602768,-118.57362735342862,1461.2834,658.03754,159133.12,30.0,Palisades
2025-01-08 01:46:17.090803072,34.07145843020336,-118.55640253905382,3609.6416,762.1425,181634.73,30.0,Palisades
2025-01-08 01:46:17.090803072,34.042905560281234,-118.4983495521721,2956.3638,833.88983,97604.3,30.0,Palisades
2025-01-08 01:46:17.090803072,34.066429700418006,-118.48112767526477,344.48392,904.923,7963.7,30.0,Palisades
2025-01-08 01:46:17.090803072,34.07400704112978,-118.59415303589158,963.1106,729.40027,60345.52,30.0,Palisades
2025-01-08 01:46:17.090803072,34.09499226178677,-118.53919286962353,439.16028,926.2933,9244.279,30.0,Palisades
2025-01-08 01:46:17.090803072,34.09748567393056,-118.576825912057,416.58865,941.0163,8268.6,30.0,Palisades
2025-01-08 01:46:17.090803072,34.068969962321546,-118.51880459364624,3901.03,733.24585,238041.23,30.0,Palisades
2025-01-08 01:46:17.090803072,34.050480566632984,-118.6113904539408,368.75726,674.134,35099.797,30.0,Palisades
2025-01-08 01:51:17.090497024,34.050480566632984,-118.6113904539408,337.85147,627.9872,48210.5,30.0,Palisades
2025-01-08 01:51:17.090497024,34.04037031243834,-118.46070789270678,420.0244,1237.894,4000.0,30.0,Palisades
2025-01-08 01:51:17.090497024,34.042905560281234,-118.4983495521721,2459.7798,836.307,80164.016,30.0,Palisades
2025-01-08 01:51:17.090497024,34.045389075623206,-118.53591232702891,2381.2258,763.461,118825.336,30.0,Palisades
2025-01-08 01:51:17.090497024,34.04793264602768,-118.57362735342862,1684.6606,715.17163,116873.98,30.0,Palisades
2025-01-08 01:51:17.090497024,34.068969962321546,-118.51880459364624,3492.3894,725.17017,225418.38,30.0,Palisades
2025-01-08 01:51:17.090497024,34.07400704112978,-118.59415303589158,1026.6049,730.11444,64004.32,30.0,Palisades
2025-01-08 01:51:17.090497024,34.09499226178677,-118.53919286962353,530.0926,1146.5894,5097.64,30.0,Palisades
2025-01-08 01:51:17.090497024,34.07145843020336,-118.55640253905382,2739.3816,746.43066,152791.2,30.0,Palisades
2025-01-08 01:51:17.090497024,34.09748567393056,-118.576825912057,402.02585,1041.99,5402.54,30.0,Palisades
2025-01-08 01:56:17.091992064,34.068969962321546,-118.51880459364624,2959.0767,689.73596,248590.78,30.0,Palisades
2025-01-08 01:56:17.091992064,34.07400704112978,-118.59415303589158,1450.6199,796.3131,59186.9,30.0,Palisades
2025-01-08 01:56:17.091992064,34.09499226178677,-118.53919286962353,313.66156,771.5917,14854.439,30.0,Palisades
2025-01-08 01:56:17.091992064,34.07145843020336,-118.55640253905382,2638.843,752.0342,141814.8,30.0,Palisades
2025-01-08 01:56:17.091992064,34.050480566632984,-118.6113904539408,407.51102,692.2081,33575.297,30.0,Palisades
2025-01-08 01:56:17.091992064,34.066429700418006,-118.48112767526477,506.3243,,,33.0,Palisades
2025-01-08 01:56:17.091992064,34.04793264602768,-118.57362735342862,1586.835,687.26385,135960.72,30.0,Palisades
2025-01-08 01:56:17.091992064,34.045389075623206,-118.53591232702891,1884.9735,688.5274,159864.88,30.0,Palisades
2025-01-08 01:56:17.091992064,34.042905560281234,-118.4983495521721,1673.7651,768.1306,81078.72,30.0,Palisades
2025-01-08 01:56:17.091992064,34.09748567393056,-118.576825912057,297.80316,859.9298,8573.5,30.0,Palisades
2025-01-08 02:01:17.091683072,34.050480566632984,-118.6113904539408,863.0902,763.13135,43149.16,30.0,Palisades
2025-01-08 02:01:17.091683072,34.068969962321546,-118.51880459364624,2554.7615,695.50433,205234.0,30.0,Palisades
2025-01-08 02:01:17.091683072,34.045389075623206,-118.53591232702891,2386.6775,760.82404,121142.58,30.0,Palisades
2025-01-08 02:01:17.091683072,34.04793264602768,-118.57362735342862,2948.2776,777.7445,134497.19,30.0,Palisades
2025-01-08 02:01:17.091683072,34.066429700418006,-118.48112767526477,311.07544,1039.7375,4182.94,30.0,Palisades
2025-01-08 02:01:17.091683072,34.07400704112978,-118.59415303589158,1470.8925,773.62427,68821.734,30.0,Palisades
2025-01-08 02:01:17.091683072,34.07145843020336,-118.55640253905382,2702.6475,765.0542,133460.53,30.0,Palisades
2025-01-08 02:01:17.091683072,34.09499226178677,-118.53919286962353,302.86523,995.953,4792.74,30.0,Palisades
2025-01-08 02:01:17.091683072,34.042905560281234,-118.4983495521721,1754.1072,749.1775,96079.8,30.0,Palisades
2025-01-08 02:01:17.091683072,34.09748567393056,-118.576825912057,304.98187,918.87683,6622.1396,30.0,Palisades
2025-01-08 02:01:17.091683072,34.07656001637729,-118.63195172314548,279.20596,,,33.0,Palisades
2025-01-08 02:06:17.091382016,34.068969962321546,-118.51880459364624,2563.8523,738.1901,151205.72,30.0,Palisades
2025-01-08 02:06:17.091382016,34.07145843020336,-118.55640253905382,2780.437,722.3135,183220.22,30.0,Palisades
2025-01-08 02:06:17.091382016,34.07656001637729,-118.63195172314548,622.26196,1738.8616,4000.0,30.0,Palisades
2025-01-08 02:06:17.091382016,34.09748567393056,-118.576825912057,290.121,827.2974,9915.061,30.0,Palisades
2025-01-08 02:06:17.091382016,34.050480566632984,-118.6113904539408,1844.3087,896.188,44551.7,30.0,Palisades
2025-01-08 02:06:17.091382016,34.045389075623206,-118.53591232702891,2525.4697,783.67773,111141.86,30.0,Palisades
2025-01-08 02:06:17.091382016,34.042905560281234,-118.4983495521721,1690.5126,741.92584,97238.42,30.0,Palisades
2025-01-08 02:06:17.091382016,34.07400704112978,-118.59415303589158,2616.1292,864.105,73822.1,30.0,Palisades
2025-01-08 02:11:17.091080960,34.10003931690432,-118.6146118054029,262.3438,1106.4856,4000.0,30.0,Palisades
2025-01-08 02:11:17.091080960,34.09748567393056,-118.576825912057,380.68802,865.03894,10707.8,30.0,Palisades
2025-01-08 02:11:17.091080960,34.09499226178677,-118.53919286962353,425.44876,869.324,11683.48,30.0,Palisades
2025-01-08 02:11:17.091080960,34.07400704112978,-118.59415303589158,2659.3706,815.0465,97421.36,30.0,Palisades
2025-01-08 02:11:17.091080960,34.068969962321546,-118.51880459364624,2751.1416,743.6289,156328.03,30.0,Palisades
2025-01-08 02:11:17.091080960,34.042905560281234,-118.4983495521721,1410.8804,767.85596,68455.86,30.0,Palisades
2025-01-08 02:11:17.091080960,34.066429700418006,-118.48112767526477,287.14478,1206.9647,4000.0,30.0,Palisades
2025-01-08 02:11:17.091080960,34.07656001637729,-118.63195172314548,828.47394,1575.3151,4000.0,30.0,Palisades
2025-01-08 02:11:17.091080960,34.045389075623206,-118.53591232702891,2181.7188,744.5078,123276.88,30.0,Palisades
2025-01-08 02:11:17.091080960,34.07145843020336,-118.55640253905382,2513.6296,715.3365,174134.2,30.0,Palisades
2025-01-08 02:11:17.091080960,34.04793264602768,-118.57362735342862,4210.697,754.50635,222613.3,30.0,Palisades
2025-01-08 02:11:17.091080960,34.050480566632984,-118.6113904539408,2355.1494,882.01434,60833.36,30.0,Palisades
2025-01-08 02:16:17.090774016,34.04793264602768,-118.57362735342862,3933.1868,746.43066,219320.38,30.0,Palisades
2025-01-08 02:16:17.090774016,34.07145843020336,-118.55640253905382,3836.9756,824.22095,133521.52,30.0,Palisades
2025-01-08 02:16:17.090774016,34.068969962321546,-118.51880459364624,3686.5544,764.6147,182610.42,30.0,Palisades
2025-01-08 02:16:17.090774016,34.066429700418006,-118.48112767526477,431.64804,838.72424,13878.76,30.0,Palisades
2025-01-08 02:16:17.090774016,34.050480566632984,-118.6113904539408,2664.8655,892.83685,65406.86,30.0,Palisades
2025-01-08 02:16:17.090774016,34.07400704112978,-118.59415303589158,2971.7703,823.56177,103824.26,30.0,Palisades
2025-01-08 02:16:17.090774016,34.045389075623206,-118.53591232702891,2346.9219,760.7142,119191.22,30.0,Palisades
2025-01-08 02:16:17.090774016,34.09748567393056,-118.576825912057,461.87112,797.9063,18635.2,30.0,Palisades
2025-01-08 02:16:17.090774016,34.09499226178677,-118.53919286962353,452.54205,807.6301,17293.64,30.0,Palisades
2025-01-08 02:16:17.090774016,34.042905560281234,-118.4983495521721,1389.1761,702.4813,105836.6,30.0,Palisades
2025-01-08 02:21:17.092275072,34.068969962321546,-118.51880459364624,3561.605,738.5198,209563.58,30.0,Palisades
2025-01-08 02:21:17.092275072,34.066429700418006,-118.48112767526477,530.6662,1417.0425,4000.0,30.0,Palisades
2025-01-08 02:21:17.092275072,34.04793264602768,-118.57362735342862,4250.226,802.521,167182.48,30.0,Palisades
2025-01-08 02:21:17.092275072,34.045389075623206,-118.53591232702891,2355.717,771.86633,111507.74,30.0,Palisades
2025-01-08 02:21:17.092275072,34.042905560281234,-118.4983495521721,2028.0829,835.9225,66260.58,30.0,Palisades
2025-01-08 02:21:17.092275072,34.050480566632984,-118.6113904539408,2795.9683,892.0128,68882.72,30.0,Palisades
2025-01-08 02:21:17.092275072,34.07145843020336,-118.55640253905382,3058.954,742.3104,175414.78,30.0,Palisades
2025-01-08 02:21:17.092275072,34.07656001637729,-118.63195172314548,939.5097,1898.3977,4000.0,30.0,Palisades
2025-01-08 02:21:17.092275072,34.09499226178677,-118.53919286962353,711.8644,874.5979,19062.059,30.0,Palisades
2025-01-08 02:21:17.092275072,34.09748567393056,-118.576825912057,607.6417,881.24524,15769.14,30.0,Palisades
2025-01-08 02:21:17.092275072,34.10003931690432,-118.6146118054029,253.0918,912.669,5646.46,30.0,Palisades
2025-01-08 02:21:17.092275072,34.07400704112978,-118.59415303589158,2411.862,814.27747,88701.22,30.0,Palisades
2025-01-08 02:21:17.092275072,34.04037031243834,-118.46070789270678,321.69604,965.51807,5768.42,30.0,Palisades
2025-01-08 02:26:17.091981056,34.07400704112978,-118.59415303589158,2711.3005,829.3301,91750.22,30.0,Palisades
2025-01-08 02:26:17.091981056,34.04037031243834,-118.46070789270678,290.09958,1057.0425,4000.0,30.0,Palisades
2025-01-08 02:26:17.091981056,34.045389075623206,-118.53591232702891,2755.582,776.6458,126569.8,30.0,Palisades
2025-01-08 02:26:17.091981056,34.04793264602768,-118.57362735342862,4067.5984,782.4142,180354.16,30.0,Palisades
2025-01-08 02:26:17.091981056,34.07656001637729,-118.63195172314548,772.7276,2365.744,4000.0,30.0,Palisades
2025-01-08 02:26:17.091981056,34.042905560281234,-118.4983495521721,1764.5455,760.65924,89676.9,30.0,Palisades
2025-01-08 02:26:17.091981056,34.07145843020336,-118.55640253905382,3239.6228,824.05615,112849.3,30.0,Palisades
2025-01-08 02:26:17.091981056,34.066429700418006,-118.48112767526477,626.4882,1281.4039,4182.94,30.0,Palisades
2025-01-08 02:26:17.091981056,34.050480566632984,-118.6113904539408,2983.8845,929.80927,61931.0,30.0,Palisades
2025-01-08 02:26:17.091981056,34.09499226178677,-118.53919286962353,494.45383,890.52954,12293.28,30.0,Palisades
2025-01-08 02:26:17.091981056,34.09748567393056,-118.576825912057,438.47552,869.2141,12049.359,30.0,Palisades
2025-01-08 02:26:17.091981056,34.068969962321546,-118.51880459364624,3523.2773,737.5858,208648.88,30.0,Palisades
2025-01-08 02:26:17.091981056,34.19012763083686,-118.11575882609391,103.42452,478.55945,93152.76,10.0,Eaton
2025-01-08 02:31:17.091681024,34.09748567393056,-118.576825912057,486.49588,874.9824,13025.04,30.0,Palisades
2025-01-08 02:31:17.091681024,34.068969962321546,-118.51880459364624,3566.4055,750.9354,193098.98,30.0,Palisades
2025-01-08 02:31:17.091681024,34.10003931690432,-118.6146118054029,288.65543,900.58295,6805.08,30.0,Palisades
2025-01-08 02:31:17.091681024,34.07656001637729,-118.63195172314548,1055.0769,1880.708,4000.0,30.0,Palisades
2025-01-08 02:31:17.091681024,34.07400704112978,-118.59415303589158,2649.4773,785.05115,115593.4,30.0,Palisades
2025-01-08 02:31:17.091681024,34.04037031243834,-118.46070789270678,371.0211,1120.6592,4000.0,30.0,Palisades
2025-01-08 02:31:17.091681024,34.07145843020336,-118.55640253905382,3199.866,808.50903,121630.42,30.0,Palisades
2025-01-08 02:31:17.091681024,34.04793264602768,-118.57362735342862,4062.7888,762.96655,203404.6,30.0,Palisades
2025-01-08 02:31:17.091681024,34.09499226178677,-118.53919286962353,573.52734,945.24646,11134.66,30.0,Palisades
2025-01-08 02:31:17.091681024,34.042905560281234,-118.4983495521721,2034.6906,790.8744,85713.2,30.0,Palisades
2025-01-08 02:31:17.091681024,34.066429700418006,-118.48112767526477,654.40466,1324.749,4000.0,30.0,Palisades
2025-01-08 02:31:17.091681024,34.045389075623206,-118.53591232702891,2839.2583,786.20483,123032.96,30.0,Palisades
2025-01-08 02:31:17.091681024,34.19012763083686,-118.11575882609391,332.15515,614.03326,54125.56,30.0,Eaton
2025-01-08 02:31:17.091681024,34.050480566632984,-118.6113904539408,3202.3113,888.60675,80164.016,30.0,Palisades
2025-01-08 02:36:17.091377920,34.068969962321546,-118.51880459364624,3112.1433,740.1129,181146.9,30.0,Palisades
2025-01-08 02:36:17.091377920,34.042905560281234,-118.4983495521721,2630.5767,869.4888,72297.6,30.0,Palisades
2025-01-08 02:36:17.091377920,34.04037031243834,-118.46070789270678,354.44827,998.8097,5524.5,30.0,Palisades
2025-01-08 02:36:17.091377920,34.066429700418006,-118.48112767526477,440.99268,1179.6062,4000.0,30.0,Palisades
2025-01-08 02:36:17.091377920,34.050480566632984,-118.6113904539408,3355.4536,851.2498,101080.16,30.0,Palisades
2025-01-08 02:36:17.091377920,34.045389075623206,-118.53591232702891,3079.2388,845.9759,95348.04,30.0,Palisades
2025-01-08 02:36:17.091377920,34.09748567393056,-118.576825912057,455.92053,887.39813,11500.54,30.0,Palisades
2025-01-08 02:36:17.091377920,34.09499226178677,-118.53919286962353,510.9407,1075.776,6073.3203,30.0,Palisades
2025-01-08 02:36:17.091377920,34.07400704112978,-118.59415303589158,2235.812,757.6377,115837.32,30.0,Palisades
2025-01-08 02:36:17.091377920,34.07145843020336,-118.55640253905382,2940.7253,805.92706,113398.12,30.0,Palisades
2025-01-08 02:36:17.091377920,34.18761682859531,-118.07841483557006,492.26852,720.44556,32843.54,30.0,Eaton
2025-01-08 02:36:17.091377920,34.16404161172614,-118.09551373524333,280.3639,604.52924,50283.82,30.0,Eaton
2025-01-08 02:36:17.091377920,34.19012763083686,-118.11575882609391,811.0409,710.557,58211.22,30.0,Eaton
2025-01-08 02:36:17.091377920,34.07656001637729,-118.63195172314548,1110.4288,1694.308,4000.0,30.0,Palisades
2025-01-08 02:41:17.091083008,34.066429700418006,-118.48112767526477,719.62177,1039.9023,9732.12,30.0,Palisades
2025-01-08 02:41:17.091083008,34.07656001637729,-118.63195172314548,1067.1675,1173.1238,9488.2,30.0,Palisades
2025-01-08 02:41:17.091083008,34.050480566632984,-118.6113904539408,3821.7236,785.161,166633.66,30.0,Palisades
2025-01-08 02:41:17.091083008,34.042905560281234,-118.4983495521721,2714.824,815.0465,99433.7,30.0,Palisades
2025-01-08 02:41:17.091083008,34.04037031243834,-118.46070789270678,446.4536,1607.4531,4000.0,30.0,Palisades
2025-01-08 02:41:17.091083008,34.045389075623206,-118.53591232702891,2864.132,806.9708,109800.3,30.0,Palisades
2025-01-08 02:41:17.091083008,34.04793264602768,-118.57362735342862,4051.928,728.3015,255847.39,30.0,Palisades
2025-01-08 02:41:17.091083008,34.07145843020336,-118.55640253905382,3319.6545,839.9878,106080.516,30.0,Palisades
2025-01-08 02:41:17.091083008,34.09748567393056,-118.576825912057,435.83972,829.385,14732.4795,30.0,Palisades
2025-01-08 02:41:17.091083008,34.18761682859531,-118.07841483557006,1121.7788,831.25287,37539.0,30.0,Eaton
2025-01-08 02:41:17.091083008,34.09499226178677,-118.53919286962353,535.377,1155.7638,4975.68,30.0,Palisades
2025-01-08 02:41:17.091083008,34.07400704112978,-118.59415303589158,2562.946,765.65845,126081.96,30.0,Palisades
2025-01-08 02:41:17.091083008,34.068969962321546,-118.51880459364624,4161.3096,771.70154,197123.66,30.0,Palisades
2025-01-08 02:41:17.091083008,34.19012763083686,-118.11575882609391,1928.7887,820.59515,68455.86,30.0,Eaton
2025-01-08 02:41:17.091083008,34.16404161172614,-118.09551373524333,281.03467,574.20416,69675.46,30.0,Eaton
2025-01-08 02:46:17.090795008,34.19012763083686,-118.11575882609391,930.16284,729.01575,58455.14,30.0,Eaton
2025-01-08 02:46:17.090795008,34.07145843020336,-118.55640253905382,2647.2075,750.7706,143461.27,30.0,Palisades
2025-01-08 02:46:17.090795008,34.04037031243834,-118.46070789270678,415.80246,889.87024,10341.92,30.0,Palisades
2025-01-08 02:46:17.090795008,34.042905560281234,-118.4983495521721,3087.8442,876.1361,82115.38,30.0,Palisades
2025-01-08 02:46:17.090795008,34.18761682859531,-118.07841483557006,742.3104,764.8894,36685.28,30.0,Eaton
2025-01-08 02:46:17.090795008,34.09748567393056,-118.576825912057,390.46524,777.36,17842.46,30.0,Palisades
2025-01-08 02:46:17.090795008,34.066429700418006,-118.48112767526477,569.30884,1047.209,7475.86,30.0,Palisades
2025-01-08 02:46:17.090795008,34.053033558195125,-118.64918271388292,352.40384,1085.335,4060.98,30.0,Palisades
2025-01-08 02:46:17.090795008,34.050480566632984,-118.6113904539408,3175.3574,833.5602,105043.86,30.0,Palisades
2025-01-08 02:46:17.090795008,34.04793264602768,-118.57362735342862,3969.9946,738.5198,233650.67,30.0,Palisades
2025-01-08 02:46:17.090795008,34.07656001637729,-118.63195172314548,990.8029,1053.6914,12720.14,30.0,Palisades
2025-01-08 02:46:17.090795008,34.045389075623206,-118.53591232702891,2505.8474,790.59973,105775.62,30.0,Palisades
2025-01-08 02:46:17.090795008,34.068969962321546,-118.51880459364624,4069.9346,793.2367,169072.86,30.0,Palisades
2025-01-08 02:46:17.090795008,34.09499226178677,-118.53919286962353,539.9663,1274.6467,4000.0,30.0,Palisades
2025-01-08 02:46:17.090795008,34.07400704112978,-118.59415303589158,2379.7793,786.5344,102909.56,30.0,Palisades
2025-01-08 02:51:17.092304896,34.18761682859531,-118.07841483557006,993.4322,779.00806,44978.56,30.0,Eaton
2025-01-08 02:51:17.092304896,34.068969962321546,-118.51880459364624,3056.7273,732.1471,187915.67,30.0,Palisades
2025-01-08 02:51:17.092304896,34.19012763083686,-118.11575882609391,1781.0316,793.4564,73883.08,30.0,Eaton
2025-01-08 02:51:17.092304896,34.053033558195125,-118.64918271388292,420.1516,1000.4578,6561.16,30.0,Palisades
2025-01-08 02:51:17.092304896,34.04037031243834,-118.46070789270678,384.66534,985.1305,6378.2197,30.0,Palisades
2025-01-08 02:51:17.092304896,34.07400704112978,-118.59415303589158,2455.6926,849.4918,74675.82,30.0,Palisades
2025-01-08 02:51:17.092304896,34.09499226178677,-118.53919286962353,294.21964,1323.2107,4000.0,30.0,Palisades
2025-01-08 02:51:17.092304896,34.066429700418006,-118.48112767526477,674.60925,2614.7717,4000.0,30.0,Palisades
2025-01-08 02:51:17.092304896,34.045389075623206,-118.53591232702891,2325.0066,731.92737,143156.36,30.0,Palisades
2025-01-08 02:51:17.092304896,34.042905560281234,-118.4983495521721,2026.7423,758.40686,104495.04,30.0,Palisades
2025-01-08 02:51:17.092304896,34.050480566632984,-118.6113904539408,3356.3347,830.3739,112910.28,30.0,Palisades
2025-01-08 02:51:17.092304896,34.04793264602768,-118.57362735342862,4099.3594,792.7972,170719.31,30.0,Palisades
2025-01-08 02:51:17.092304896,34.07656001637729,-118.63195172314548,695.15784,1038.474,9427.22,30.0,Palisades
2025-01-08 02:51:17.092304896,34.16404161172614,-118.09551373524333,367.525,593.7616,73639.16,30.0,Eaton
2025-01-08 02:51:17.092304896,34.07145843020336,-118.55640253905382,2523.396,837.0762,81871.46,30.0,Palisades
2025-01-08 02:56:17.092007040,34.21371265897895,-118.09866985760715,293.80652,,,33.0,Eaton
2025-01-08 02:56:17.092007040,34.07656001637729,-118.63195172314548,849.2363,1317.772,5219.6,30.0,Palisades
2025-01-08 02:56:17.092007040,34.09748567393056,-118.576825912057,331.34167,739.67346,19366.96,30.0,Palisades
2025-01-08 02:56:17.092007040,34.09499226178677,-118.53919286962353,376.27353,950.7401,7170.96,30.0,Palisades
2025-01-08 02:56:17.092007040,34.04793264602768,-118.57362735342862,3366.7734,807.41034,128765.08,30.0,Palisades
2025-01-08 02:56:17.092007040,34.07400704112978,-118.59415303589158,1998.4337,761.81287,100775.26,30.0,Palisades
2025-01-08 02:56:17.092007040,34.07145843020336,-118.55640253905382,2193.5789,763.95544,109129.516,30.0,Palisades
2025-01-08 02:56:17.092007040,34.066429700418006,-118.48112767526477,303.64478,918.4374,6622.1396,30.0,Palisades
2025-01-08 02:56:17.092007040,34.050480566632984,-118.6113904539408,2422.0767,841.41614,76810.12,30.0,Palisades
2025-01-08 02:56:17.092007040,34.045389075623206,-118.53591232702891,2351.127,809.443,88884.16,30.0,Palisades
2025-01-08 02:56:17.092007040,34.042905560281234,-118.4983495521721,1950.4865,788.45715,83395.96,30.0,Palisades
2025-01-08 02:56:17.092007040,34.068969962321546,-118.51880459364624,2361.7131,712.47974,167060.52,30.0,Palisades
2025-01-08 02:56:17.092007040,34.19012763083686,-118.11575882609391,1927.098,792.1929,80529.9,30.0,Eaton
2025-01-08 02:56:17.092007040,34.21622840368383,-118.13604847045053,398.55154,847.3493,12232.3,30.0,Eaton
2025-01-08 02:56:17.092007040,34.161535736108426,-118.05820425073031,360.11035,606.7816,63150.598,30.0,Eaton
2025-01-08 02:56:17.092007040,34.16404161172614,-118.09551373524333,562.45776,694.6803,45466.4,30.0,Eaton
2025-01-08 02:56:17.092007040,34.18761682859531,-118.07841483557006,1404.2062,862.2372,39978.2,30.0,Eaton
2025-01-08 03:01:17.091714048,34.068969962321546,-118.51880459364624,2645.8855,760.6043,134436.22,30.0,Palisades
2025-01-08 03:01:17.091714048,34.053033558195125,-118.64918271388292,348.55112,939.4781,6927.04,30.0,Palisades
2025-01-08 03:01:17.091714048,34.042905560281234,-118.4983495521721,1716.2056,728.741,108031.88,30.0,Palisades
2025-01-08 03:01:17.091714048,34.07145843020336,-118.55640253905382,2194.3057,741.0469,126935.68,30.0,Palisades
2025-01-08 03:01:17.091714048,34.07400704112978,-118.59415303589158,2209.6597,795.4891,90591.6,30.0,Palisades
2025-01-08 03:01:17.091714048,34.07656001637729,-118.63195172314548,878.02106,1236.4658,6561.16,30.0,Palisades
2025-01-08 03:01:17.091714048,34.050480566632984,-118.6113904539408,3063.8909,892.5622,75285.62,30.0,Palisades
2025-01-08 03:01:17.091714048,34.066429700418006,-118.48112767526477,306.13593,791.97314,12781.12,30.0,Palisades
2025-01-08 03:01:17.091714048,34.045389075623206,-118.53591232702891,2011.5687,761.6481,101568.0,30.0,Palisades
2025-01-08 03:01:17.091714048,34.04793264602768,-118.57362735342862,3308.9746,768.51514,159864.88,30.0,Palisades
2025-01-08 03:01:17.091714048,34.16404161172614,-118.09551373524333,382.9391,594.2011,76383.26,30.0,Eaton
2025-01-08 03:01:17.091714048,34.18761682859531,-118.07841483557006,1478.089,811.8053,55162.22,30.0,Eaton
2025-01-08 03:01:17.091714048,34.19012763083686,-118.11575882609391,1734.8037,802.02655,68455.86,30.0,Eaton
2025-01-08 03:06:17.091429888,34.18761682859531,-118.07841483557006,1235.5653,791.64355,51808.32,30.0,Eaton
2025-01-08 03:06:17.091429888,34.16404161172614,-118.09551373524333,393.96103,620.0763,60589.44,30.0,Eaton
2025-01-08 03:06:17.091429888,34.21622840368383,-118.13604847045053,299.1827,833.9997,9854.08,30.0,Eaton
2025-01-08 03:06:17.091429888,34.19012763083686,-118.11575882609391,1971.0765,821.7488,69553.5,30.0,Eaton
2025-01-08 03:06:17.091429888,34.042905560281234,-118.4983495521721,1577.581,729.8397,98579.98,30.0,Palisades
2025-01-08 03:06:17.091429888,34.07145843020336,-118.55640253905382,1904.0598,752.6385,101933.88,30.0,Palisades
2025-01-08 03:06:17.091429888,34.07400704112978,-118.59415303589158,2473.7874,806.9708,94860.2,30.0,Palisades
2025-01-08 03:06:17.091429888,34.045389075623206,-118.53591232702891,2115.575,718.6327,143095.38,30.0,Palisades
2025-01-08 03:06:17.091429888,34.050480566632984,-118.6113904539408,3465.8137,783.29315,152791.2,30.0,Palisades
2025-01-08 03:06:17.091429888,34.053033558195125,-118.64918271388292,710.59973,1382.1577,4000.0,30.0,Palisades
2025-01-08 03:06:17.091429888,34.068969962321546,-118.51880459364624,2095.4863,687.978,178463.78,30.0,Palisades
2025-01-08 03:06:17.091429888,34.07656001637729,-118.63195172314548,1260.7312,937.9948,25221.04,30.0,Palisades
2025-01-08 03:06:17.091429888,34.04793264602768,-118.57362735342862,4095.7297,788.0177,175536.73,30.0,Palisades
2025-01-08 03:06:17.091429888,34.066429700418006,-118.48112767526477,410.6976,1101.3765,4487.84,30.0,Palisades
2025-01-08 03:11:17.091143936,34.050480566632984,-118.6113904539408,3350.863,796.8625,136265.62,30.0,Palisades
2025-01-08 03:11:17.091143936,34.07656001637729,-118.63195172314548,1126.7811,943.43353,22050.08,30.0,Palisades
2025-01-08 03:11:17.091143936,34.045389075623206,-118.53591232702891,1795.6454,714.6223,125045.3,30.0,Palisades
2025-01-08 03:11:17.091143936,34.07400704112978,-118.59415303589158,2631.341,807.41034,100653.3,30.0,Palisades
2025-01-08 03:11:17.091143936,34.04793264602768,-118.57362735342862,3762.1995,785.9301,163279.77,30.0,Palisades
2025-01-08 03:11:17.091143936,34.068969962321546,-118.51880459364624,1865.9274,680.94617,168036.2,30.0,Palisades
2025-01-08 03:11:17.091143936,34.07145843020336,-118.55640253905382,2007.229,778.5686,91079.44,30.0,Palisades
2025-01-08 03:11:17.091143936,34.21622840368383,-118.13604847045053,407.72897,902.34094,9549.18,30.0,Eaton
2025-01-08 03:11:17.091143936,34.16404161172614,-118.09551373524333,420.57578,611.28644,70468.2,30.0,Eaton
2025-01-08 03:11:17.091143936,34.042905560281234,-118.4983495521721,1271.9559,710.2274,91445.32,30.0,Palisades
2025-01-08 03:11:17.091143936,34.18761682859531,-118.07841483557006,1323.4008,800.3784,52723.02,30.0,Eaton
2025-01-08 03:11:17.091143936,34.19012763083686,-118.11575882609391,2038.1653,805.2678,78883.44,30.0,Eaton
2025-01-08 03:11:17.091143936,34.21371265897895,-118.09866985760715,339.82953,,,33.0,Eaton
2025-01-08 03:11:17.091143936,34.053033558195125,-118.64918271388292,654.7298,1760.3967,4000.0,30.0,Palisades
2025-01-08 03:11:17.091143936,34.066429700418006,-118.48112767526477,365.32236,1171.0361,4000.0,30.0,Palisades
2025-01-08 03:16:17.092651008,34.09499226178677,-118.53919286962353,280.29172,647.26996,33514.32,30.0,Palisades
2025-01-08 03:16:17.092651008,34.09748567393056,-118.576825912057,342.98245,656.44434,37843.9,30.0,Palisades
2025-01-08 03:16:17.092651008,34.068969962321546,-118.51880459364624,1910.2356,687.9231,162730.94,30.0,Palisades
2025-01-08 03:16:17.092651008,34.07400704112978,-118.59415303589158,3201.5188,827.90173,109190.5,30.0,Palisades
2025-01-08 03:16:17.092651008,34.050480566632984,-118.6113904539408,3623.0298,826.9678,124191.58,30.0,Palisades
2025-01-08 03:16:17.092651008,34.04793264602768,-118.57362735342862,3732.9124,835.7577,121996.3,30.0,Palisades
2025-01-08 03:16:17.092651008,34.07656001637729,-118.63195172314548,1767.3407,1053.252,22781.84,30.0,Palisades
2025-01-08 03:16:17.092651008,34.066429700418006,-118.48112767526477,285.6355,1450.1145,4000.0,30.0,Palisades
2025-01-08 03:16:17.092651008,34.042905560281234,-118.4983495521721,1236.3247,717.58887,84249.68,30.0,Palisades
2025-01-08 03:16:17.092651008,34.053033558195125,-118.64918271388292,613.3982,1064.0195,7597.8203,30.0,Palisades
2025-01-08 03:16:17.092651008,34.07145843020336,-118.55640253905382,2096.5857,736.3772,125167.26,30.0,Palisades
2025-01-08 03:16:17.092651008,34.19012763083686,-118.11575882609391,1643.2012,754.34155,86993.78,30.0,Eaton
2025-01-08 03:16:17.092651008,34.18761682859531,-118.07841483557006,1265.615,728.35645,79859.12,30.0,Eaton
2025-01-08 03:16:17.092651008,34.161535736108426,-118.05820425073031,309.97818,568.7105,81810.48,30.0,Eaton
2025-01-08 03:16:17.092651008,34.21371265897895,-118.09866985760715,729.50433,,,33.0,Eaton
2025-01-08 03:16:17.092651008,34.21622840368383,-118.13604847045053,900.13153,988.3717,14671.5,30.0,Eaton
2025-01-08 03:16:17.092651008,34.16404161172614,-118.09551373524333,411.67166,617.49426,64858.04,30.0,Eaton
2025-01-08 03:16:17.092651008,34.045389075623206,-118.53591232702891,1957.2975,764.50476,97055.48,30.0,Palisades
2025-01-08 03:21:17.092358016,34.18761682859531,-118.07841483557006,1325.0322,731.1582,81993.42,30.0,Eaton
2025-01-08 03:21:17.092358016,34.161535736108426,-118.05820425073031,274.17538,552.2295,87847.5,30.0,Eaton
2025-01-08 03:21:17.092358016,34.21371265897895,-118.09866985760715,510.81668,,,33.0,Eaton
2025-01-08 03:21:17.092358016,34.19012763083686,-118.11575882609391,1495.8248,766.5375,73212.3,30.0,Eaton
2025-01-08 03:21:17.092358016,34.16404161172614,-118.09551373524333,321.20184,578.5991,75773.46,30.0,Eaton
2025-01-08 03:21:17.092358016,34.07656001637729,-118.63195172314548,1518.8749,1006.6107,23086.74,30.0,Palisades
2025-01-08 03:21:17.092358016,34.07400704112978,-118.59415303589158,3012.9358,821.85864,106202.48,30.0,Palisades
2025-01-08 03:21:17.092358016,34.050480566632984,-118.6113904539408,4140.406,781.4802,184622.77,30.0,Palisades
2025-01-08 03:21:17.092358016,34.068969962321546,-118.51880459364624,1857.5327,724.73065,120288.86,30.0,Palisades
2025-01-08 03:21:17.092358016,34.045389075623206,-118.53591232702891,1884.6322,782.0296,83761.836,30.0,Palisades
2025-01-08 03:21:17.092358016,34.07145843020336,-118.55640253905382,2452.552,770.0534,117361.82,30.0,Palisades
2025-01-08 03:21:17.092358016,34.21622840368383,-118.13604847045053,705.6917,1136.5908,6988.02,30.0,Eaton
2025-01-08 03:21:17.092358016,34.053033558195125,-118.64918271388292,676.795,773.1848,31745.9,30.0,Palisades
2025-01-08 03:21:17.092358016,34.04793264602768,-118.57362735342862,3638.7087,784.9962,158828.22,30.0,Palisades
2025-01-08 03:21:17.092358016,34.042905560281234,-118.4983495521721,1159.5552,688.80206,98153.12,30.0,Palisades
2025-01-08 03:21:17.092358016,34.09748567393056,-118.576825912057,293.30963,646.6107,35282.742,30.0,Palisades
2025-01-08 03:26:17.092072064,34.09748567393056,-118.576825912057,503.43652,718.74255,34002.16,30.0,Palisades
2025-01-08 03:26:17.092072064,34.07656001637729,-118.63195172314548,1594.482,1027.8712,22415.959,30.0,Palisades
2025-01-08 03:26:17.092072064,34.045389075623206,-118.53591232702891,1796.2372,773.4595,84127.72,30.0,Palisades
2025-01-08 03:26:17.092072064,34.04793264602768,-118.57362735342862,3351.145,821.8037,118215.54,30.0,Palisades
2025-01-08 03:26:17.092072064,34.09499226178677,-118.53919286962353,397.51035,702.2616,30343.36,30.0,Palisades
2025-01-08 03:26:17.092072064,34.07145843020336,-118.55640253905382,2393.1226,736.8717,142424.6,30.0,Palisades
2025-01-08 03:26:17.092072064,34.07400704112978,-118.59415303589158,3310.9287,833.50525,109556.38,30.0,Palisades
2025-01-08 03:26:17.092072064,34.042905560281234,-118.4983495521721,1087.9774,705.0084,81322.64,30.0,Palisades
2025-01-08 03:26:17.092072064,34.068969962321546,-118.51880459364624,1842.2438,710.1724,132545.84,30.0,Palisades
2025-01-08 03:26:17.092072064,34.053033558195125,-118.64918271388292,879.63824,903.49457,20525.58,30.0,Palisades
2025-01-08 03:26:17.092072064,34.161535736108426,-118.05820425073031,294.32486,578.5991,69431.54,30.0,Eaton
2025-01-08 03:26:17.092072064,34.16404161172614,-118.09551373524333,296.94522,636.6672,39063.5,30.0,Eaton
2025-01-08 03:26:17.092072064,34.19012763083686,-118.11575882609391,1285.9196,758.40686,66321.56,30.0,Eaton
2025-01-08 03:26:17.092072064,34.21622840368383,-118.13604847045053,690.49695,1031.9365,9549.18,30.0,Eaton
2025-01-08 03:26:17.092072064,34.18761682859531,-118.07841483557006,1387.8365,740.16785,80712.836,30.0,Eaton
2025-01-08 03:26:17.092072064,34.21371265897895,-118.09866985760715,664.66156,,,33.0,Eaton
2025-01-08 03:31:17.091794048,34.042905560281234,-118.4983495521721,1024.7417,717.9185,69675.46,30.0,Palisades
2025-01-08 03:31:17.091794048,34.068969962321546,-118.51880459364624,1760.2549,686.32996,151876.5,30.0,Palisades
2025-01-08 03:31:17.091794048,34.07145843020336,-118.55640253905382,2464.6677,778.5137,111934.6,30.0,Palisades
2025-01-08 03:31:17.091794048,34.050480566632984,-118.6113904539408,4192.994,751.81445,225662.3,30.0,Palisades
2025-01-08 03:31:17.091794048,34.07911807667682,-118.66977967232299,275.83762,726.2689,17659.52,30.0,Palisades
2025-01-08 03:31:17.091794048,34.07400704112978,-118.59415303589158,3179.918,782.52405,140900.1,30.0,Palisades
2025-01-08 03:31:17.091794048,34.066429700418006,-118.48112767526477,289.4128,850.37085,8756.439,30.0,Palisades
2025-01-08 03:31:17.091794048,34.04793264602768,-118.57362735342862,3349.2588,805.2129,129679.78,30.0,Palisades
2025-01-08 03:31:17.091794048,34.053033558195125,-118.64918271388292,1218.3137,1104.1233,13268.96,30.0,Palisades
2025-01-08 03:31:17.091794048,34.09748567393056,-118.576825912057,484.88815,736.98157,28818.86,30.0,Palisades
2025-01-08 03:31:17.091794048,34.045389075623206,-118.53591232702891,1808.1162,783.29315,79737.16,30.0,Palisades
2025-01-08 03:31:17.091794048,34.09499226178677,-118.53919286962353,475.78802,752.199,25525.94,30.0,Palisades
2025-01-08 03:31:17.091794048,34.21371265897895,-118.09866985760715,1023.1803,,,33.0,Eaton
2025-01-08 03:31:17.091794048,34.161535736108426,-118.05820425073031,333.61826,595.68445,65528.82,30.0,Eaton
2025-01-08 03:31:17.091794048,34.16404161172614,-118.09551373524333,365.09967,682.42944,32477.66,30.0,Eaton
2025-01-08 03:31:17.091794048,34.18761682859531,-118.07841483557006,1622.8794,781.4802,72358.58,30.0,Eaton
2025-01-08 03:31:17.091794048,34.19012763083686,-118.11575882609391,1492.2212,734.17975,90469.64,30.0,Eaton
2025-01-08 03:31:17.091794048,34.21622840368383,-118.13604847045053,806.11285,982.2188,13451.9,30.0,Eaton
2025-01-08 03:31:17.091794048,34.07656001637729,-118.63195172314548,1890.3566,1002.7102,29184.74,30.0,Palisades
2025-01-08 03:36:17.091507968,34.07656001637729,-118.63195172314548,2694.0383,1011.33527,40283.1,30.0,Palisades
2025-01-08 03:36:17.091507968,34.07145843020336,-118.55640253905382,2673.6829,752.2539,143461.27,30.0,Palisades
2025-01-08 03:36:17.091507968,34.068969962321546,-118.51880459364624,2231.3352,712.26,158096.45,30.0,Palisades
2025-01-08 03:36:17.091507968,34.04793264602768,-118.57362735342862,3533.4326,802.46606,139070.7,30.0,Palisades
2025-01-08 03:36:17.091507968,34.053033558195125,-118.64918271388292,1475.9885,804.27893,57479.46,30.0,Palisades
2025-01-08 03:36:17.091507968,34.042905560281234,-118.4983495521721,1182.6602,737.31116,70163.3,30.0,Palisades
2025-01-08 03:36:17.091507968,34.09499226178677,-118.53919286962353,616.728,764.6696,30526.299,30.0,Palisades
2025-01-08 03:36:17.091507968,34.07911807667682,-118.66977967232299,599.362,941.67554,11805.439,30.0,Palisades
2025-01-08 03:36:17.091507968,34.07400704112978,-118.59415303589158,3546.4758,846.3605,109556.38,30.0,Palisades
2025-01-08 03:36:17.091507968,34.045389075623206,-118.53591232702891,1900.6377,785.2709,82786.16,30.0,Palisades
2025-01-08 03:36:17.091507968,34.066429700418006,-118.48112767526477,342.5433,908.71356,7780.76,30.0,Palisades
2025-01-08 03:36:17.091507968,34.09748567393056,-118.576825912057,748.8944,762.47217,37599.98,30.0,Palisades
2025-01-08 03:36:17.091507968,34.21622840368383,-118.13604847045053,552.0912,,,33.0,Eaton
2025-01-08 03:36:17.091507968,34.21371265897895,-118.09866985760715,753.0624,,,33.0,Eaton
2025-01-08 03:36:17.091507968,34.18761682859531,-118.07841483557006,1172.7601,724.401,76139.336,30.0,Eaton
2025-01-08 03:36:17.091507968,34.19012763083686,-118.11575882609391,986.72253,710.7218,70712.12,30.0,Eaton
2025-01-08 03:41:17.091216000,34.068969962321546,-118.51880459364624,1916.0154,695.0648,154437.66,30.0,Palisades
2025-01-08 03:41:17.091216000,34.066429700418006,-118.48112767526477,283.9993,796.0934,11622.5,30.0,Palisades
2025-01-08 03:41:17.091216000,34.053033558195125,-118.64918271388292,1894.7416,739.23395,110958.92,30.0,Palisades
2025-01-08 03:41:17.091216000,34.04793264602768,-118.57362735342862,3422.6895,817.46375,123642.76,30.0,Palisades
2025-01-08 03:41:17.091216000,34.19012763083686,-118.11575882609391,1001.16925,693.4717,81688.516,30.0,Eaton
2025-01-08 03:41:17.091216000,34.07911807667682,-118.66977967232299,1061.1837,1307.0593,6683.12,30.0,Palisades
2025-01-08 03:41:17.091216000,34.18761682859531,-118.07841483557006,1195.879,706.21704,88579.26,30.0,Eaton
2025-01-08 03:41:17.091216000,34.21622840368383,-118.13604847045053,596.5451,1115.8798,6256.26,30.0,Eaton
2025-01-08 03:41:17.091216000,34.21371265897895,-118.09866985760715,811.87134,,,33.0,Eaton
2025-01-08 03:41:17.091216000,34.07400704112978,-118.59415303589158,3239.75,840.70197,103153.48,30.0,Palisades
2025-01-08 03:41:17.091216000,34.07145843020336,-118.55640253905382,2304.4314,730.6089,143217.34,30.0,Palisades
2025-01-08 03:41:17.091216000,34.042905560281234,-118.4983495521721,1086.5597,701.877,83152.04,30.0,Palisades
2025-01-08 03:41:17.091216000,34.045389075623206,-118.53591232702891,1827.8258,749.562,99860.56,30.0,Palisades
2025-01-08 03:41:17.091216000,34.09748567393056,-118.576825912057,633.75385,748.4083,34855.88,30.0,Palisades
2025-01-08 03:41:17.091216000,34.09499226178677,-118.53919286962353,535.19867,749.3972,29245.72,30.0,Palisades
2025-01-08 03:41:17.091216000,34.07656001637729,-118.63195172314548,3272.1294,1023.751,46746.98,30.0,Palisades
2025-01-08 03:46:17.092728064,34.09748567393056,-118.576825912057,509.69083,709.8428,36746.258,30.0,Palisades
2025-01-08 03:46:17.092728064,34.09499226178677,-118.53919286962353,423.99948,700.7233,32721.58,30.0,Palisades
2025-01-08 03:46:17.092728064,34.07400704112978,-118.59415303589158,3426.661,835.3182,112239.5,30.0,Palisades
2025-01-08 03:46:17.092728064,34.07145843020336,-118.55640253905382,2360.044,718.3031,160047.81,30.0,Palisades
2025-01-08 03:46:17.092728064,34.066429700418006,-118.48112767526477,282.75488,750.05646,15403.26,30.0,Palisades
2025-01-08 03:46:17.092728064,34.053033558195125,-118.64918271388292,1681.9474,755.9347,88091.42,30.0,Palisades
2025-01-08 03:46:17.092728064,34.04793264602768,-118.57362735342862,3706.5288,753.7921,196940.72,30.0,Palisades
2025-01-08 03:46:17.092728064,34.045389075623206,-118.53591232702891,2040.0748,755.44025,107239.14,30.0,Palisades
2025-01-08 03:46:17.092728064,34.19012763083686,-118.11575882609391,978.61395,696.1636,78212.66,30.0,Eaton
2025-01-08 03:46:17.092728064,34.07911807667682,-118.66977967232299,666.66547,1031.0575,9305.26,30.0,Palisades
2025-01-08 03:46:17.092728064,34.161535736108426,-118.05820425073031,277.87988,557.6682,83395.96,30.0,Eaton
2025-01-08 03:46:17.092728064,34.16404161172614,-118.09551373524333,311.45175,598.1016,59674.74,30.0,Eaton
2025-01-08 03:46:17.092728064,34.07656001637729,-118.63195172314548,2982.5945,1019.1363,43332.1,30.0,Palisades
2025-01-08 03:46:17.092728064,34.21371265897895,-118.09866985760715,602.75946,,,33.0,Eaton
2025-01-08 03:46:17.092728064,34.18761682859531,-118.07841483557006,1120.5013,667.3768,112727.336,30.0,Eaton
2025-01-08 03:46:17.092728064,34.21622840368383,-118.13604847045053,515.89453,,,33.0,Eaton
2025-01-08 03:46:17.092728064,34.042905560281234,-118.4983495521721,1205.0846,686.1651,104129.16,30.0,Palisades
2025-01-08 03:46:17.092728064,34.068969962321546,-118.51880459364624,2112.8594,702.9208,160413.7,30.0,Palisades
2025-01-08 03:51:17.092445056,34.045389075623206,-118.53591232702891,2150.5237,732.64154,131753.1,30.0,Palisades
2025-01-08 03:51:17.092445056,34.09748567393056,-118.576825912057,473.45612,699.24005,36990.18,30.0,Palisades
2025-01-08 03:51:17.092445056,34.21622840368383,-118.13604847045053,294.45306,709.12866,21318.32,30.0,Eaton
2025-01-08 03:51:17.092445056,34.18761682859531,-118.07841483557006,1242.518,701.16284,95591.96,30.0,Eaton
2025-01-08 03:51:17.092445056,34.16404161172614,-118.09551373524333,360.14737,619.25226,55772.02,30.0,Eaton
2025-01-08 03:51:17.092445056,34.19012763083686,-118.11575882609391,952.18915,679.51776,86749.86,30.0,Eaton
2025-01-08 03:51:17.092445056,34.21371265897895,-118.09866985760715,330.09036,,,33.0,Eaton
2025-01-08 03:51:17.092445056,34.04793264602768,-118.57362735342862,3504.3123,728.79596,220539.98,30.0,Palisades
2025-01-08 03:51:17.092445056,34.042905560281234,-118.4983495521721,1401.6809,706.272,103824.26,30.0,Palisades
2025-01-08 03:51:17.092445056,34.068969962321546,-118.51880459364624,2659.3457,736.8167,158340.38,30.0,Palisades
2025-01-08 03:51:17.092445056,34.053033558195125,-118.64918271388292,1685.1543,795.599,69004.68,30.0,Palisades
2025-01-08 03:51:17.092445056,34.07656001637729,-118.63195172314548,2140.6187,796.0934,87420.64,30.0,Palisades
2025-01-08 03:51:17.092445056,34.066429700418006,-118.48112767526477,272.97473,693.3618,22294.0,30.0,Palisades
2025-01-08 03:51:17.092445056,34.09499226178677,-118.53919286962353,449.53772,716.1056,30953.16,30.0,Palisades
2025-01-08 03:51:17.092445056,34.07145843020336,-118.55640253905382,2800.6821,742.7499,160108.8,30.0,Palisades
2025-01-08 03:51:17.092445056,34.07400704112978,-118.59415303589158,2820.4324,758.4618,145351.64,30.0,Palisades
2025-01-08 03:51:17.092445056,34.07911807667682,-118.66977967232299,566.5947,791.97314,23696.54,30.0,Palisades
2025-01-08 03:51:17.092445056,34.10003931690432,-118.6146118054029,294.06155,682.04486,26257.7,30.0,Palisades
2025-01-08 03:56:17.092167040,34.16404161172614,-118.09551373524333,434.14426,612.49506,71870.74,30.0,Eaton
2025-01-08 03:56:17.092167040,34.21371265897895,-118.09866985760715,268.76184,,,33.0,Eaton
2025-01-08 03:56:17.092167040,34.18761682859531,-118.07841483557006,945.031,669.1897,93640.6,30.0,Eaton
2025-01-08 03:56:17.092167040,34.19012763083686,-118.11575882609391,776.11005,644.57806,95043.14,30.0,Eaton
2025-01-08 03:56:17.092167040,34.045389075623206,-118.53591232702891,1987.3234,703.635,150108.08,30.0,Palisades
2025-01-08 03:56:17.092167040,34.053033558195125,-118.64918271388292,1372.5348,792.4675,57296.52,30.0,Palisades
2025-01-08 03:56:17.092167040,34.07656001637729,-118.63195172314548,1533.9084,773.3496,71870.74,30.0,Palisades
2025-01-08 03:56:17.092167040,34.04793264602768,-118.57362735342862,3250.5264,733.3008,198221.3,30.0,Palisades
2025-01-08 03:56:17.092167040,34.09748567393056,-118.576825912057,395.70517,685.396,34429.02,30.0,Palisades
2025-01-08 03:56:17.092167040,34.09499226178677,-118.53919286962353,405.56647,697.86664,31989.82,30.0,Palisades
2025-01-08 03:56:17.092167040,34.07911807667682,-118.66977967232299,397.84665,789.44604,16927.76,30.0,Palisades
2025-01-08 03:56:17.092167040,34.07145843020336,-118.55640253905382,2389.4932,714.51245,166511.7,30.0,Palisades
2025-01-08 03:56:17.092167040,34.042905560281234,-118.4983495521721,1341.5099,698.63574,105226.8,30.0,Palisades
2025-01-08 03:56:17.092167040,34.068969962321546,-118.51880459364624,2401.7004,714.51245,167365.42,30.0,Palisades
2025-01-08 03:56:17.092167040,34.066429700418006,-118.48112767526477,261.464,699.9542,20281.66,30.0,Palisades
2025-01-08 03:56:17.092167040,34.07400704112978,-118.59415303589158,2426.5527,740.77216,140595.2,30.0,Palisades
2025-01-08 04:01:17.091879936,34.19012763083686,-118.11575882609391,811.3315,659.5208,87176.72,30.0,Eaton
2025-01-08 04:01:17.091879936,34.21371265897895,-118.09866985760715,282.47134,,,33.0,Eaton
2025-01-08 04:01:17.091879936,34.16404161172614,-118.09551373524333,383.69217,593.9814,76688.16,30.0,Eaton
2025-01-08 04:01:17.091879936,34.18761682859531,-118.07841483557006,824.72864,656.71906,90774.54,30.0,Eaton
2025-01-08 04:01:17.091879936,34.07400704112978,-118.59415303589158,2426.8738,756.37415,126752.74,30.0,Palisades
2025-01-08 04:01:17.091879936,34.09748567393056,-118.576825912057,416.6969,709.78784,30038.459,30.0,Palisades
2025-01-08 04:01:17.091879936,34.07911807667682,-118.66977967232299,428.0472,766.4276,20952.44,30.0,Palisades
2025-01-08 04:01:17.091879936,34.09499226178677,-118.53919286962353,444.02856,683.4183,39185.46,30.0,Palisades
2025-01-08 04:01:17.091879936,34.04793264602768,-118.57362735342862,3060.539,732.9712,187122.94,30.0,Palisades
2025-01-08 04:01:17.091879936,34.068969962321546,-118.51880459364624,2361.1548,707.31573,173524.4,30.0,Palisades
2025-01-08 04:01:17.091879936,34.045389075623206,-118.53591232702891,1915.0315,685.9454,165718.95,30.0,Palisades
2025-01-08 04:01:17.091879936,34.042905560281234,-118.4983495521721,1242.577,710.8866,88945.14,30.0,Palisades
2025-01-08 04:01:17.091879936,34.07656001637729,-118.63195172314548,1383.1859,749.2324,75712.48,30.0,Palisades
2025-01-08 04:01:17.091879936,34.053033558195125,-118.64918271388292,1695.3274,778.5137,76993.06,30.0,Palisades
2025-01-08 04:01:17.091879936,34.07145843020336,-118.55640253905382,2409.6895,729.0707,151327.67,30.0,Palisades
2025-01-08 04:01:17.091879936,34.066429700418006,-118.48112767526477,297.9369,893.1116,7292.92,30.0,Palisades
2025-01-08 04:06:17.091580928,34.09748567393056,-118.576825912057,478.48938,751.81445,25769.86,30.0,Palisades
2025-01-08 04:06:17.091580928,34.16404161172614,-118.09551373524333,420.73456,632.16235,57723.38,30.0,Eaton
2025-01-08 04:06:17.091580928,34.18761682859531,-118.07841483557006,1103.3818,705.72253,81993.42,30.0,Eaton
2025-01-08 04:06:17.091580928,34.19012763083686,-118.11575882609391,865.8154,691.1094,71931.72,30.0,Eaton
2025-01-08 04:06:17.091580928,34.21371265897895,-118.09866985760715,282.99338,,,33.0,Eaton
2025-01-08 04:06:17.091580928,34.068969962321546,-118.51880459364624,2651.8542,697.81165,209319.66,30.0,Palisades
2025-01-08 04:06:17.091580928,34.09499226178677,-118.53919286962353,573.56824,735.2236,34490.0,30.0,Palisades
2025-01-08 04:06:17.091580928,34.07911807667682,-118.66977967232299,495.83554,1051.7687,6439.2,30.0,Palisades
2025-01-08 04:06:17.091580928,34.07656001637729,-118.63195172314548,1366.262,773.23975,64126.28,30.0,Palisades
2025-01-08 04:06:17.091580928,34.053033558195125,-118.64918271388292,1782.8369,846.745,54979.28,30.0,Palisades
2025-01-08 04:06:17.091580928,34.042905560281234,-118.4983495521721,1316.6052,680.177,119313.18,30.0,Palisades
2025-01-08 04:06:17.091580928,34.045389075623206,-118.53591232702891,1896.5831,673.255,181817.67,30.0,Palisades
2025-01-08 04:06:17.091580928,34.04793264602768,-118.57362735342862,3185.809,746.76025,177305.16,30.0,Palisades
2025-01-08 04:06:17.091580928,34.050480566632984,-118.6113904539408,4095.8086,698.08636,322559.53,30.0,Palisades
2025-01-08 04:06:17.091580928,34.07400704112978,-118.59415303589158,2063.028,725.0603,133277.6,30.0,Palisades
2025-01-08 04:06:17.091580928,34.066429700418006,-118.48112767526477,430.0009,896.5726,10341.92,30.0,Palisades
2025-01-08 04:06:17.091580928,34.07145843020336,-118.55640253905382,2526.6516,764.72455,125106.28,30.0,Palisades
2025-01-08 04:11:17.091284096,34.18761682859531,-118.07841483557006,1192.9146,709.5681,86201.04,30.0,Eaton
2025-01-08 04:11:17.091284096,34.16404161172614,-118.09551373524333,358.83966,592.8826,72602.5,30.0,Eaton
2025-01-08 04:11:17.091284096,34.21622840368383,-118.13604847045053,366.24902,,,33.0,Eaton
2025-01-08 04:11:17.091284096,34.21371265897895,-118.09866985760715,680.8531,,,33.0,Eaton
2025-01-08 04:11:17.091284096,34.19012763083686,-118.11575882609391,878.8952,679.6277,79981.08,30.0,Eaton
2025-01-08 04:11:17.091284096,34.050480566632984,-118.6113904539408,3987.7097,724.8405,258103.66,30.0,Palisades
2025-01-08 04:11:17.091284096,34.09748567393056,-118.576825912057,815.2539,895.1991,19793.82,30.0,Palisades
2025-01-08 04:11:17.091284096,34.09499226178677,-118.53919286962353,1363.8553,886.46423,34490.0,30.0,Palisades
2025-01-08 04:11:17.091284096,34.07400704112978,-118.59415303589158,2188.3809,757.41797,113520.08,30.0,Palisades
2025-01-08 04:11:17.091284096,34.07145843020336,-118.55640253905382,2494.6665,756.20935,130411.54,30.0,Palisades
2025-01-08 04:11:17.091284096,34.07656001637729,-118.63195172314548,1217.6727,835.5379,39856.24,30.0,Palisades
2025-01-08 04:11:17.091284096,34.068969962321546,-118.51880459364624,3368.094,722.4783,221637.62,30.0,Palisades
2025-01-08 04:11:17.091284096,34.053033558195125,-118.64918271388292,1553.8578,882.1242,40100.16,30.0,Palisades
2025-01-08 04:11:17.091284096,34.04793264602768,-118.57362735342862,2764.846,719.4018,186025.3,30.0,Palisades
2025-01-08 04:11:17.091284096,34.045389075623206,-118.53591232702891,2005.5309,693.0322,164255.44,30.0,Palisades
2025-01-08 04:11:17.091284096,34.042905560281234,-118.4983495521721,1567.5367,720.28076,104799.94,30.0,Palisades
2025-01-08 04:11:17.091284096,34.066429700418006,-118.48112767526477,528.8472,1046.0002,6988.02,30.0,Palisades
2025-01-08 04:16:17.092795008,34.18761682859531,-118.07841483557006,1395.0356,680.6165,125960.0,30.0,Eaton
2025-01-08 04:16:17.092795008,34.21371265897895,-118.09866985760715,622.77277,,,33.0,Eaton
2025-01-08 04:16:17.092795008,34.161535736108426,-118.05820425073031,348.66394,577.7751,83030.08,30.0,Eaton
2025-01-08 04:16:17.092795008,34.19012763083686,-118.11575882609391,830.68896,723.63196,54247.52,30.0,Eaton
2025-01-08 04:16:17.092795008,34.16404161172614,-118.09551373524333,359.59,582.6644,81139.7,30.0,Eaton
2025-01-08 04:16:17.092795008,34.21622840368383,-118.13604847045053,448.80316,,,33.0,Eaton
2025-01-08 04:16:17.092795008,34.09499226178677,-118.53919286962353,1123.4485,935.4128,22781.84,30.0,Palisades
2025-01-08 04:16:17.092795008,34.07145843020336,-118.55640253905382,2587.766,769.6688,124130.6,30.0,Palisades
2025-01-08 04:16:17.092795008,34.04793264602768,-118.57362735342862,2778.951,744.1782,157364.7,30.0,Palisades
2025-01-08 04:16:17.092795008,34.050480566632984,-118.6113904539408,3962.9258,707.6454,290484.03,30.0,Palisades
2025-01-08 04:16:17.092795008,34.053033558195125,-118.64918271388292,1698.5333,889.21106,42417.4,30.0,Palisades
2025-01-08 04:16:17.092795008,34.066429700418006,-118.48112767526477,377.22928,689.4613,31745.9,30.0,Palisades
2025-01-08 04:16:17.092795008,34.07656001637729,-118.63195172314548,1285.3772,899.81384,30526.299,30.0,Palisades
2025-01-08 04:16:17.092795008,34.068969962321546,-118.51880459364624,2851.4434,755.1106,150169.06,30.0,Palisades
2025-01-08 04:16:17.092795008,34.09748567393056,-118.576825912057,843.7471,920.1404,18269.32,30.0,Palisades
2025-01-08 04:16:17.092795008,34.042905560281234,-118.4983495521721,1400.4784,700.99805,107909.92,30.0,Palisades
2025-01-08 04:16:17.092795008,34.045389075623206,-118.53591232702891,2106.752,706.21704,156084.12,30.0,Palisades
2025-01-08 04:16:17.092795008,34.07400704112978,-118.59415303589158,2166.4692,751.81445,116630.06,30.0,Palisades
2025-01-08 04:21:17.092494976,34.09499226178677,-118.53919286962353,1146.4788,878.6632,30099.44,30.0,Palisades
2025-01-08 04:21:17.092494976,34.21371265897895,-118.09866985760715,511.6379,,,33.0,Eaton
2025-01-08 04:21:17.092494976,34.19012763083686,-118.11575882609391,770.3801,658.5869,83517.92,30.0,Eaton
2025-01-08 04:21:17.092494976,34.18761682859531,-118.07841483557006,962.1707,664.3003,99311.74,30.0,Eaton
2025-01-08 04:21:17.092494976,34.16404161172614,-118.09551373524333,351.45743,578.5991,82908.12,30.0,Eaton
2025-01-08 04:21:17.092494976,34.07656001637729,-118.63195172314548,1355.3042,810.4868,50954.6,30.0,Palisades
2025-01-08 04:21:17.092494976,34.042905560281234,-118.4983495521721,1454.4376,729.62,91018.46,30.0,Palisades
2025-01-08 04:21:17.092494976,34.09748567393056,-118.576825912057,796.7441,918.16266,17415.6,30.0,Palisades
2025-01-08 04:21:17.092494976,34.21622840368383,-118.13604847045053,318.39944,,,33.0,Eaton
2025-01-08 04:21:17.092494976,34.07911807667682,-118.66977967232299,347.69794,1129.0095,4000.0,30.0,Palisades
2025-01-08 04:21:17.092494976,34.045389075623206,-118.53591232702891,2144.635,715.83093,148034.77,30.0,Palisades
2025-01-08 04:21:17.092494976,34.07400704112978,-118.59415303589158,2339.2864,769.0646,112605.38,30.0,Palisades
2025-01-08 04:21:17.092494976,34.068969962321546,-118.51880459364624,2914.872,740.8821,168767.95,30.0,Palisades
2025-01-08 04:21:17.092494976,34.066429700418006,-118.48112767526477,475.3339,1075.0068,5707.44,30.0,Palisades
2025-01-08 04:21:17.092494976,34.053033558195125,-118.64918271388292,1826.0323,820.2655,64980.0,30.0,Palisades
2025-01-08 04:21:17.092494976,34.050480566632984,-118.6113904539408,4241.761,720.28076,283532.3,30.0,Palisades
2025-01-08 04:21:17.092494976,34.04793264602768,-118.57362735342862,2604.6611,739.6185,152120.42,30.0,Palisades
2025-01-08 04:21:17.092494976,34.07145843020336,-118.55640253905382,2410.5864,758.0223,124557.46,30.0,Palisades
2025-01-08 04:26:17.092183040,34.068969962321546,-118.51880459364624,2634.404,717.6438,179439.45,30.0,Palisades
2025-01-08 04:26:17.092183040,34.09748567393056,-118.576825912057,675.2474,854.3263,20037.74,30.0,Palisades
2025-01-08 04:26:17.092183040,34.09499226178677,-118.53919286962353,1025.9347,852.2936,30770.22,30.0,Palisades
2025-01-08 04:26:17.092183040,34.07911807667682,-118.66977967232299,568.36176,1819.3438,4000.0,30.0,Palisades
2025-01-08 04:26:17.092183040,34.07145843020336,-118.55640253905382,2247.4333,748.3534,123764.72,30.0,Palisades
2025-01-08 04:26:17.092183040,34.18761682859531,-118.07841483557006,1083.4393,666.7175,109617.36,30.0,Eaton
2025-01-08 04:26:17.092183040,34.21371265897895,-118.09866985760715,561.80457,,,33.0,Eaton
2025-01-08 04:26:17.092183040,34.19012763083686,-118.11575882609391,751.74634,648.75323,88762.2,30.0,Eaton
2025-01-08 04:26:17.092183040,34.07400704112978,-118.59415303589158,2523.3333,772.9651,118581.42,30.0,Palisades
2025-01-08 04:26:17.092183040,34.21622840368383,-118.13604847045053,306.15094,,,33.0,Eaton
2025-01-08 04:26:17.092183040,34.042905560281234,-118.4983495521721,1530.9619,727.3676,97299.4,30.0,Palisades
2025-01-08 04:26:17.092183040,34.066429700418006,-118.48112767526477,487.10297,1036.9358,6622.1396,30.0,Palisades
2025-01-08 04:26:17.092183040,34.053033558195125,-118.64918271388292,2233.886,878.6083,58699.06,30.0,Palisades
2025-01-08 04:26:17.092183040,34.04793264602768,-118.57362735342862,2884.3687,720.7752,192123.3,30.0,Palisades
2025-01-08 04:26:17.092183040,34.045389075623206,-118.53591232702891,2133.6055,724.73065,138156.0,30.0,Palisades
2025-01-08 04:26:17.092183040,34.07656001637729,-118.63195172314548,2351.5608,919.0966,51137.54,30.0,Palisades
2025-01-08 04:26:17.092183040,34.16404161172614,-118.09551373524333,314.4682,570.853,80956.76,30.0,Eaton
2025-01-08 04:31:17.091873024,34.07400704112978,-118.59415303589158,2217.9507,748.84784,121752.38,30.0,Palisades
2025-01-08 04:31:17.091873024,34.04793264602768,-118.57362735342862,2575.0447,731.7626,158706.27,30.0,Palisades
2025-01-08 04:31:17.091873024,34.042905560281234,-118.4983495521721,1358.103,712.75446,95896.86,30.0,Palisades
2025-01-08 04:31:17.091873024,34.09748567393056,-118.576825912057,635.0109,895.309,15403.26,30.0,Palisades
2025-01-08 04:31:17.091873024,34.07656001637729,-118.63195172314548,1773.8889,871.5214,48210.5,30.0,Palisades
2025-01-08 04:31:17.091873024,34.068969962321546,-118.51880459364624,2193.4902,699.0752,171451.08,30.0,Palisades
2025-01-08 04:31:17.091873024,34.07911807667682,-118.66977967232299,461.7917,1507.0837,4000.0,30.0,Palisades
2025-01-08 04:31:17.091873024,34.09499226178677,-118.53919286962353,938.8597,851.1948,28270.04,30.0,Palisades
2025-01-08 04:31:17.091873024,34.045389075623206,-118.53591232702891,2062.8506,703.635,155840.2,30.0,Palisades
2025-01-08 04:31:17.091873024,34.066429700418006,-118.48112767526477,359.49188,967.00134,6378.2197,30.0,Palisades
2025-01-08 04:31:17.091873024,34.21371265897895,-118.09866985760715,579.15137,,,33.0,Eaton
2025-01-08 04:31:17.091873024,34.18761682859531,-118.07841483557006,1200.1483,674.5735,113764.0,30.0,Eaton
2025-01-08 04:31:17.091873024,34.16404161172614,-118.09551373524333,315.18042,571.07275,80895.78,30.0,Eaton
2025-01-08 04:31:17.091873024,34.07145843020336,-118.55640253905382,2180.5947,753.0231,116386.14,30.0,Palisades
2025-01-08 04:31:17.091873024,34.055590021104194,-118.68701610912929,259.51276,,,33.0,Palisades
2025-01-08 04:31:17.091873024,34.053033558195125,-118.64918271388292,2492.589,864.5445,70163.3,30.0,Palisades
2025-01-08 04:31:17.091873024,34.21622840368383,-118.13604847045053,322.3357,,,33.0,Eaton
2025-01-08 04:31:17.091873024,34.19012763083686,-118.11575882609391,857.676,649.68713,100409.38,30.0,Eaton
2025-01-08 04:36:17.091570048,34.161535736108426,-118.05820425073031,337.2663,568.1062,89615.92,30.0,Eaton
2025-01-08 04:36:17.091570048,34.21622840368383,-118.13604847045053,271.4967,,,33.0,Eaton
2025-01-08 04:36:17.091570048,34.18761682859531,-118.07841483557006,1634.8715,722.0937,107848.94,30.0,Eaton
2025-01-08 04:36:17.091570048,34.07400704112978,-118.59415303589158,2031.7633,747.08984,112788.32,30.0,Palisades
2025-01-08 04:36:17.091570048,34.042905560281234,-118.4983495521721,1355.3744,695.6692,108763.64,30.0,Palisades
2025-01-08 04:36:17.091570048,34.045389075623206,-118.53591232702891,2025.8855,702.756,154071.78,30.0,Palisades
2025-01-08 04:36:17.091570048,34.04793264602768,-118.57362735342862,3047.0645,771.04224,144924.78,30.0,Palisades
2025-01-08 04:36:17.091570048,34.068969962321546,-118.51880459364624,2223.4534,706.54663,164316.42,30.0,Palisades
2025-01-08 04:36:17.091570048,34.053033558195125,-118.64918271388292,3228.2913,829.4949,109129.516,30.0,Palisades
2025-01-08 04:36:17.091570048,34.066429700418006,-118.48112767526477,292.12253,671.1124,28513.959,30.0,Palisades
2025-01-08 04:36:17.091570048,34.07656001637729,-118.63195172314548,1618.0458,797.6316,65467.84,30.0,Palisades
2025-01-08 04:36:17.091570048,34.07911807667682,-118.66977967232299,636.7408,1393.8594,4000.0,30.0,Palisades
2025-01-08 04:36:17.091570048,34.09499226178677,-118.53919286962353,541.27875,709.7329,39063.5,30.0,Palisades
2025-01-08 04:36:17.091570048,34.09748567393056,-118.576825912057,444.37842,721.819,29367.68,30.0,Palisades
2025-01-08 04:36:17.091570048,34.07145843020336,-118.55640253905382,2285.2244,760.1648,116508.1,30.0,Palisades
2025-01-08 04:36:17.091570048,34.16404161172614,-118.09551373524333,362.81512,605.46313,64431.18,30.0,Eaton
2025-01-08 04:36:17.091570048,34.21371265897895,-118.09866985760715,401.1085,,,33.0,Eaton
2025-01-08 04:36:17.091570048,34.19012763083686,-118.11575882609391,877.2945,672.8705,84371.64,30.0,Eaton
2025-01-08 04:41:17.093063040,34.19012763083686,-118.11575882609391,1151.8716,711.6008,81993.42,30.0,Eaton
2025-01-08 04:41:17.093063040,34.18761682859531,-118.07841483557006,1673.1567,716.3253,115044.58,30.0,Eaton
2025-01-08 04:41:17.093063040,34.16404161172614,-118.09551373524333,506.11658,638.6449,65406.86,30.0,Eaton
2025-01-08 04:41:17.093063040,34.161535736108426,-118.05820425073031,459.1954,604.4193,82420.28,30.0,Eaton
2025-01-08 04:41:17.093063040,34.21622840368383,-118.13604847045053,358.3221,,,33.0,Eaton
2025-01-08 04:41:17.093063040,34.21371265897895,-118.09866985760715,433.09232,,,33.0,Eaton
2025-01-08 04:41:17.093063040,34.07400704112978,-118.59415303589158,1831.8905,751.0453,99128.8,30.0,Palisades
2025-01-08 04:41:17.093063040,34.07911807667682,-118.66977967232299,543.90826,1456.2124,4000.0,30.0,Palisades
2025-01-08 04:41:17.093063040,34.07656001637729,-118.63195172314548,1561.5664,798.40076,62906.68,30.0,Palisades
2025-01-08 04:41:17.093063040,34.07145843020336,-118.55640253905382,1991.3119,718.7975,134558.19,30.0,Palisades
2025-01-08 04:41:17.093063040,34.04793264602768,-118.57362735342862,2889.1458,770.438,137912.08,30.0,Palisades
2025-01-08 04:41:17.093063040,34.053033558195125,-118.64918271388292,2722.3552,791.5336,114251.836,30.0,Palisades
2025-01-08 04:41:17.093063040,34.042905560281234,-118.4983495521721,1287.2094,705.8874,95591.96,30.0,Palisades
2025-01-08 04:41:17.093063040,34.09499226178677,-118.53919286962353,395.32544,687.70337,33758.242,30.0,Palisades
2025-01-08 04:41:17.093063040,34.09748567393056,-118.576825912057,371.999,705.5028,27721.22,30.0,Palisades
2025-01-08 04:41:17.093063040,34.045389075623206,-118.53591232702891,2100.039,703.68994,158584.3,30.0,Palisades
2025-01-08 04:41:17.093063040,34.068969962321546,-118.51880459364624,2007.9946,707.5355,147303.0,30.0,Palisades
2025-01-08 04:46:17.092740992,34.18761682859531,-118.07841483557006,1945.7776,737.6957,115105.56,30.0,Eaton
2025-01-08 04:46:17.092740992,34.161535736108426,-118.05820425073031,479.18854,607.5507,83334.98,30.0,Eaton
2025-01-08 04:46:17.092740992,34.21622840368383,-118.13604847045053,391.57355,,,33.0,Eaton
2025-01-08 04:46:17.092740992,34.21371265897895,-118.09866985760715,522.4194,,,33.0,Eaton
2025-01-08 04:46:17.092740992,34.16404161172614,-118.09551373524333,486.63376,652.1044,55772.02,30.0,Eaton
2025-01-08 04:46:17.092740992,34.19012763083686,-118.11575882609391,1306.9513,759.3957,66931.36,30.0,Eaton
2025-01-08 04:46:17.092740992,34.07911807667682,-118.66977967232299,366.59775,1425.0084,4000.0,30.0,Palisades
2025-01-08 04:46:17.092740992,34.042905560281234,-118.4983495521721,1355.3442,714.5674,94433.336,30.0,Palisades
2025-01-08 04:46:17.092740992,34.068969962321546,-118.51880459364624,1995.0354,709.89777,143827.14,30.0,Palisades
2025-01-08 04:46:17.092740992,34.09499226178677,-118.53919286962353,364.84604,672.376,35221.758,30.0,Palisades
2025-01-08 04:46:17.092740992,34.07656001637729,-118.63195172314548,1463.0361,831.4726,48942.258,30.0,Palisades
2025-01-08 04:46:17.092740992,34.07400704112978,-118.59415303589158,1795.7023,741.761,103336.42,30.0,Palisades
2025-01-08 04:46:17.092740992,34.07145843020336,-118.55640253905382,1793.7719,706.272,132850.75,30.0,Palisades
2025-01-08 04:46:17.092740992,34.050480566632984,-118.6113904539408,3795.073,763.13135,189806.06,30.0,Palisades
2025-01-08 04:46:17.092740992,34.09748567393056,-118.576825912057,304.29358,690.56006,25403.98,30.0,Palisades
2025-01-08 04:46:17.092740992,34.04793264602768,-118.57362735342862,3006.3313,752.47363,161084.48,30.0,Palisades
2025-01-08 04:46:17.092740992,34.045389075623206,-118.53591232702891,2159.9817,714.7322,150291.02,30.0,Palisades
2025-01-08 04:46:17.092740992,34.053033558195125,-118.64918271388292,1649.2802,778.7334,74797.78,30.0,Palisades
2025-01-08 04:51:17.092419968,34.050480566632984,-118.6113904539408,3633.7217,736.48706,216759.22,30.0,Palisades
2025-01-08 04:51:17.092419968,34.07145843020336,-118.55640253905382,1853.9534,729.8947,115776.336,30.0,Palisades
2025-01-08 04:51:17.092419968,34.09748567393056,-118.576825912057,382.50577,708.30457,27904.16,30.0,Palisades
2025-01-08 04:51:17.092419968,34.09499226178677,-118.53919286962353,466.13135,697.64685,36868.22,30.0,Palisades
2025-01-08 04:51:17.092419968,34.16404161172614,-118.09551373524333,442.05606,637.82086,57540.44,30.0,Eaton
2025-01-08 04:51:17.092419968,34.07400704112978,-118.59415303589158,1863.0488,751.2651,100653.3,30.0,Palisades
2025-01-08 04:51:17.092419968,34.07656001637729,-118.63195172314548,1513.8007,831.25287,50710.68,30.0,Palisades
2025-01-08 04:51:17.092419968,34.053033558195125,-118.64918271388292,1933.8456,748.90283,106141.5,30.0,Palisades
2025-01-08 04:51:17.092419968,34.068969962321546,-118.51880459364624,1635.2434,687.81323,139436.58,30.0,Palisades
2025-01-08 04:51:17.092419968,34.045389075623206,-118.53591232702891,2100.8044,702.9208,159559.98,30.0,Palisades
2025-01-08 04:51:17.092419968,34.21622840368383,-118.13604847045053,580.8517,863.1161,16439.92,30.0,Eaton
2025-01-08 04:51:17.092419968,34.18761682859531,-118.07841483557006,1893.1825,740.2228,110105.195,30.0,Eaton
2025-01-08 04:51:17.092419968,34.161535736108426,-118.05820425073031,405.00204,587.0593,87176.72,30.0,Eaton
2025-01-08 04:51:17.092419968,34.21371265897895,-118.09866985760715,580.017,,,33.0,Eaton
2025-01-08 04:51:17.092419968,34.042905560281234,-118.4983495521721,1225.1565,693.25195,100104.48,30.0,Palisades
2025-01-08 04:51:17.092419968,34.04793264602768,-118.57362735342862,2748.5051,745.1122,154681.58,30.0,Palisades
2025-01-08 04:51:17.092419968,34.07911807667682,-118.66977967232299,377.03668,1107.6392,4060.98,30.0,Palisades
2025-01-08 04:51:17.092419968,34.19012763083686,-118.11575882609391,1218.848,726.04913,78212.66,30.0,Eaton
2025-01-08 04:56:17.092105984,34.09499226178677,-118.53919286962353,656.4931,774.0638,30648.26,30.0,Palisades
2025-01-08 04:56:17.092105984,34.07911807667682,-118.66977967232299,413.0065,,,33.0,Palisades
2025-01-08 04:56:17.092105984,34.09748567393056,-118.576825912057,399.58417,736.10254,23879.48,30.0,Palisades
2025-01-08 04:56:17.092105984,34.042905560281234,-118.4983495521721,1045.1774,670.83777,102177.8,30.0,Palisades
2025-01-08 04:56:17.092105984,34.04793264602768,-118.57362735342862,2118.1978,725.0054,136875.42,30.0,Palisades
2025-01-08 04:56:17.092105984,34.07656001637729,-118.63195172314548,2172.406,875.7516,57845.34,30.0,Palisades
2025-01-08 04:56:17.092105984,34.07145843020336,-118.55640253905382,1771.69,725.7195,113946.94,30.0,Palisades
2025-01-08 04:56:17.092105984,34.045389075623206,-118.53591232702891,1938.1925,718.6876,131021.336,30.0,Palisades
2025-01-08 04:56:17.092105984,34.068969962321546,-118.51880459364624,1633.8264,673.9692,155657.27,30.0,Palisades
2025-01-08 04:56:17.092105984,34.07400704112978,-118.59415303589158,2136.3418,770.0534,102238.78,30.0,Palisades
2025-01-08 04:56:17.092105984,34.050480566632984,-118.6113904539408,3354.9111,710.61194,240602.39,30.0,Palisades
2025-01-08 04:56:17.092105984,34.18761682859531,-118.07841483557006,1942.6543,741.37646,112117.54,30.0,Eaton
2025-01-08 04:56:17.092105984,34.161535736108426,-118.05820425073031,556.8439,646.6107,66992.34,30.0,Eaton
2025-01-08 04:56:17.092105984,34.16404161172614,-118.09551373524333,414.88034,667.32184,41746.62,30.0,Eaton
2025-01-08 04:56:17.092105984,34.19012763083686,-118.11575882609391,1473.9996,776.426,67785.08,30.0,Eaton
2025-01-08 04:56:17.092105984,34.21371265897895,-118.09866985760715,1008.2946,,,33.0,Eaton
2025-01-08 04:56:17.092105984,34.21622840368383,-118.13604847045053,919.46924,894.7047,22354.98,30.0,Eaton
2025-01-08 04:56:17.092105984,34.053033558195125,-118.64918271388292,1830.7948,775.21747,84859.48,30.0,Palisades
2025-01-08 05:01:17.091784960,34.21622840368383,-118.13604847045053,737.19666,775.657,34063.14,30.0,Eaton
2025-01-08 05:01:17.091784960,34.18761682859531,-118.07841483557006,2343.3115,761.3185,118581.42,30.0,Eaton
2025-01-08 05:01:17.091784960,34.19012763083686,-118.11575882609391,1837.6736,798.18097,74127.0,30.0,Eaton
2025-01-08 05:01:17.091784960,34.21371265897895,-118.09866985760715,1004.42737,961.7824,18208.34,30.0,Eaton
2025-01-08 05:01:17.091784960,34.18510935004094,-118.04111019501573,293.2433,646.50085,35282.742,30.0,Eaton
2025-01-08 05:01:17.091784960,34.16404161172614,-118.09551373524333,461.97424,647.87427,54979.28,30.0,Eaton
2025-01-08 05:01:17.091784960,34.161535736108426,-118.05820425073031,413.76743,585.1366,90896.5,30.0,Eaton
2025-01-08 05:01:17.091784960,34.09499226178677,-118.53919286962353,361.7545,630.8988,50222.84,30.0,Palisades
2025-01-08 05:01:17.091784960,34.04793264602768,-118.57362735342862,2156.669,780.49133,96750.58,30.0,Palisades
2025-01-08 05:01:17.091784960,34.050480566632984,-118.6113904539408,3322.5674,736.597,198099.34,30.0,Palisades
2025-01-08 05:01:17.091784960,34.053033558195125,-118.64918271388292,1816.8351,719.56665,122057.28,30.0,Palisades
2025-01-08 05:01:17.091784960,34.07145843020336,-118.55640253905382,1763.7222,723.4671,115227.516,30.0,Palisades
2025-01-08 05:01:17.091784960,34.07400704112978,-118.59415303589158,1366.0636,712.6446,96506.66,30.0,Palisades
2025-01-08 05:01:17.091784960,34.07656001637729,-118.63195172314548,1174.1407,774.9977,54491.44,30.0,Palisades
2025-01-08 05:01:17.091784960,34.07911807667682,-118.66977967232299,396.24844,1032.2112,5463.52,30.0,Palisades
2025-01-08 05:01:17.091784960,34.045389075623206,-118.53591232702891,2067.7979,704.1294,155596.28,30.0,Palisades
2025-01-08 05:01:17.091784960,34.09748567393056,-118.576825912057,292.7505,677.70483,27050.44,30.0,Palisades
2025-01-08 05:01:17.091784960,34.042905560281234,-118.4983495521721,1191.6412,714.2927,83213.016,30.0,Palisades
2025-01-08 05:01:17.091784960,34.068969962321546,-118.51880459364624,1920.3037,695.834,153888.84,30.0,Palisades
2025-01-08 05:06:17.091454080,34.18510935004094,-118.04111019501573,320.25333,669.13477,31745.9,30.0,Eaton
2025-01-08 05:06:17.091454080,34.21371265897895,-118.09866985760715,1164.2391,982.4386,19427.94,30.0,Eaton
2025-01-08 05:06:17.091454080,34.19012763083686,-118.11575882609391,2009.628,822.68274,70529.18,30.0,Eaton
2025-01-08 05:06:17.091454080,34.16404161172614,-118.09551373524333,426.3433,643.9188,52540.08,30.0,Eaton
2025-01-08 05:06:17.091454080,34.18761682859531,-118.07841483557006,3025.4937,801.4772,119740.04,30.0,Eaton
2025-01-08 05:06:17.091454080,34.161535736108426,-118.05820425073031,559.2877,609.3087,95530.98,30.0,Eaton
2025-01-08 05:06:17.091454080,34.21622840368383,-118.13604847045053,881.58966,839.76807,28209.06,30.0,Eaton
2025-01-08 05:06:17.091454080,34.09499226178677,-118.53919286962353,321.90714,631.22845,44551.7,30.0,Palisades
2025-01-08 05:06:17.091454080,34.04793264602768,-118.57362735342862,2129.1216,752.2539,114251.836,30.0,Palisades
2025-01-08 05:06:17.091454080,34.042905560281234,-118.4983495521721,1254.3668,688.2527,106568.36,30.0,Palisades
2025-01-08 05:06:17.091454080,34.045389075623206,-118.53591232702891,2051.7043,704.5139,153949.81,30.0,Palisades
2025-01-08 05:06:17.091454080,34.050480566632984,-118.6113904539408,3608.9187,727.0929,229869.92,30.0,Palisades
2025-01-08 05:06:17.091454080,34.068969962321546,-118.51880459364624,1865.8451,684.6269,163157.8,30.0,Palisades
2025-01-08 05:06:17.091454080,34.07145843020336,-118.55640253905382,1687.3198,732.42175,103519.36,30.0,Palisades
2025-01-08 05:06:17.091454080,34.053033558195125,-118.64918271388292,2226.9736,763.62585,111019.9,30.0,Palisades
2025-01-08 05:06:17.091454080,34.066429700418006,-118.48112767526477,339.0766,707.2608,24916.14,30.0,Palisades
2025-01-08 05:06:17.091454080,34.07656001637729,-118.63195172314548,1085.9916,792.74225,45222.48,30.0,Palisades
2025-01-08 05:06:17.091454080,34.07400704112978,-118.59415303589158,1185.5604,689.1317,100104.48,30.0,Palisades
2025-01-08 05:06:17.091454080,34.07911807667682,-118.66977967232299,469.96985,1091.8724,5341.56,30.0,Palisades
2025-01-08 05:11:17.092929024,34.07656001637729,-118.63195172314548,943.5484,747.859,52113.22,30.0,Palisades
2025-01-08 05:11:17.092929024,34.09748567393056,-118.576825912057,288.94116,653.4778,32721.58,30.0,Palisades
2025-01-08 05:11:17.092929024,34.07145843020336,-118.55640253905382,1788.6062,759.56055,91506.3,30.0,Palisades
2025-01-08 05:11:17.092929024,34.04793264602768,-118.57362735342862,1863.072,753.0231,99494.68,30.0,Palisades
2025-01-08 05:11:17.092929024,34.042905560281234,-118.4983495521721,1052.8452,676.3314,98397.04,30.0,Palisades
2025-01-08 05:11:17.092929024,34.07400704112978,-118.59415303589158,1119.666,681.0011,100775.26,30.0,Palisades
2025-01-08 05:11:17.092929024,34.068969962321546,-118.51880459364624,1653.8181,676.00183,154986.48,30.0,Palisades
2025-01-08 05:11:17.092929024,34.045389075623206,-118.53591232702891,1928.4591,709.5132,139375.6,30.0,Palisades
2025-01-08 05:11:17.092929024,34.07911807667682,-118.66977967232299,465.78622,1091.2131,5280.58,30.0,Palisades
2025-01-08 05:11:17.092929024,34.053033558195125,-118.64918271388292,2415.2532,722.3135,159133.12,30.0,Palisades
2025-01-08 05:11:17.092929024,34.19012763083686,-118.11575882609391,1684.8744,783.45795,74187.98,30.0,Eaton
2025-01-08 05:11:17.092929024,34.18761682859531,-118.07841483557006,2534.689,776.92053,116203.195,30.0,Eaton
2025-01-08 05:11:17.092929024,34.21371265897895,-118.09866985760715,786.8587,886.29944,19915.781,30.0,Eaton
2025-01-08 05:11:17.092929024,34.161535736108426,-118.05820425073031,528.1988,606.3971,92908.836,30.0,Eaton
2025-01-08 05:11:17.092929024,34.21622840368383,-118.13604847045053,668.7588,783.9524,29367.68,30.0,Eaton
2025-01-08 05:11:17.092929024,34.16404161172614,-118.09551373524333,365.6301,601.7274,67480.18,30.0,Eaton
2025-01-08 05:11:17.092929024,34.09499226178677,-118.53919286962353,312.4604,633.0414,42478.38,30.0,Palisades
2025-01-08 05:11:17.092929024,34.050480566632984,-118.6113904539408,2917.7495,700.6684,225357.39,30.0,Palisades
2025-01-08 05:11:17.092929024,34.055590021104194,-118.68701610912929,280.33127,833.94476,9244.279,30.0,Palisades
2025-01-08 05:16:17.092610048,34.07656001637729,-118.63195172314548,879.2988,757.74756,45527.38,30.0,Palisades
2025-01-08 05:16:17.092610048,34.07145843020336,-118.55640253905382,1826.8356,717.1494,124862.36,30.0,Palisades
2025-01-08 05:16:17.092610048,34.161535736108426,-118.05820425073031,462.54535,600.68365,86262.016,30.0,Eaton
2025-01-08 05:16:17.092610048,34.16404161172614,-118.09551373524333,322.17834,578.81885,75834.44,30.0,Eaton
2025-01-08 05:16:17.092610048,34.18510935004094,-118.04111019501573,378.0266,733.1909,23086.74,30.0,Eaton
2025-01-08 05:16:17.092610048,34.18761682859531,-118.07841483557006,2080.3538,710.06256,149742.2,30.0,Eaton
2025-01-08 05:16:17.092610048,34.19012763083686,-118.11575882609391,1145.4095,703.68994,86444.96,30.0,Eaton
2025-01-08 05:16:17.092610048,34.21371265897895,-118.09866985760715,650.9537,799.2797,26074.76,30.0,Eaton
2025-01-08 05:16:17.092610048,34.045389075623206,-118.53591232702891,2235.1604,713.2489,157242.73,30.0,Palisades
2025-01-08 05:16:17.092610048,34.068969962321546,-118.51880459364624,1834.2479,710.7218,131448.19,30.0,Palisades
2025-01-08 05:16:17.092610048,34.042905560281234,-118.4983495521721,1223.2961,693.3069,99921.54,30.0,Palisades
2025-01-08 05:16:17.092610048,34.050480566632984,-118.6113904539408,2405.311,710.83167,172243.81,30.0,Palisades
2025-01-08 05:16:17.092610048,34.21622840368383,-118.13604847045053,442.78024,697.537,35038.82,30.0,Eaton
2025-01-08 05:16:17.092610048,34.053033558195125,-118.64918271388292,1986.3344,709.89777,143217.34,30.0,Palisades
2025-01-08 05:16:17.092610048,34.09748567393056,-118.576825912057,287.53723,655.8401,31928.84,30.0,Palisades
2025-01-08 05:16:17.092610048,34.07400704112978,-118.59415303589158,1233.776,700.6684,95287.06,30.0,Palisades
2025-01-08 05:16:17.092610048,34.09499226178677,-118.53919286962353,380.862,660.6745,40527.02,30.0,Palisades
2025-01-08 05:16:17.092610048,34.07911807667682,-118.66977967232299,309.54837,1487.5264,4000.0,30.0,Palisades
2025-01-08 05:16:17.092610048,34.04793264602768,-118.57362735342862,1912.0331,782.7438,84615.56,30.0,Palisades
2025-01-08 05:21:17.092290048,34.19012763083686,-118.11575882609391,1098.6173,670.7279,107483.06,30.0,Eaton
2025-01-08 05:21:17.092290048,34.16404161172614,-118.09551373524333,353.70245,594.5857,70224.28,30.0,Eaton
2025-01-08 05:21:17.092290048,34.21371265897895,-118.09866985760715,653.41986,776.48096,30038.459,30.0,Eaton
2025-01-08 05:21:17.092290048,34.21622840368383,-118.13604847045053,552.7758,709.89777,39856.24,30.0,Eaton
2025-01-08 05:21:17.092290048,34.07911807667682,-118.66977967232299,367.89175,1043.2534,4914.7,30.0,Palisades
2025-01-08 05:21:17.092290048,34.09499226178677,-118.53919286962353,326.82492,606.83655,57235.54,30.0,Palisades
2025-01-08 05:21:17.092290048,34.07145843020336,-118.55640253905382,2012.2712,724.7856,130289.58,30.0,Palisades
2025-01-08 05:21:17.092290048,34.07656001637729,-118.63195172314548,925.2607,737.80554,54735.36,30.0,Palisades
2025-01-08 05:21:17.092290048,34.045389075623206,-118.53591232702891,2114.2231,708.4144,154071.78,30.0,Palisades
2025-01-08 05:21:17.092290048,34.04793264602768,-118.57362735342862,1886.1193,756.539,98397.04,30.0,Palisades
2025-01-08 05:21:17.092290048,34.050480566632984,-118.6113904539408,2259.345,704.2942,169804.62,30.0,Palisades
2025-01-08 05:21:17.092290048,34.18761682859531,-118.07841483557006,2211.7527,728.8509,139070.7,30.0,Eaton
2025-01-08 05:21:17.092290048,34.068969962321546,-118.51880459364624,1617.2361,685.1763,140839.12,30.0,Palisades
2025-01-08 05:21:17.092290048,34.042905560281234,-118.4983495521721,1070.7651,679.29803,97726.26,30.0,Palisades
2025-01-08 05:21:17.092290048,34.161535736108426,-118.05820425073031,381.4581,576.0171,92664.92,30.0,Eaton
2025-01-08 05:21:17.092290048,34.053033558195125,-118.64918271388292,1768.7809,685.0664,154132.77,30.0,Palisades
2025-01-08 05:21:17.092290048,34.07400704112978,-118.59415303589158,1398.9021,717.8086,95165.1,30.0,Palisades
2025-01-08 05:21:17.092290048,34.09748567393056,-118.576825912057,319.04575,650.0717,37234.1,30.0,Palisades
2025-01-08 05:26:17.091959936,34.18510935004094,-118.04111019501573,279.87497,666.77246,28270.04,30.0,Eaton
2025-01-08 05:26:17.091959936,34.21622840368383,-118.13604847045053,523.61523,695.4494,42112.5,30.0,Eaton
2025-01-08 05:26:17.091959936,34.16404161172614,-118.09551373524333,269.3432,568.16113,71504.86,30.0,Eaton
2025-01-08 05:26:17.091959936,34.161535736108426,-118.05820425073031,422.36856,625.1305,61870.02,30.0,Eaton
2025-01-08 05:26:17.091959936,34.18761682859531,-118.07841483557006,2052.9785,709.678,148217.7,30.0,Eaton
2025-01-08 05:26:17.091959936,34.19012763083686,-118.11575882609391,1092.4371,686.5497,94067.46,30.0,Eaton
2025-01-08 05:26:17.091959936,34.21371265897895,-118.09866985760715,747.7799,770.38306,35709.6,30.0,Eaton
2025-01-08 05:26:17.091959936,34.07656001637729,-118.63195172314548,1312.5232,801.9167,51808.32,30.0,Palisades
2025-01-08 05:26:17.091959936,34.050480566632984,-118.6113904539408,2375.7612,739.17896,139131.67,30.0,Palisades
2025-01-08 05:26:17.091959936,34.07400704112978,-118.59415303589158,1600.8126,705.77747,119008.28,30.0,Palisades
2025-01-08 05:26:17.091959936,34.07145843020336,-118.55640253905382,2047.8512,730.38916,127423.516,30.0,Palisades
2025-01-08 05:26:17.091959936,34.053033558195125,-118.64918271388292,1458.6637,681.44055,130838.4,30.0,Palisades
2025-01-08 05:26:17.091959936,34.068969962321546,-118.51880459364624,1833.7009,692.7575,150473.95,30.0,Palisades
2025-01-08 05:26:17.091959936,34.04793264602768,-118.57362735342862,2139.4685,782.0296,95043.14,30.0,Palisades
2025-01-08 05:26:17.091959936,34.09499226178677,-118.53919286962353,490.938,666.2781,49856.96,30.0,Palisades
2025-01-08 05:26:17.091959936,34.042905560281234,-118.4983495521721,1044.683,655.78516,115959.28,30.0,Palisades
2025-01-08 05:26:17.091959936,34.09748567393056,-118.576825912057,367.79007,661.71826,38819.58,30.0,Palisades
2025-01-08 05:26:17.091959936,34.045389075623206,-118.53591232702891,2076.9084,695.6692,166633.66,30.0,Palisades
2025-01-08 05:26:17.091959936,34.07911807667682,-118.66977967232299,289.19974,1320.2441,4000.0,30.0,Palisades
2025-01-08 05:31:17.091632000,34.21622840368383,-118.13604847045053,401.3758,685.34106,34916.86,30.0,Eaton
2025-01-08 05:31:17.091632000,34.161535736108426,-118.05820425073031,392.6101,601.5626,72541.516,30.0,Eaton
2025-01-08 05:31:17.091632000,34.18510935004094,-118.04111019501573,316.56088,700.77826,24428.3,30.0,Eaton
2025-01-08 05:31:17.091632000,34.16404161172614,-118.09551373524333,280.0245,597.6621,53881.64,30.0,Eaton
2025-01-08 05:31:17.091632000,34.18761682859531,-118.07841483557006,1703.7926,680.0122,154559.62,30.0,Eaton
2025-01-08 05:31:17.091632000,34.21371265897895,-118.09866985760715,514.774,774.6681,23940.459,30.0,Eaton
2025-01-08 05:31:17.091632000,34.19012763083686,-118.11575882609391,910.3056,690.615,75956.4,30.0,Eaton
2025-01-08 05:31:17.091632000,34.09499226178677,-118.53919286962353,414.9889,660.3998,44246.8,30.0,Palisades
2025-01-08 05:31:17.091632000,34.045389075623206,-118.53591232702891,2369.4512,702.5912,180415.14,30.0,Palisades
2025-01-08 05:31:17.091632000,34.042905560281234,-118.4983495521721,1132.2043,684.4071,99189.78,30.0,Palisades
2025-01-08 05:31:17.091632000,34.07656001637729,-118.63195172314548,1754.5996,808.61896,66626.46,30.0,Palisades
2025-01-08 05:31:17.091632000,34.04793264602768,-118.57362735342862,2716.254,820.37537,96567.64,30.0,Palisades
2025-01-08 05:31:17.091632000,34.07911807667682,-118.66977967232299,307.4885,1477.5828,4000.0,30.0,Palisades
2025-01-08 05:31:17.091632000,34.09748567393056,-118.576825912057,335.1267,665.5089,34246.08,30.0,Palisades
2025-01-08 05:31:17.091632000,34.053033558195125,-118.64918271388292,1329.7305,681.8251,118947.3,30.0,Palisades
2025-01-08 05:31:17.091632000,34.068969962321546,-118.51880459364624,1857.517,710.7218,133094.66,30.0,Palisades
2025-01-08 05:31:17.091632000,34.07145843020336,-118.55640253905382,2014.8524,715.1167,139802.45,30.0,Palisades
2025-01-08 05:31:17.091632000,34.07400704112978,-118.59415303589158,2001.1171,750.9354,108336.78,30.0,Palisades
2025-01-08 05:31:17.091632000,34.050480566632984,-118.6113904539408,3012.522,789.1714,128216.26,30.0,Palisades
2025-01-08 05:36:17.093117952,34.04793264602768,-118.57362735342862,2234.6648,752.6385,119618.08,30.0,Palisades
2025-01-08 05:36:17.093117952,34.19012763083686,-118.11575882609391,766.4682,657.598,83761.836,30.0,Eaton
2025-01-08 05:36:17.093117952,34.21371265897895,-118.09866985760715,540.8363,,,33.0,Eaton
2025-01-08 05:36:17.093117952,34.21622840368383,-118.13604847045053,405.27356,694.8451,32721.58,30.0,Eaton
2025-01-08 05:36:17.093117952,34.16404161172614,-118.09551373524333,272.71738,588.9822,57479.46,30.0,Eaton
2025-01-08 05:36:17.093117952,34.18761682859531,-118.07841483557006,1283.1099,655.895,142302.64,30.0,Eaton
2025-01-08 05:36:17.093117952,34.07400704112978,-118.59415303589158,3047.6663,764.7795,150778.86,30.0,Palisades
2025-01-08 05:36:17.093117952,34.07145843020336,-118.55640253905382,2413.1387,762.58203,121081.6,30.0,Palisades
2025-01-08 05:36:17.093117952,34.161535736108426,-118.05820425073031,373.7879,584.47736,82725.18,30.0,Eaton
2025-01-08 05:36:17.093117952,34.053033558195125,-118.64918271388292,1173.8188,807.41034,44917.58,30.0,Palisades
2025-01-08 05:36:17.093117952,34.045389075623206,-118.53591232702891,2639.128,724.45593,171268.14,30.0,Palisades
2025-01-08 05:36:17.093117952,34.050480566632984,-118.6113904539408,2699.845,734.39954,163401.72,30.0,Palisades
2025-01-08 05:36:17.093117952,34.07911807667682,-118.66977967232299,529.99384,,,33.0,Palisades
2025-01-08 05:36:17.093117952,34.09748567393056,-118.576825912057,371.22296,710.9415,26562.6,30.0,Palisades
2025-01-08 05:36:17.093117952,34.09499226178677,-118.53919286962353,579.9136,754.3965,30709.24,30.0,Palisades
2025-01-08 05:36:17.093117952,34.042905560281234,-118.4983495521721,1390.4475,714.51245,96872.54,30.0,Palisades
2025-01-08 05:36:17.093117952,34.07656001637729,-118.63195172314548,2806.4512,841.47107,89006.12,30.0,Palisades
2025-01-08 05:36:17.093117952,34.068969962321546,-118.51880459364624,1501.8394,680.45166,135777.78,30.0,Palisades
2025-01-08 05:41:17.092801024,34.21622840368383,-118.13604847045053,295.18826,678.8036,27050.44,30.0,Eaton
2025-01-08 05:41:17.092801024,34.19012763083686,-118.11575882609391,724.8029,636.1178,95835.88,30.0,Eaton
2025-01-08 05:41:17.092801024,34.18761682859531,-118.07841483557006,1309.9576,666.2781,133033.69,30.0,Eaton
2025-01-08 05:41:17.092801024,34.16404161172614,-118.09551373524333,359.9583,612.49506,59613.758,30.0,Eaton
2025-01-08 05:41:17.092801024,34.161535736108426,-118.05820425073031,376.15063,579.6979,87664.56,30.0,Eaton
2025-01-08 05:41:17.092801024,34.21371265897895,-118.09866985760715,336.54953,,,33.0,Eaton
2025-01-08 05:41:17.092801024,34.09499226178677,-118.53919286962353,354.92648,667.76135,35587.64,30.0,Palisades
2025-01-08 05:41:17.092801024,34.068969962321546,-118.51880459364624,1564.4203,687.70337,133521.52,30.0,Palisades
2025-01-08 05:41:17.092801024,34.050480566632984,-118.6113904539408,3844.7048,790.1602,162669.95,30.0,Palisades
2025-01-08 05:41:17.092801024,34.07656001637729,-118.63195172314548,2884.5027,990.8988,46625.02,30.0,Palisades
2025-01-08 05:41:17.092801024,34.09748567393056,-118.576825912057,324.76578,727.0929,20708.52,30.0,Palisades
2025-01-08 05:41:17.092801024,34.07911807667682,-118.66977967232299,419.51645,1214.8207,4000.0,30.0,Palisades
2025-01-08 05:41:17.092801024,34.07400704112978,-118.59415303589158,2844.8406,808.50903,108092.86,30.0,Palisades
2025-01-08 05:41:17.092801024,34.07145843020336,-118.55640253905382,2732.3171,815.76074,99677.62,30.0,Palisades
2025-01-08 05:41:17.092801024,34.04793264602768,-118.57362735342862,2752.9895,767.69116,133765.44,30.0,Palisades
2025-01-08 05:41:17.092801024,34.045389075623206,-118.53591232702891,2709.4639,720.88513,180354.16,30.0,Palisades
2025-01-08 05:41:17.092801024,34.053033558195125,-118.64918271388292,1516.2986,843.5587,47539.72,30.0,Palisades
2025-01-08 05:41:17.092801024,34.066429700418006,-118.48112767526477,275.98865,950.3555,5219.6,30.0,Palisades
2025-01-08 05:41:17.092801024,34.042905560281234,-118.4983495521721,1315.5575,736.0476,78700.5,30.0,Palisades
2025-01-08 05:46:17.092475008,34.18761682859531,-118.07841483557006,1251.2772,671.22235,121935.32,30.0,Eaton
2025-01-08 05:46:17.092475008,34.16404161172614,-118.09551373524333,299.98636,615.95605,48027.56,30.0,Eaton
2025-01-08 05:46:17.092475008,34.161535736108426,-118.05820425073031,279.1521,552.669,89006.12,30.0,Eaton
2025-01-08 05:46:17.092475008,34.21371265897895,-118.09866985760715,440.20032,,,33.0,Eaton
2025-01-08 05:46:17.092475008,34.21622840368383,-118.13604847045053,660.9313,812.1898,24611.24,30.0,Eaton
2025-01-08 05:46:17.092475008,34.19012763083686,-118.11575882609391,929.5283,675.9469,87115.74,30.0,Eaton
2025-01-08 05:46:17.092475008,34.07911807667682,-118.66977967232299,635.7494,2047.6606,4000.0,30.0,Palisades
2025-01-08 05:46:17.092475008,34.07145843020336,-118.55640253905382,3411.3303,825.97894,117544.76,30.0,Palisades
2025-01-08 05:46:17.092475008,34.09499226178677,-118.53919286962353,717.4194,797.96124,29001.8,30.0,Palisades
2025-01-08 05:46:17.092475008,34.09748567393056,-118.576825912057,609.7987,834.2195,20098.719,30.0,Palisades
2025-01-08 05:46:17.092475008,34.050480566632984,-118.6113904539408,3764.6897,775.7119,173890.28,30.0,Palisades
2025-01-08 05:46:17.092475008,34.053033558195125,-118.64918271388292,1961.0623,835.0984,64309.22,30.0,Palisades
2025-01-08 05:46:17.092475008,34.04793264602768,-118.57362735342862,2385.0566,762.80176,119496.12,30.0,Palisades
2025-01-08 05:46:17.092475008,34.045389075623206,-118.53591232702891,2740.458,713.7433,192001.34,30.0,Palisades
2025-01-08 05:46:17.092475008,34.068969962321546,-118.51880459364624,1633.1836,715.6112,112910.28,30.0,Palisades
2025-01-08 05:46:17.092475008,34.042905560281234,-118.4983495521721,1328.8586,776.5909,61077.28,30.0,Palisades
2025-01-08 05:46:17.092475008,34.07400704112978,-118.59415303589158,3892.0771,831.14294,130411.54,30.0,Palisades
2025-01-08 05:46:17.092475008,34.07656001637729,-118.63195172314548,2947.2244,904.0989,68638.8,30.0,Palisades
2025-01-08 05:51:17.092151936,34.21371265897895,-118.09866985760715,350.25565,,,33.0,Eaton
2025-01-08 05:51:17.092151936,34.161535736108426,-118.05820425073031,279.21002,556.0751,85408.3,30.0,Eaton
2025-01-08 05:51:17.092151936,34.16404161172614,-118.09551373524333,279.10248,607.331,48637.36,30.0,Eaton
2025-01-08 05:51:17.092151936,34.21622840368383,-118.13604847045053,373.0631,708.4144,27172.4,30.0,Eaton
2025-01-08 05:51:17.092151936,34.19012763083686,-118.11575882609391,749.9464,656.44434,82725.18,30.0,Eaton
2025-01-08 05:51:17.092151936,34.18761682859531,-118.07841483557006,1331.1042,679.2431,121508.46,30.0,Eaton
2025-01-08 05:51:17.092151936,34.07911807667682,-118.66977967232299,514.50653,2289.272,4000.0,30.0,Palisades
2025-01-08 05:51:17.092151936,34.045389075623206,-118.53591232702891,2729.7097,726.04913,175170.86,30.0,Palisades
2025-01-08 05:51:17.092151936,34.09748567393056,-118.576825912057,550.95905,800.70807,21928.12,30.0,Palisades
2025-01-08 05:51:17.092151936,34.10003931690432,-118.6146118054029,269.85284,833.94476,8878.4,30.0,Palisades
2025-01-08 05:51:17.092151936,34.04793264602768,-118.57362735342862,2524.9092,758.9562,129740.76,30.0,Palisades
2025-01-08 05:51:17.092151936,34.07400704112978,-118.59415303589158,3565.032,864.2698,100531.336,30.0,Palisades
2025-01-08 05:51:17.092151936,34.07656001637729,-118.63195172314548,2834.076,847.18445,87237.7,30.0,Palisades
2025-01-08 05:51:17.092151936,34.23384806776348,-118.39855977280669,41.438766,560.68976,11988.38,10.0,Other
2025-01-08 05:51:17.092151936,34.068969962321546,-118.51880459364624,1710.1495,780.1068,76871.1,30.0,Palisades
2025-01-08 05:51:17.092151936,34.053033558195125,-118.64918271388292,1865.7566,826.9678,63943.34,30.0,Palisades
2025-01-08 05:51:17.092151936,34.050480566632984,-118.6113904539408,3726.9058,788.12756,159620.95,30.0,Palisades
2025-01-08 05:51:17.092151936,34.042905560281234,-118.4983495521721,1278.2797,760.6043,64980.0,30.0,Palisades
2025-01-08 05:51:17.092151936,34.09499226178677,-118.53919286962353,563.8633,829.87946,19001.08,30.0,Palisades
2025-01-08 05:51:17.092151936,34.07145843020336,-118.55640253905382,3303.9246,793.67615,136875.42,30.0,Palisades
2025-01-08 05:56:17.091841024,34.18761682859531,-118.07841483557006,1087.9623,664.7398,111873.62,30.0,Eaton
2025-01-08 05:56:17.091841024,34.161535736108426,-118.05820425073031,271.48846,554.70166,84432.62,30.0,Eaton
2025-01-08 05:56:17.091841024,34.19012763083686,-118.11575882609391,674.3829,651.0056,78029.72,30.0,Eaton
2025-01-08 05:56:17.091841024,34.21371265897895,-118.09866985760715,271.38278,,,33.0,Eaton
2025-01-08 05:56:17.091841024,34.09499226178677,-118.53919286962353,580.9213,884.047,14854.439,30.0,Palisades
2025-01-08 05:56:17.091841024,34.042905560281234,-118.4983495521721,1413.7971,790.7645,59613.758,30.0,Palisades
2025-01-08 05:56:17.091841024,34.09748567393056,-118.576825912057,535.2416,874.65283,14305.62,30.0,Palisades
2025-01-08 05:56:17.091841024,34.07911807667682,-118.66977967232299,478.6754,1054.2957,6134.3,30.0,Palisades
2025-01-08 05:56:17.091841024,34.07656001637729,-118.63195172314548,2216.7744,841.6908,70224.28,30.0,Palisades
2025-01-08 05:56:17.091841024,34.07145843020336,-118.55640253905382,3402.9788,853.2825,101446.04,30.0,Palisades
2025-01-08 05:56:17.091841024,34.068969962321546,-118.51880459364624,1800.4863,742.20056,103336.42,30.0,Palisades
2025-01-08 05:56:17.091841024,34.053033558195125,-118.64918271388292,1593.3746,802.3562,62723.74,30.0,Palisades
2025-01-08 05:56:17.091841024,34.04793264602768,-118.57362735342862,2499.8142,807.6301,95470.0,30.0,Palisades
2025-01-08 05:56:17.091841024,34.045389075623206,-118.53591232702891,3064.6938,741.4863,176695.36,30.0,Palisades
2025-01-08 05:56:17.091841024,34.07400704112978,-118.59415303589158,2882.3774,772.3058,136021.7,30.0,Palisades
2025-01-08 05:56:17.091841024,34.10003931690432,-118.6146118054029,263.72345,873.7738,7109.98,30.0,Palisades
2025-01-08 05:56:17.091841024,34.050480566632984,-118.6113904539408,3445.448,770.3281,164621.31,30.0,Palisades
2025-01-08 06:01:17.091537024,34.068969962321546,-118.51880459364624,2627.5776,769.0646,126508.82,30.0,Palisades
2025-01-08 06:01:17.091537024,34.050480566632984,-118.6113904539408,3279.6433,772.91016,154193.73,30.0,Palisades
2025-01-08 06:01:17.091537024,34.053033558195125,-118.64918271388292,1942.4182,774.00885,90652.58,30.0,Palisades
2025-01-08 06:01:17.091537024,34.066429700418006,-118.48112767526477,362.93204,842.62476,11439.561,30.0,Palisades
2025-01-08 06:01:17.091537024,34.07400704112978,-118.59415303589158,2600.9001,775.10754,120593.76,30.0,Palisades
2025-01-08 06:01:17.091537024,34.045389075623206,-118.53591232702891,3002.5461,735.8279,179927.3,30.0,Palisades
2025-01-08 06:01:17.091537024,34.07911807667682,-118.66977967232299,494.49332,981.0102,8329.58,30.0,Palisades
2025-01-08 06:01:17.091537024,34.09499226178677,-118.53919286962353,987.9953,826.74805,33880.2,30.0,Palisades
2025-01-08 06:01:17.091537024,34.09748567393056,-118.576825912057,804.5801,894.5399,19610.879,30.0,Palisades
2025-01-08 06:01:17.091537024,34.10003931690432,-118.6146118054029,270.50632,827.4073,9244.279,30.0,Palisades
2025-01-08 06:01:17.091537024,34.04793264602768,-118.57362735342862,2352.9114,761.0438,119252.195,30.0,Palisades
2025-01-08 06:01:17.091537024,34.07656001637729,-118.63195172314548,1994.3044,823.5068,69675.46,30.0,Palisades
2025-01-08 06:01:17.091537024,34.042905560281234,-118.4983495521721,1408.6497,733.57544,85713.2,30.0,Palisades
2025-01-08 06:01:17.091537024,34.07145843020336,-118.55640253905382,4022.9988,856.249,118154.56,30.0,Palisades
2025-01-08 06:01:17.091537024,34.21371265897895,-118.09866985760715,285.3458,,,33.0,Eaton
2025-01-08 06:01:17.091537024,34.19012763083686,-118.11575882609391,572.144,628.0421,81566.56,30.0,Eaton
2025-01-08 06:01:17.091537024,34.18761682859531,-118.07841483557006,1316.3923,698.03143,103702.3,30.0,Eaton
2025-01-08 06:06:17.093031040,34.10003931690432,-118.6146118054029,326.1927,919.92065,7049.0,30.0,Palisades
2025-01-08 06:06:17.093031040,34.068969962321546,-118.51880459364624,3401.5505,821.6389,120044.94,30.0,Palisades
2025-01-08 06:06:17.093031040,34.045389075623206,-118.53591232702891,3487.1106,735.38837,209624.56,30.0,Palisades
2025-01-08 06:06:17.093031040,34.07911807667682,-118.66977967232299,476.44,1059.185,6012.34,30.0,Palisades
2025-01-08 06:06:17.093031040,34.050480566632984,-118.6113904539408,2883.2483,790.27014,121874.336,30.0,Palisades
2025-01-08 06:06:17.093031040,34.053033558195125,-118.64918271388292,1423.91,742.64,81505.58,30.0,Palisades
2025-01-08 06:06:17.093031040,34.04793264602768,-118.57362735342862,2606.948,829.0005,88396.32,30.0,Palisades
2025-01-08 06:06:17.093031040,34.07145843020336,-118.55640253905382,3912.424,784.88635,170902.27,30.0,Palisades
2025-01-08 06:06:17.093031040,34.07400704112978,-118.59415303589158,2480.2947,785.54553,107909.92,30.0,Palisades
2025-01-08 06:06:17.093031040,34.07656001637729,-118.63195172314548,1532.7982,756.7587,79859.12,30.0,Palisades
2025-01-08 06:06:17.093031040,34.161535736108426,-118.05820425073031,389.38382,606.7267,68272.92,30.0,Eaton
2025-01-08 06:06:17.093031040,34.16404161172614,-118.09551373524333,314.70172,631.22845,43515.04,30.0,Eaton
2025-01-08 06:06:17.093031040,34.09748567393056,-118.576825912057,957.41394,836.7465,31136.1,30.0,Palisades
2025-01-08 06:06:17.093031040,34.18761682859531,-118.07841483557006,1543.4209,707.1509,113520.08,30.0,Eaton
2025-01-08 06:06:17.093031040,34.23384806776348,-118.39855977280669,48.04046,,,33.0,Other
2025-01-08 06:06:17.093031040,34.042905560281234,-118.4983495521721,1445.5483,741.2666,83517.92,30.0,Palisades
2025-01-08 06:06:17.093031040,34.19012763083686,-118.11575882609391,835.4235,693.58154,68089.984,30.0,Eaton
2025-01-08 06:06:17.093031040,34.21371265897895,-118.09866985760715,393.4562,,,33.0,Eaton
2025-01-08 06:06:17.093031040,34.21622840368383,-118.13604847045053,360.90308,712.0952,25586.92,30.0,Eaton
2025-01-08 06:06:17.093031040,34.18510935004094,-118.04111019501573,335.0044,694.40564,27111.42,30.0,Eaton
2025-01-08 06:06:17.093031040,34.09499226178677,-118.53919286962353,1003.72253,803.12524,39368.4,30.0,Palisades
2025-01-08 06:11:17.092717056,34.18510935004094,-118.04111019501573,267.5898,663.69604,27782.2,30.0,Eaton
2025-01-08 06:11:17.092717056,34.18761682859531,-118.07841483557006,1805.5703,741.37646,104190.14,30.0,Eaton
2025-01-08 06:11:17.092717056,34.16404161172614,-118.09551373524333,313.69086,624.7459,46137.18,30.0,Eaton
2025-01-08 06:11:17.092717056,34.066429700418006,-118.48112767526477,361.01468,837.3508,11683.48,30.0,Palisades
2025-01-08 06:11:17.092717056,34.161535736108426,-118.05820425073031,438.71906,617.27454,69309.58,30.0,Eaton
2025-01-08 06:11:17.092717056,34.21371265897895,-118.09866985760715,473.56506,,,33.0,Eaton
2025-01-08 06:11:17.092717056,34.23384806776348,-118.39855977280669,50.644077,,,33.0,Other
2025-01-08 06:11:17.092717056,34.21622840368383,-118.13604847045053,613.9565,779.66736,27660.24,30.0,Eaton
2025-01-08 06:11:17.092717056,34.19012763083686,-118.11575882609391,1065.4791,707.75525,78029.72,30.0,Eaton
2025-01-08 06:11:17.092717056,34.068969962321546,-118.51880459364624,2853.5964,759.4506,146083.4,30.0,Palisades
2025-01-08 06:11:17.092717056,34.053033558195125,-118.64918271388292,1493.6458,758.5167,76932.08,30.0,Palisades
2025-01-08 06:11:17.092717056,34.07145843020336,-118.55640253905382,3706.9329,801.5321,146632.22,30.0,Palisades
2025-01-08 06:11:17.092717056,34.045389075623206,-118.53591232702891,3424.2556,736.0476,204868.12,30.0,Palisades
2025-01-08 06:11:17.092717056,34.07400704112978,-118.59415303589158,1927.3048,719.0172,130045.66,30.0,Palisades
2025-01-08 06:11:17.092717056,34.042905560281234,-118.4983495521721,1425.8729,701.49243,109434.42,30.0,Palisades
2025-01-08 06:11:17.092717056,34.07911807667682,-118.66977967232299,446.16107,1045.8354,5890.38,30.0,Palisades
2025-01-08 06:11:17.092717056,34.050480566632984,-118.6113904539408,2801.14,770.7676,133460.53,30.0,Palisades
2025-01-08 06:11:17.092717056,34.07656001637729,-118.63195172314548,1401.5404,750.66077,76017.38,30.0,Palisades
2025-01-08 06:11:17.092717056,34.09748567393056,-118.576825912057,710.5685,801.6969,28087.1,30.0,Palisades
2025-01-08 06:11:17.092717056,34.09499226178677,-118.53919286962353,764.06805,764.1752,37965.86,30.0,Palisades
2025-01-08 06:11:17.092717056,34.04793264602768,-118.57362735342862,2449.2761,769.4491,117666.72,30.0,Palisades
2025-01-08 06:16:17.092412032,34.050480566632984,-118.6113904539408,2304.5261,748.90283,126447.836,30.0,Palisades
2025-01-08 06:16:17.092412032,34.07656001637729,-118.63195172314548,1714.5935,772.3058,80895.78,30.0,Palisades
2025-01-08 06:16:17.092412032,34.07400704112978,-118.59415303589158,2129.8728,732.1471,130960.36,30.0,Palisades
2025-01-08 06:16:17.092412032,34.09748567393056,-118.576825912057,794.48334,786.14984,34429.02,30.0,Palisades
2025-01-08 06:16:17.092412032,34.04793264602768,-118.57362735342862,2207.611,797.6316,89372.0,30.0,Palisades
2025-01-08 06:16:17.092412032,34.068969962321546,-118.51880459364624,2847.1636,793.84094,117849.66,30.0,Palisades
2025-01-08 06:16:17.092412032,34.053033558195125,-118.64918271388292,1327.5992,746.59546,73944.06,30.0,Palisades
2025-01-08 06:16:17.092412032,34.045389075623206,-118.53591232702891,3081.471,708.6342,224259.77,30.0,Palisades
2025-01-08 06:16:17.092412032,34.09499226178677,-118.53919286962353,1232.7993,880.3113,32111.78,30.0,Palisades
2025-01-08 06:16:17.092412032,34.042905560281234,-118.4983495521721,1341.7294,706.43677,99250.76,30.0,Palisades
2025-01-08 06:16:17.092412032,34.33848723390952,-118.48105238781923,105.67358,590.79504,21867.14,10.0,Other
2025-01-08 06:16:17.092412032,34.161535736108426,-118.05820425073031,817.6443,733.8501,49674.02,30.0,Eaton
2025-01-08 06:16:17.092412032,34.16404161172614,-118.09551373524333,399.64618,643.1497,49613.04,30.0,Eaton
2025-01-08 06:16:17.092412032,34.18510935004094,-118.04111019501573,425.9035,768.8448,20525.58,30.0,Eaton
2025-01-08 06:16:17.092412032,34.18761682859531,-118.07841483557006,2009.1735,713.9631,140595.2,30.0,Eaton
2025-01-08 06:16:17.092412032,34.19012763083686,-118.11575882609391,1636.3357,817.0243,59247.88,30.0,Eaton
2025-01-08 06:16:17.092412032,34.21371265897895,-118.09866985760715,696.8867,,,33.0,Eaton
2025-01-08 06:16:17.092412032,34.21622840368383,-118.13604847045053,860.4842,735.33344,51747.34,30.0,Eaton
2025-01-08 06:16:17.092412032,34.07145843020336,-118.55640253905382,3375.551,780.821,151083.77,30.0,Palisades
2025-01-08 06:16:17.092412032,34.07911807667682,-118.66977967232299,494.62228,1378.4221,4000.0,30.0,Palisades
2025-01-08 06:21:17.092119040,34.33848723390952,-118.48105238781923,233.51419,604.96875,41685.64,30.0,Other
2025-01-08 06:21:17.092119040,34.312289192677916,-118.46032937085961,269.42905,675.6173,25343.0,30.0,Other
2025-01-08 06:21:17.092119040,34.19012763083686,-118.11575882609391,1547.0323,774.0638,72236.62,30.0,Eaton
2025-01-08 06:21:17.092119040,34.066429700418006,-118.48112767526477,317.37155,1651.2925,4000.0,30.0,Palisades
2025-01-08 06:21:17.092119040,34.21371265897895,-118.09866985760715,841.402,962.22186,15220.32,30.0,Eaton
2025-01-08 06:21:17.092119040,34.21622840368383,-118.13604847045053,867.5575,803.34503,33941.18,30.0,Eaton
2025-01-08 06:21:17.092119040,34.18510935004094,-118.04111019501573,568.7558,718.24817,38575.66,30.0,Eaton
2025-01-08 06:21:17.092119040,34.16404161172614,-118.09551373524333,378.73758,651.1705,43758.96,30.0,Eaton
2025-01-08 06:21:17.092119040,34.18761682859531,-118.07841483557006,2823.215,755.66003,148156.72,30.0,Eaton
2025-01-08 06:21:17.092119040,34.07400704112978,-118.59415303589158,1904.3729,733.41064,116081.24,30.0,Palisades
2025-01-08 06:21:17.092119040,34.045389075623206,-118.53591232702891,3139.769,708.7441,228223.45,30.0,Palisades
2025-01-08 06:21:17.092119040,34.042905560281234,-118.4983495521721,1526.5299,760.4944,77663.836,30.0,Palisades
2025-01-08 06:21:17.092119040,34.09748567393056,-118.576825912057,611.8753,761.09875,31014.14,30.0,Palisades
2025-01-08 06:21:17.092119040,34.050480566632984,-118.6113904539408,3041.2673,763.5159,151693.56,30.0,Palisades
2025-01-08 06:21:17.092119040,34.053033558195125,-118.64918271388292,1352.5901,754.12177,71687.8,30.0,Palisades
2025-01-08 06:21:17.092119040,34.068969962321546,-118.51880459364624,2899.5164,769.17444,139497.56,30.0,Palisades
2025-01-08 06:21:17.092119040,34.07656001637729,-118.63195172314548,1426.4305,735.1686,85896.14,30.0,Palisades
2025-01-08 06:21:17.092119040,34.07911807667682,-118.66977967232299,426.90347,1001.2269,6622.1396,30.0,Palisades
2025-01-08 06:21:17.092119040,34.09499226178677,-118.53919286962353,737.21454,733.57544,44856.6,30.0,Palisades
2025-01-08 06:21:17.092119040,34.07145843020336,-118.55640253905382,2880.9602,757.36304,149498.28,30.0,Palisades
2025-01-08 06:21:17.092119040,34.161535736108426,-118.05820425073031,806.20105,681.8251,72114.66,30.0,Eaton
2025-01-08 06:21:17.092119040,34.04793264602768,-118.57362735342862,2390.394,797.6865,96750.58,30.0,Palisades
2025-01-08 06:26:17.091835008,34.161535736108426,-118.05820425073031,649.6016,636.2826,85774.18,30.0,Eaton
2025-01-08 06:26:17.091835008,34.18510935004094,-118.04111019501573,504.11942,681.9899,45039.54,30.0,Eaton
2025-01-08 06:26:17.091835008,34.21622840368383,-118.13604847045053,1195.7013,798.73035,48088.54,30.0,Eaton
2025-01-08 06:26:17.091835008,34.21371265897895,-118.09866985760715,1096.7344,1015.34564,16135.02,30.0,Eaton
2025-01-08 06:26:17.091835008,34.19012763083686,-118.11575882609391,1307.7131,703.5801,98762.92,30.0,Eaton
2025-01-08 06:26:17.091835008,34.18761682859531,-118.07841483557006,3110.019,780.9309,139131.67,30.0,Eaton
2025-01-08 06:26:17.091835008,34.16404161172614,-118.09551373524333,322.1902,633.70056,43576.02,30.0,Eaton
2025-01-08 06:26:17.091835008,34.053033558195125,-118.64918271388292,1158.716,740.058,67480.18,30.0,Palisades
2025-01-08 06:26:17.091835008,34.07656001637729,-118.63195172314548,1754.4408,778.5137,79676.18,30.0,Palisades
2025-01-08 06:26:17.091835008,34.33848723390952,-118.48105238781923,211.95346,592.8277,42905.24,30.0,Other
2025-01-08 06:26:17.091835008,34.07400704112978,-118.59415303589158,2088.6267,732.6965,127911.36,30.0,Palisades
2025-01-08 06:26:17.091835008,34.09748567393056,-118.576825912057,573.56366,770.2732,27416.32,30.0,Palisades
2025-01-08 06:26:17.091835008,34.066429700418006,-118.48112767526477,462.4091,1347.8773,4000.0,30.0,Palisades
2025-01-08 06:26:17.091835008,34.09499226178677,-118.53919286962353,740.9134,733.5205,45100.52,30.0,Palisades
2025-01-08 06:26:17.091835008,34.068969962321546,-118.51880459364624,2596.6855,736.6519,154742.56,30.0,Palisades
2025-01-08 06:26:17.091835008,34.050480566632984,-118.6113904539408,2948.0728,769.94354,141144.02,30.0,Palisades
2025-01-08 06:26:17.091835008,34.07911807667682,-118.66977967232299,342.89032,894.0455,8390.561,30.0,Palisades
2025-01-08 06:26:17.091835008,34.04793264602768,-118.57362735342862,2641.1604,780.60126,118398.48,30.0,Palisades
2025-01-08 06:26:17.091835008,34.07145843020336,-118.55640253905382,2992.8347,792.083,125167.26,30.0,Palisades
2025-01-08 06:26:17.091835008,34.045389075623206,-118.53591232702891,2908.6917,712.5347,205660.86,30.0,Palisades
2025-01-08 06:26:17.091835008,34.042905560281234,-118.4983495521721,1616.4376,785.54553,70285.26,30.0,Palisades
2025-01-08 06:31:17.091546112,34.21622840368383,-118.13604847045053,2143.1052,844.54755,66870.375,30.0,Eaton
2025-01-08 06:31:17.091546112,34.161535736108426,-118.05820425073031,673.9161,625.1305,98701.94,30.0,Eaton
2025-01-08 06:31:17.091546112,34.18510935004094,-118.04111019501573,554.83606,765.4387,27355.34,30.0,Eaton
2025-01-08 06:31:17.091546112,34.18761682859531,-118.07841483557006,2960.9893,755.00073,156084.12,30.0,Eaton
2025-01-08 06:31:17.091546112,34.16404161172614,-118.09551373524333,404.6051,633.15125,54979.28,30.0,Eaton
2025-01-08 06:31:17.091546112,34.21371265897895,-118.09866985760715,1335.0566,1114.1768,14061.7,30.0,Eaton
2025-01-08 06:31:17.091546112,34.09499226178677,-118.53919286962353,526.0977,742.8048,30099.44,30.0,Palisades
2025-01-08 06:31:17.091546112,34.07145843020336,-118.55640253905382,2668.8257,760.6043,135594.84,30.0,Palisades
2025-01-08 06:31:17.091546112,34.07656001637729,-118.63195172314548,2291.152,820.9248,81200.68,30.0,Palisades
2025-01-08 06:31:17.091546112,34.066429700418006,-118.48112767526477,312.00174,942.55457,6134.3,30.0,Palisades
2025-01-08 06:31:17.091546112,34.068969962321546,-118.51880459364624,2413.4226,752.6934,129130.96,30.0,Palisades
2025-01-08 06:31:17.091546112,34.07911807667682,-118.66977967232299,364.97375,961.83734,6622.1396,30.0,Palisades
2025-01-08 06:31:17.091546112,34.04793264602768,-118.57362735342862,2462.2522,746.21094,137546.2,30.0,Palisades
2025-01-08 06:31:17.091546112,34.042905560281234,-118.4983495521721,1439.2231,751.5398,77602.86,30.0,Palisades
2025-01-08 06:31:17.091546112,34.050480566632984,-118.6113904539408,2813.1526,740.77216,162974.86,30.0,Palisades
2025-01-08 06:31:17.091546112,34.053033558195125,-118.64918271388292,1166.1432,727.42255,74066.016,30.0,Palisades
2025-01-08 06:31:17.091546112,34.09748567393056,-118.576825912057,473.06784,732.9712,28940.82,30.0,Palisades
2025-01-08 06:31:17.091546112,34.045389075623206,-118.53591232702891,2870.2346,705.0084,214563.94,30.0,Palisades
2025-01-08 06:31:17.091546112,34.07400704112978,-118.59415303589158,1852.2335,758.0772,95713.92,30.0,Palisades
2025-01-08 06:31:17.091546112,34.19012763083686,-118.11575882609391,2290.556,721.0499,152242.38,30.0,Eaton
2025-01-08 06:31:17.091546112,34.218749516791654,-118.17346752837784,345.54407,705.39294,25769.86,30.0,Eaton
2025-01-08 06:31:17.091546112,34.312289192677916,-118.46032937085961,299.62277,652.5439,34185.1,30.0,Other
2025-01-08 06:31:17.091546112,34.33848723390952,-118.48105238781923,254.00754,624.63605,37356.06,30.0,Other
2025-01-08 06:36:17.093062016,34.09748567393056,-118.576825912057,1118.4421,736.3772,66809.4,30.0,Palisades
2025-01-08 06:36:17.093062016,34.042905560281234,-118.4983495521721,1464.6749,754.1767,77602.86,30.0,Palisades
2025-01-08 06:36:17.093062016,34.07400704112978,-118.59415303589158,1904.784,763.62585,94982.16,30.0,Palisades
2025-01-08 06:36:17.093062016,34.07145843020336,-118.55640253905382,3723.4668,765.16406,183769.03,30.0,Palisades
2025-01-08 06:36:17.093062016,34.09499226178677,-118.53919286962353,977.93805,794.0058,40466.04,30.0,Palisades
2025-01-08 06:36:17.093062016,34.10003931690432,-118.6146118054029,282.89545,798.9501,11378.58,30.0,Palisades
2025-01-08 06:36:17.093062016,34.07911807667682,-118.66977967232299,430.82324,1113.6273,4548.82,30.0,Palisades
2025-01-08 06:36:17.093062016,34.066429700418006,-118.48112767526477,342.21863,1041.0559,4609.8,30.0,Palisades
2025-01-08 06:36:17.093062016,34.045389075623206,-118.53591232702891,2795.7231,712.6995,197428.56,30.0,Palisades
2025-01-08 06:36:17.093062016,34.07656001637729,-118.63195172314548,2206.0083,772.25085,104129.16,30.0,Palisades
2025-01-08 06:36:17.093062016,34.18761682859531,-118.07841483557006,2608.8938,732.03723,160474.67,30.0,Eaton
2025-01-08 06:36:17.093062016,34.04793264602768,-118.57362735342862,2286.5774,754.0119,121264.54,30.0,Palisades
2025-01-08 06:36:17.093062016,34.161535736108426,-118.05820425073031,560.361,618.04364,87847.5,30.0,Eaton
2025-01-08 06:36:17.093062016,34.16404161172614,-118.09551373524333,351.55652,609.36365,60040.62,30.0,Eaton
2025-01-08 06:36:17.093062016,34.21371265897895,-118.09866985760715,1096.9878,867.51105,30404.34,30.0,Eaton
2025-01-08 06:36:17.093062016,34.19012763083686,-118.11575882609391,1788.1868,718.4679,121142.58,30.0,Eaton
2025-01-08 06:36:17.093062016,34.18510935004094,-118.04111019501573,663.16626,772.1959,31319.04,30.0,Eaton
2025-01-08 06:36:17.093062016,34.050480566632984,-118.6113904539408,2670.3833,749.0676,146327.31,30.0,Palisades
2025-01-08 06:36:17.093062016,34.053033558195125,-118.64918271388292,1050.797,709.1836,76139.336,30.0,Palisades
2025-01-08 06:36:17.093062016,34.068969962321546,-118.51880459364624,3623.0647,789.9405,153522.95,30.0,Palisades
2025-01-08 06:36:17.093062016,34.33848723390952,-118.48105238781923,364.2539,633.0414,49552.06,30.0,Other
2025-01-08 06:36:17.093062016,34.312289192677916,-118.46032937085961,348.71973,683.4183,30770.22,30.0,Other
2025-01-08 06:36:17.093062016,34.21622840368383,-118.13604847045053,1681.356,805.982,64858.04,30.0,Eaton
2025-01-08 06:41:17.092785024,34.053033558195125,-118.64918271388292,1229.0916,744.5628,69431.54,30.0,Palisades
2025-01-08 06:41:17.092785024,34.312289192677916,-118.46032937085961,301.34814,676.00183,28270.04,30.0,Other
2025-01-08 06:41:17.092785024,34.068969962321546,-118.51880459364624,3024.667,774.1187,141144.02,30.0,Palisades
2025-01-08 06:41:17.092785024,34.066429700418006,-118.48112767526477,321.02133,,,33.0,Palisades
2025-01-08 06:41:17.092785024,34.045389075623206,-118.53591232702891,2758.134,687.04407,236638.7,30.0,Palisades
2025-01-08 06:41:17.092785024,34.18510935004094,-118.04111019501573,386.01443,616.6702,61321.2,30.0,Eaton
2025-01-08 06:41:17.092785024,34.07656001637729,-118.63195172314548,2465.4026,745.9362,137912.08,30.0,Palisades
2025-01-08 06:41:17.092785024,34.04793264602768,-118.57362735342862,2449.5818,804.11414,95470.0,30.0,Palisades
2025-01-08 06:41:17.092785024,34.09748567393056,-118.576825912057,910.1721,752.58356,48759.32,30.0,Palisades
2025-01-08 06:41:17.092785024,34.10003931690432,-118.6146118054029,260.6709,765.82324,12842.1,30.0,Palisades
2025-01-08 06:41:17.092785024,34.1025973383188,-118.65244600542098,281.84778,828.12146,9610.16,30.0,Palisades
2025-01-08 06:41:17.092785024,34.33848723390952,-118.48105238781923,367.48557,628.86615,51991.258,30.0,Other
2025-01-08 06:41:17.092785024,34.050480566632984,-118.6113904539408,3148.0146,762.5271,158035.48,30.0,Palisades
2025-01-08 06:41:17.092785024,34.09499226178677,-118.53919286962353,825.28314,767.03186,40283.1,30.0,Palisades
2025-01-08 06:41:17.092785024,34.07911807667682,-118.66977967232299,688.7103,1195.2632,5768.42,30.0,Palisades
2025-01-08 06:41:17.092785024,34.042905560281234,-118.4983495521721,1421.5431,753.35266,75712.48,30.0,Palisades
2025-01-08 06:41:17.092785024,34.341057701731806,-118.51888286164848,302.49597,636.3375,39917.22,30.0,Other
2025-01-08 06:41:17.092785024,34.07400704112978,-118.59415303589158,1851.809,742.8048,105836.6,30.0,Palisades
2025-01-08 06:41:17.092785024,34.07145843020336,-118.55640253905382,3350.2354,773.73413,156632.94,30.0,Palisades
2025-01-08 06:41:17.092785024,34.21622840368383,-118.13604847045053,1252.0187,749.7268,68333.9,30.0,Eaton
2025-01-08 06:41:17.092785024,34.16404161172614,-118.09551373524333,298.6541,581.34595,68394.875,30.0,Eaton
2025-01-08 06:41:17.092785024,34.161535736108426,-118.05820425073031,710.4713,682.0998,63394.52,30.0,Eaton
2025-01-08 06:41:17.092785024,34.21371265897895,-118.09866985760715,915.38635,881.9594,23635.56,30.0,Eaton
2025-01-08 06:41:17.092785024,34.19012763083686,-118.11575882609391,1471.324,704.6788,110227.16,30.0,Eaton
2025-01-08 06:41:17.092785024,34.18761682859531,-118.07841483557006,2318.0881,741.15674,133948.38,30.0,Eaton
2025-01-08 06:46:17.092520960,34.07656001637729,-118.63195172314548,2996.501,840.5371,95470.0,30.0,Palisades
2025-01-08 06:46:17.092520960,34.07145843020336,-118.55640253905382,2682.6567,772.4706,126447.836,30.0,Palisades
2025-01-08 06:46:17.092520960,34.09499226178677,-118.53919286962353,892.3093,748.13367,49186.18,30.0,Palisades
2025-01-08 06:46:17.092520960,34.053033558195125,-118.64918271388292,1048.0133,728.52124,66077.64,30.0,Palisades
2025-01-08 06:46:17.092520960,34.18761682859531,-118.07841483557006,2552.2651,760.27466,129984.68,30.0,Eaton
2025-01-08 06:46:17.092520960,34.161535736108426,-118.05820425073031,492.82162,600.9034,91689.24,30.0,Eaton
2025-01-08 06:46:17.092520960,34.042905560281234,-118.4983495521721,1604.3104,796.7526,65284.9,30.0,Palisades
2025-01-08 06:46:17.092520960,34.068969962321546,-118.51880459364624,2228.8635,723.96155,145168.7,30.0,Palisades
2025-01-08 06:46:17.092520960,34.04793264602768,-118.57362735342862,3858.6514,821.2544,136509.53,30.0,Palisades
2025-01-08 06:46:17.092520960,34.045389075623206,-118.53591232702891,2864.1445,707.59045,209990.44,30.0,Palisades
2025-01-08 06:46:17.092520960,34.19012763083686,-118.11575882609391,991.46924,648.4786,117300.836,30.0,Eaton
2025-01-08 06:46:17.092520960,34.09748567393056,-118.576825912057,946.2288,778.4038,42966.22,30.0,Palisades
2025-01-08 06:46:17.092520960,34.16404161172614,-118.09551373524333,295.21118,609.52844,50344.8,30.0,Eaton
2025-01-08 06:46:17.092520960,34.050480566632984,-118.6113904539408,2991.758,740.058,174195.17,30.0,Palisades
2025-01-08 06:46:17.092520960,34.07400704112978,-118.59415303589158,2676.7417,796.0934,109312.46,30.0,Palisades
2025-01-08 06:46:17.092520960,34.07911807667682,-118.66977967232299,575.2001,999.1943,9000.359,30.0,Palisades
2025-01-08 06:46:17.092520960,34.18510935004094,-118.04111019501573,565.856,712.6995,39978.2,30.0,Eaton
2025-01-08 06:46:17.092520960,34.341057701731806,-118.51888286164848,356.52176,651.4451,41075.84,30.0,Other
2025-01-08 06:46:17.092520960,34.33848723390952,-118.48105238781923,470.3325,686.1651,40648.98,30.0,Other
2025-01-08 06:46:17.092520960,34.312289192677916,-118.46032937085961,261.20474,632.1074,35831.562,30.0,Other
2025-01-08 06:46:17.092520960,34.21622840368383,-118.13604847045053,1475.7908,768.8998,71138.98,30.0,Eaton
2025-01-08 06:46:17.092520960,34.21371265897895,-118.09866985760715,1169.6161,1000.1831,18208.34,30.0,Eaton
2025-01-08 06:51:17.092270080,34.16404161172614,-118.09551373524333,285.91214,603.76013,51686.36,30.0,Eaton
2025-01-08 06:51:17.092270080,34.18510935004094,-118.04111019501573,827.54865,739.124,48515.4,30.0,Eaton
2025-01-08 06:51:17.092270080,34.19012763083686,-118.11575882609391,911.5805,667.212,91811.2,30.0,Eaton
2025-01-08 06:51:17.092270080,34.21622840368383,-118.13604847045053,974.5356,722.3135,64187.258,30.0,Eaton
2025-01-08 06:51:17.092270080,34.161535736108426,-118.05820425073031,501.9063,593.432,100958.2,30.0,Eaton
2025-01-08 06:51:17.092270080,34.33848723390952,-118.48105238781923,503.47168,683.4732,44429.74,30.0,Other
2025-01-08 06:51:17.092270080,34.09499226178677,-118.53919286962353,791.7418,751.7046,42661.32,30.0,Palisades
2025-01-08 06:51:17.092270080,34.042905560281234,-118.4983495521721,1499.9703,778.67847,68029.0,30.0,Palisades
2025-01-08 06:51:17.092270080,34.045389075623206,-118.53591232702891,3173.982,732.25696,194989.36,30.0,Palisades
2025-01-08 06:51:17.092270080,34.050480566632984,-118.6113904539408,3231.7476,734.39954,195599.16,30.0,Palisades
2025-01-08 06:51:17.092270080,34.068969962321546,-118.51880459364624,1858.5801,711.9304,131997.02,30.0,Palisades
2025-01-08 06:51:17.092270080,34.053033558195125,-118.64918271388292,1307.106,793.5663,54186.54,30.0,Palisades
2025-01-08 06:51:17.092270080,34.07656001637729,-118.63195172314548,3799.5525,840.92175,120837.68,30.0,Palisades
2025-01-08 06:51:17.092270080,34.07911807667682,-118.66977967232299,637.0907,1178.6174,5585.48,30.0,Palisades
2025-01-08 06:51:17.092270080,34.04793264602768,-118.57362735342862,3781.879,804.6635,146937.12,30.0,Palisades
2025-01-08 06:51:17.092270080,34.09748567393056,-118.576825912057,942.70935,754.67114,49795.98,30.0,Palisades
2025-01-08 06:51:17.092270080,34.07145843020336,-118.55640253905382,2441.027,747.58435,135107.0,30.0,Palisades
2025-01-08 06:51:17.092270080,34.341057701731806,-118.51888286164848,325.33923,638.91956,41929.56,30.0,Other
2025-01-08 06:51:17.092270080,34.21371265897895,-118.09866985760715,975.1633,843.94324,30526.299,30.0,Eaton
2025-01-08 06:51:17.092270080,34.18761682859531,-118.07841483557006,2408.0913,736.32227,143827.14,30.0,Eaton
2025-01-08 06:51:17.092270080,34.07400704112978,-118.59415303589158,3417.7136,861.1384,97909.2,30.0,Palisades
2025-01-08 06:56:17.092030976,34.18761682859531,-118.07841483557006,1761.2831,700.7233,135960.72,30.0,Eaton
2025-01-08 06:56:17.092030976,34.042905560281234,-118.4983495521721,1600.7904,792.2478,66870.375,30.0,Palisades
2025-01-08 06:56:17.092030976,34.045389075623206,-118.53591232702891,3306.5703,752.96814,176634.38,30.0,Palisades
2025-01-08 06:56:17.092030976,34.04793264602768,-118.57362735342862,3581.5583,802.8506,140595.2,30.0,Palisades
2025-01-08 06:56:17.092030976,34.053033558195125,-118.64918271388292,1206.8285,748.0238,66626.46,30.0,Palisades
2025-01-08 06:56:17.092030976,34.19012763083686,-118.11575882609391,780.213,655.895,86505.94,30.0,Eaton
2025-01-08 06:56:17.092030976,34.07145843020336,-118.55640253905382,2575.347,744.06836,145961.44,30.0,Palisades
2025-01-08 06:56:17.092030976,34.07400704112978,-118.59415303589158,3288.478,831.63745,109922.26,30.0,Palisades
2025-01-08 06:56:17.092030976,34.07656001637729,-118.63195172314548,3941.5337,832.95593,130777.42,30.0,Palisades
2025-01-08 06:56:17.092030976,34.09499226178677,-118.53919286962353,874.4428,789.9405,37051.16,30.0,Palisades
2025-01-08 06:56:17.092030976,34.09748567393056,-118.576825912057,1339.2097,806.2567,51564.4,30.0,Palisades
2025-01-08 06:56:17.092030976,34.07911807667682,-118.66977967232299,888.8874,1766.2201,4000.0,30.0,Palisades
2025-01-08 06:56:17.092030976,34.33848723390952,-118.48105238781923,232.17696,582.4447,52540.08,30.0,Other
2025-01-08 06:56:17.092030976,34.18510935004094,-118.04111019501573,511.0956,649.9069,59735.72,30.0,Eaton
2025-01-08 06:56:17.092030976,34.21622840368383,-118.13604847045053,863.41876,721.6542,57174.56,30.0,Eaton
2025-01-08 06:56:17.092030976,34.161535736108426,-118.05820425073031,358.9259,566.34827,97299.4,30.0,Eaton
2025-01-08 06:56:17.092030976,34.21371265897895,-118.09866985760715,979.34674,851.1399,29550.62,30.0,Eaton
2025-01-08 06:56:17.092030976,34.050480566632984,-118.6113904539408,3509.7126,771.5917,166328.77,30.0,Palisades
2025-01-08 06:56:17.092030976,34.068969962321546,-118.51880459364624,1767.1152,711.6008,125838.04,30.0,Palisades
2025-01-08 07:01:17.093603968,34.19012763083686,-118.11575882609391,926.275,692.4828,76139.336,30.0,Eaton
2025-01-08 07:01:17.093603968,34.042905560281234,-118.4983495521721,1367.1544,748.5732,75163.66,30.0,Palisades
2025-01-08 07:01:17.093603968,34.07911807667682,-118.66977967232299,1218.2181,977.6041,20708.52,30.0,Palisades
2025-01-08 07:01:17.093603968,34.18761682859531,-118.07841483557006,1820.1536,707.7003,133338.58,30.0,Eaton
2025-01-08 07:01:17.093603968,34.04793264602768,-118.57362735342862,3718.504,798.40076,149864.16,30.0,Palisades
2025-01-08 07:01:17.093603968,34.050480566632984,-118.6113904539408,3720.529,707.7003,272555.9,30.0,Palisades
2025-01-08 07:01:17.093603968,34.053033558195125,-118.64918271388292,1775.843,754.83594,93701.58,30.0,Palisades
2025-01-08 07:01:17.093603968,34.07400704112978,-118.59415303589158,3040.9993,767.801,147607.9,30.0,Palisades
2025-01-08 07:01:17.093603968,34.07145843020336,-118.55640253905382,3225.092,799.1698,129374.88,30.0,Palisades
2025-01-08 07:01:17.093603968,34.09499226178677,-118.53919286962353,540.8216,747.9689,29855.52,30.0,Palisades
2025-01-08 07:01:17.093603968,34.09748567393056,-118.576825912057,823.4631,721.2147,54674.38,30.0,Palisades
2025-01-08 07:01:17.093603968,34.1025973383188,-118.65244600542098,544.4972,1134.3384,5402.54,30.0,Palisades
2025-01-08 07:01:17.093603968,34.10003931690432,-118.6146118054029,431.05896,805.2678,16683.84,30.0,Palisades
2025-01-08 07:01:17.093603968,34.07656001637729,-118.63195172314548,3899.9353,770.16327,186513.14,30.0,Palisades
2025-01-08 07:01:17.093603968,34.045389075623206,-118.53591232702891,3081.4473,713.30383,216698.23,30.0,Palisades
2025-01-08 07:01:17.093603968,34.21371265897895,-118.09866985760715,815.41895,838.944,26196.72,30.0,Eaton
2025-01-08 07:01:17.093603968,34.068969962321546,-118.51880459364624,2160.8289,750.82556,117056.92,30.0,Palisades
2025-01-08 07:01:17.093603968,34.18510935004094,-118.04111019501573,457.3714,645.0176,55772.02,30.0,Eaton
2025-01-08 07:01:17.093603968,34.21622840368383,-118.13604847045053,794.9799,754.9458,41929.56,30.0,Eaton
2025-01-08 07:01:17.093603968,34.161535736108426,-118.05820425073031,465.85278,611.28644,78029.72,30.0,Eaton
2025-01-08 07:06:17.093368064,34.10516045887566,-118.69030956983735,266.08353,781.15063,11866.42,30.0,Palisades
2025-01-08 07:06:17.093368064,34.07145843020336,-118.55640253905382,3023.994,776.6458,138887.77,30.0,Palisades
2025-01-08 07:06:17.093368064,34.10003931690432,-118.6146118054029,657.973,959.63983,12049.359,30.0,Palisades
2025-01-08 07:06:17.093368064,34.07911807667682,-118.66977967232299,2030.1802,1157.3569,18818.14,30.0,Palisades
2025-01-08 07:06:17.093368064,34.09748567393056,-118.576825912057,1095.0471,759.2858,56137.9,30.0,Palisades
2025-01-08 07:06:17.093368064,34.068969962321546,-118.51880459364624,2080.1343,737.47595,123276.88,30.0,Palisades
2025-01-08 07:06:17.093368064,34.09499226178677,-118.53919286962353,713.0722,723.63196,46503.06,30.0,Palisades
2025-01-08 07:06:17.093368064,34.050480566632984,-118.6113904539408,3834.2659,714.9519,266335.97,30.0,Palisades
2025-01-08 07:06:17.093368064,34.04793264602768,-118.57362735342862,3762.4292,718.3031,255054.66,30.0,Palisades
2025-01-08 07:06:17.093368064,34.045389075623206,-118.53591232702891,2936.98,702.70105,223345.06,30.0,Palisades
2025-01-08 07:06:17.093368064,34.053033558195125,-118.64918271388292,2100.5186,936.4017,42356.418,30.0,Palisades
2025-01-08 07:06:17.093368064,34.1025973383188,-118.65244600542098,588.72235,1206.2505,4792.74,30.0,Palisades
2025-01-08 07:06:17.093368064,34.042905560281234,-118.4983495521721,1473.7733,766.043,72358.58,30.0,Palisades
2025-01-08 07:06:17.093368064,34.21371265897895,-118.09866985760715,944.73724,860.6989,27111.42,30.0,Eaton
2025-01-08 07:06:17.093368064,34.19012763083686,-118.11575882609391,706.16376,637.54614,92116.1,30.0,Eaton
2025-01-08 07:06:17.093368064,34.18761682859531,-118.07841483557006,1840.6782,719.6216,123581.78,30.0,Eaton
2025-01-08 07:06:17.093368064,34.18510935004094,-118.04111019501573,422.36084,635.5684,56137.9,30.0,Eaton
2025-01-08 07:06:17.093368064,34.21622840368383,-118.13604847045053,905.6971,739.7284,52844.98,30.0,Eaton
2025-01-08 07:06:17.093368064,34.161535736108426,-118.05820425073031,375.08594,582.4447,84859.48,30.0,Eaton
2025-01-08 07:11:17.093132032,34.045389075623206,-118.53591232702891,2927.7893,697.2074,232126.17,30.0,Palisades
2025-01-08 07:11:17.093132032,34.04793264602768,-118.57362735342862,3209.1816,768.7349,154864.52,30.0,Palisades
2025-01-08 07:11:17.093132032,34.07656001637729,-118.63195172314548,3615.6587,656.44434,399150.4,30.0,Palisades
2025-01-08 07:11:17.093132032,34.053033558195125,-118.64918271388292,3083.6191,969.96796,54064.58,30.0,Palisades
2025-01-08 07:11:17.093132032,34.07145843020336,-118.55640253905382,2499.9924,768.7349,120654.74,30.0,Palisades
2025-01-08 07:11:17.093132032,34.07400704112978,-118.59415303589158,3274.0872,708.46936,238468.1,30.0,Palisades
2025-01-08 07:11:17.093132032,34.068969962321546,-118.51880459364624,2038.0363,736.6519,121447.48,30.0,Palisades
2025-01-08 07:11:17.093132032,34.19012763083686,-118.11575882609391,847.3173,727.917,53637.72,30.0,Eaton
2025-01-08 07:11:17.093132032,34.07911807667682,-118.66977967232299,2464.9028,961.5077,44734.64,30.0,Palisades
2025-01-08 07:11:17.093132032,34.09748567393056,-118.576825912057,1271.4805,841.58093,40283.1,30.0,Palisades
2025-01-08 07:11:17.093132032,34.10003931690432,-118.6146118054029,335.47626,775.2724,15525.22,30.0,Palisades
2025-01-08 07:11:17.093132032,34.09499226178677,-118.53919286962353,1034.3274,874.32324,27721.22,30.0,Palisades
2025-01-08 07:11:17.093132032,34.042905560281234,-118.4983495521721,1525.8646,828.0665,51991.258,30.0,Palisades
2025-01-08 07:11:17.093132032,34.066429700418006,-118.48112767526477,295.83435,906.0766,6805.08,30.0,Palisades
2025-01-08 07:11:17.093132032,34.21371265897895,-118.09866985760715,1285.1125,874.1584,34490.0,30.0,Eaton
2025-01-08 07:11:17.093132032,34.161535736108426,-118.05820425073031,404.38614,575.248,99067.82,30.0,Eaton
2025-01-08 07:11:17.093132032,34.18510935004094,-118.04111019501573,625.14557,667.92615,62601.78,30.0,Eaton
2025-01-08 07:11:17.093132032,34.18761682859531,-118.07841483557006,1922.2349,699.295,149986.12,30.0,Eaton
2025-01-08 07:11:17.093132032,34.21622840368383,-118.13604847045053,933.7007,736.597,55650.06,30.0,Eaton
2025-01-08 07:11:17.093132032,34.33848723390952,-118.48105238781923,136.07089,605.7378,24123.4,30.0,Other
2025-01-08 07:16:17.092903040,34.068969962321546,-118.51880459364624,2710.713,773.1299,127240.58,30.0,Palisades
2025-01-08 07:16:17.092903040,34.066429700418006,-118.48112767526477,526.4577,861.3032,15037.38,30.0,Palisades
2025-01-08 07:16:17.092903040,34.09499226178677,-118.53919286962353,923.0781,878.0589,24306.34,30.0,Palisades
2025-01-08 07:16:17.092903040,34.07145843020336,-118.55640253905382,2162.3958,759.6704,110593.04,30.0,Palisades
2025-01-08 07:16:17.092903040,34.09748567393056,-118.576825912057,1002.9047,844.71234,31258.06,30.0,Palisades
2025-01-08 07:16:17.092903040,34.04793264602768,-118.57362735342862,2453.0278,742.09064,140839.12,30.0,Palisades
2025-01-08 07:16:17.092903040,34.042905560281234,-118.4983495521721,1739.9214,838.6693,56015.94,30.0,Palisades
2025-01-08 07:16:17.092903040,34.18761682859531,-118.07841483557006,2260.5115,724.6757,146449.28,30.0,Eaton
2025-01-08 07:16:17.092903040,34.19012763083686,-118.11575882609391,931.1414,725.7744,59857.68,30.0,Eaton
2025-01-08 07:16:17.092903040,34.18510935004094,-118.04111019501573,789.64606,693.3618,64492.16,30.0,Eaton
2025-01-08 07:16:17.092903040,34.21622840368383,-118.13604847045053,967.97424,733.4656,58942.98,30.0,Eaton
2025-01-08 07:16:17.092903040,34.21120025001673,-118.06133069778744,373.47125,,,33.0,Eaton
2025-01-08 07:16:17.092903040,34.161535736108426,-118.05820425073031,469.632,601.23303,87115.74,30.0,Eaton
2025-01-08 07:16:17.092903040,34.21371265897895,-118.09866985760715,1690.3931,907.0105,38819.58,30.0,Eaton
2025-01-08 07:16:17.092903040,34.045389075623206,-118.53591232702891,2761.8496,707.4256,202733.81,30.0,Palisades
2025-01-08 07:16:17.092903040,34.07400704112978,-118.59415303589158,2935.9016,746.6504,163523.67,30.0,Palisades
2025-01-08 07:16:17.092903040,34.053033558195125,-118.64918271388292,3202.4978,922.1181,68760.76,30.0,Palisades
2025-01-08 07:16:17.092903040,34.07911807667682,-118.66977967232299,2323.5464,1026.9373,32843.54,30.0,Palisades
2025-01-08 07:16:17.092903040,34.33848723390952,-118.48105238781923,138.60526,,,33.0,Other
2025-01-08 07:16:17.092903040,34.07656001637729,-118.63195172314548,3436.675,681.5504,307924.3,30.0,Palisades
2025-01-08 07:21:17.092684032,34.21120025001673,-118.06133069778744,561.38696,,,33.0,Eaton
2025-01-08 07:21:17.092684032,34.33848723390952,-118.48105238781923,185.41798,641.61145,23330.66,30.0,Other
2025-01-08 07:21:17.092684032,34.042905560281234,-118.4983495521721,1621.4285,842.24023,51198.52,30.0,Palisades
2025-01-08 07:21:17.092684032,34.045389075623206,-118.53591232702891,2639.467,735.6631,158401.36,30.0,Palisades
2025-01-08 07:21:17.092684032,34.09748567393056,-118.576825912057,1075.6552,831.088,36075.48,30.0,Palisades
2025-01-08 07:21:17.092684032,34.09499226178677,-118.53919286962353,847.16455,800.5433,33697.258,30.0,Palisades
2025-01-08 07:21:17.092684032,34.07656001637729,-118.63195172314548,3651.1355,701.6023,279995.47,30.0,Palisades
2025-01-08 07:21:17.092684032,34.161535736108426,-118.05820425073031,530.5621,616.6702,84310.66,30.0,Eaton
2025-01-08 07:21:17.092684032,34.18510935004094,-118.04111019501573,1047.1116,703.9646,78883.44,30.0,Eaton
2025-01-08 07:21:17.092684032,34.19012763083686,-118.11575882609391,1212.0139,741.6511,69797.42,30.0,Eaton
2025-01-08 07:21:17.092684032,34.21371265897895,-118.09866985760715,2116.7725,885.5303,53759.68,30.0,Eaton
2025-01-08 07:21:17.092684032,34.21622840368383,-118.13604847045053,1371.358,765.7683,67419.2,30.0,Eaton
2025-01-08 07:21:17.092684032,34.07145843020336,-118.55640253905382,2106.1965,756.20935,110105.195,30.0,Palisades
2025-01-08 07:21:17.092684032,34.068969962321546,-118.51880459364624,3312.2961,802.3562,130411.54,30.0,Palisades
2025-01-08 07:21:17.092684032,34.066429700418006,-118.48112767526477,821.8557,1391.0575,4304.9,30.0,Palisades
2025-01-08 07:21:17.092684032,34.053033558195125,-118.64918271388292,2724.6565,842.8445,85774.18,30.0,Palisades
2025-01-08 07:21:17.092684032,34.050480566632984,-118.6113904539408,3889.487,735.11365,234260.48,30.0,Palisades
2025-01-08 07:21:17.092684032,34.07911807667682,-118.66977967232299,1612.8173,880.586,41990.54,30.0,Palisades
2025-01-08 07:21:17.092684032,34.04793264602768,-118.57362735342862,2122.6406,724.1813,138034.03,30.0,Palisades
2025-01-08 07:21:17.092684032,34.18761682859531,-118.07841483557006,2871.3486,721.59924,190110.95,30.0,Eaton
2025-01-08 07:21:17.092684032,34.07400704112978,-118.59415303589158,2805.0762,762.63696,140717.16,30.0,Palisades
2025-01-08 07:26:17.092476928,34.07145843020336,-118.55640253905382,1865.3131,735.33344,112178.516,30.0,Palisades
2025-01-08 07:26:17.092476928,34.09499226178677,-118.53919286962353,818.7173,775.8767,37782.918,30.0,Palisades
2025-01-08 07:26:17.092476928,34.21371265897895,-118.09866985760715,2457.6147,870.8622,67053.32,30.0,Eaton
2025-01-08 07:26:17.092476928,34.21120025001673,-118.06133069778744,595.6871,,,33.0,Eaton
2025-01-08 07:26:17.092476928,34.19012763083686,-118.11575882609391,1707.5244,824.2759,59430.82,30.0,Eaton
2025-01-08 07:26:17.092476928,34.07911807667682,-118.66977967232299,1425.7582,871.41156,38819.58,30.0,Palisades
2025-01-08 07:26:17.092476928,34.18510935004094,-118.04111019501573,878.46326,716.1056,60528.46,30.0,Eaton
2025-01-08 07:26:17.092476928,34.161535736108426,-118.05820425073031,526.02313,633.48083,71260.94,30.0,Eaton
2025-01-08 07:26:17.092476928,34.18761682859531,-118.07841483557006,2976.188,727.3127,189257.23,30.0,Eaton
2025-01-08 07:26:17.092476928,34.21622840368383,-118.13604847045053,2353.5818,828.0665,80164.016,30.0,Eaton
2025-01-08 07:26:17.092476928,34.042905560281234,-118.4983495521721,1451.3606,847.5691,44551.7,30.0,Palisades
2025-01-08 07:26:17.092476928,34.33848723390952,-118.48105238781923,163.6152,607.82544,28392.0,30.0,Other
2025-01-08 07:26:17.092476928,34.053033558195125,-118.64918271388292,2440.129,782.3043,108275.8,30.0,Palisades
2025-01-08 07:26:17.092476928,34.045389075623206,-118.53591232702891,2374.4956,734.5094,143644.2,30.0,Palisades
2025-01-08 07:26:17.092476928,34.04793264602768,-118.57362735342862,1709.3785,689.35144,144010.08,30.0,Palisades
2025-01-08 07:26:17.092476928,34.066429700418006,-118.48112767526477,819.5702,2599.829,4000.0,30.0,Palisades
2025-01-08 07:26:17.092476928,34.07400704112978,-118.59415303589158,2388.661,754.4514,126386.86,30.0,Palisades
2025-01-08 07:26:17.092476928,34.050480566632984,-118.6113904539408,3382.8562,735.2785,203526.56,30.0,Palisades
2025-01-08 07:26:17.092476928,34.07656001637729,-118.63195172314548,3589.1455,685.396,312009.97,30.0,Palisades
2025-01-08 07:26:17.092476928,34.09748567393056,-118.576825912057,925.55023,810.5967,34733.92,30.0,Palisades
2025-01-08 07:26:17.092476928,34.068969962321546,-118.51880459364624,2706.2412,750.05646,147303.0,30.0,Palisades
2025-01-08 07:31:17.094084992,34.161535736108426,-118.05820425073031,439.3832,597.05786,85042.42,30.0,Eaton
2025-01-08 07:31:17.094084992,34.21622840368383,-118.13604847045053,1624.3347,732.7514,99433.7,30.0,Eaton
2025-01-08 07:31:17.094084992,34.19012763083686,-118.11575882609391,1208.7532,801.42224,47844.62,30.0,Eaton
2025-01-08 07:31:17.094084992,34.21371265897895,-118.09866985760715,2111.907,843.284,66321.56,30.0,Eaton
2025-01-08 07:31:17.094084992,34.21120025001673,-118.06133069778744,473.80692,,,33.0,Eaton
2025-01-08 07:31:17.094084992,34.18510935004094,-118.04111019501573,759.2307,675.89197,71199.96,30.0,Eaton
2025-01-08 07:31:17.094084992,34.04793264602768,-118.57362735342862,1858.8527,716.60004,127545.48,30.0,Palisades
2025-01-08 07:31:17.094084992,34.07145843020336,-118.55640253905382,1881.1414,717.53394,128216.26,30.0,Palisades
2025-01-08 07:31:17.094084992,34.068969962321546,-118.51880459364624,2493.7258,766.3727,122179.24,30.0,Palisades
2025-01-08 07:31:17.094084992,34.07656001637729,-118.63195172314548,3482.2534,665.6188,355488.72,30.0,Palisades
2025-01-08 07:31:17.094084992,34.045389075623206,-118.53591232702891,2388.3794,701.2727,183647.08,30.0,Palisades
2025-01-08 07:31:17.094084992,34.18761682859531,-118.07841483557006,2480.7026,716.9846,169804.62,30.0,Eaton
2025-01-08 07:31:17.094084992,34.050480566632984,-118.6113904539408,3001.467,710.1175,215966.48,30.0,Palisades
2025-01-08 07:31:17.094084992,34.053033558195125,-118.64918271388292,2824.262,789.3362,120105.92,30.0,Palisades
2025-01-08 07:31:17.094084992,34.066429700418006,-118.48112767526477,573.98413,1095.6082,6439.2,30.0,Palisades
2025-01-08 07:31:17.094084992,34.33848723390952,-118.48105238781923,233.28479,689.7909,19610.879,30.0,Other
2025-01-08 07:31:17.094084992,34.07400704112978,-118.59415303589158,2349.1426,715.3365,162730.94,30.0,Palisades
2025-01-08 07:31:17.094084992,34.042905560281234,-118.4983495521721,1512.0033,885.91486,38331.74,30.0,Palisades
2025-01-08 07:31:17.094084992,34.07911807667682,-118.66977967232299,2047.9834,865.8629,57296.52,30.0,Palisades
2025-01-08 07:31:17.094084992,34.09748567393056,-118.576825912057,800.58594,769.8886,38331.74,30.0,Palisades
2025-01-08 07:31:17.094084992,34.1025973383188,-118.65244600542098,296.73932,688.1428,25221.04,30.0,Palisades
2025-01-08 07:31:17.094084992,34.09499226178677,-118.53919286962353,954.5708,865.03894,26806.52,30.0,Palisades
2025-01-08 07:36:17.093901952,34.33848723390952,-118.48105238781923,171.06445,634.35986,22964.78,30.0,Other
2025-01-08 07:36:17.093901952,34.21622840368383,-118.13604847045053,1165.9845,693.3069,95287.06,30.0,Eaton
2025-01-08 07:36:17.093901952,34.053033558195125,-118.64918271388292,3877.9436,790.48987,163767.6,30.0,Palisades
2025-01-08 07:36:17.093901952,34.21120025001673,-118.06133069778744,460.16647,,,33.0,Eaton
2025-01-08 07:36:17.093901952,34.066429700418006,-118.48112767526477,447.4663,951.9487,8451.54,30.0,Palisades
2025-01-08 07:36:17.093901952,34.10516045887566,-118.69030956983735,321.3218,706.4917,23757.52,30.0,Palisades
2025-01-08 07:36:17.093901952,34.09499226178677,-118.53919286962353,845.1306,898.8799,20159.7,30.0,Palisades
2025-01-08 07:36:17.093901952,34.09748567393056,-118.576825912057,664.9784,757.03345,34611.96,30.0,Palisades
2025-01-08 07:36:17.093901952,34.1025973383188,-118.65244600542098,671.4661,863.5007,19001.08,30.0,Palisades
2025-01-08 07:36:17.093901952,34.07911807667682,-118.66977967232299,2474.6165,775.8218,114251.836,30.0,Palisades
2025-01-08 07:36:17.093901952,34.07656001637729,-118.63195172314548,3367.5247,642.1608,421530.06,30.0,Palisades
2025-01-08 07:36:17.093901952,34.055590021104194,-118.68701610912929,277.61148,,,33.0,Palisades
2025-01-08 07:36:17.093901952,34.042905560281234,-118.4983495521721,1215.4879,809.443,45954.24,30.0,Palisades
2025-01-08 07:36:17.093901952,34.068969962321546,-118.51880459364624,2241.1428,735.11365,134985.03,30.0,Palisades
2025-01-08 07:36:17.093901952,34.07145843020336,-118.55640253905382,2019.6104,747.9689,111507.74,30.0,Palisades
2025-01-08 07:36:17.093901952,34.07400704112978,-118.59415303589158,1974.8767,725.9393,126813.72,30.0,Palisades
2025-01-08 07:36:17.093901952,34.04793264602768,-118.57362735342862,1925.5486,752.9132,102909.56,30.0,Palisades
2025-01-08 07:36:17.093901952,34.19012763083686,-118.11575882609391,1215.8966,728.57623,76627.18,30.0,Eaton
2025-01-08 07:36:17.093901952,34.161535736108426,-118.05820425073031,442.7998,597.99176,84920.46,30.0,Eaton
2025-01-08 07:36:17.093901952,34.18510935004094,-118.04111019501573,910.8957,680.83624,82115.38,30.0,Eaton
2025-01-08 07:36:17.093901952,34.18761682859531,-118.07841483557006,2609.3762,736.54205,155596.28,30.0,Eaton
2025-01-08 07:36:17.093901952,34.21371265897895,-118.09866985760715,1748.499,833.34045,57906.32,30.0,Eaton
2025-01-08 07:36:17.093901952,34.045389075623206,-118.53591232702891,2066.3623,690.8347,172121.86,30.0,Palisades
2025-01-08 07:41:17.093731968,34.07656001637729,-118.63195172314548,3734.0796,658.6968,404272.72,30.0,Palisades
2025-01-08 07:41:17.093731968,34.045389075623206,-118.53591232702891,2623.7312,684.73676,229321.1,30.0,Palisades
2025-01-08 07:41:17.093731968,34.33848723390952,-118.48105238781923,184.81136,659.24615,19915.781,30.0,Other
2025-01-08 07:41:17.093731968,34.066429700418006,-118.48112767526477,422.58932,756.3192,22050.08,30.0,Palisades
2025-01-08 07:41:17.093731968,34.19012763083686,-118.11575882609391,743.3275,694.9,59979.64,30.0,Eaton
2025-01-08 07:41:17.093731968,34.21371265897895,-118.09866985760715,1649.638,863.6655,46686.0,30.0,Eaton
2025-01-08 07:41:17.093731968,34.21120025001673,-118.06133069778744,416.2201,,,33.0,Eaton
2025-01-08 07:41:17.093731968,34.18761682859531,-118.07841483557006,2139.579,708.24963,156145.1,30.0,Eaton
2025-01-08 07:41:17.093731968,34.18510935004094,-118.04111019501573,900.5217,698.03143,70956.04,30.0,Eaton
2025-01-08 07:41:17.093731968,34.161535736108426,-118.05820425073031,383.1048,571.51227,97909.2,30.0,Eaton
2025-01-08 07:41:17.093731968,34.21622840368383,-118.13604847045053,1022.9894,696.0537,81810.48,30.0,Eaton
2025-01-08 07:41:17.093731968,34.068969962321546,-118.51880459364624,1973.9144,706.60156,145839.48,30.0,Palisades
2025-01-08 07:41:17.093731968,34.042905560281234,-118.4983495521721,1526.5411,798.0162,61626.098,30.0,Palisades
2025-01-08 07:41:17.093731968,34.09748567393056,-118.576825912057,689.694,762.7468,34550.98,30.0,Palisades
2025-01-08 07:41:17.093731968,34.09499226178677,-118.53919286962353,693.153,754.06683,36746.258,30.0,Palisades
2025-01-08 07:41:17.093731968,34.050480566632984,-118.6113904539408,3567.079,701.2178,274385.3,30.0,Palisades
2025-01-08 07:41:17.093731968,34.04793264602768,-118.57362735342862,1651.569,736.597,98458.016,30.0,Palisades
2025-01-08 07:41:17.093731968,34.055590021104194,-118.68701610912929,602.437,,,33.0,Palisades
2025-01-08 07:41:17.093731968,34.1025973383188,-118.65244600542098,260.3167,760.3296,13268.96,30.0,Palisades
2025-01-08 07:41:17.093731968,34.07145843020336,-118.55640253905382,1504.4838,699.18506,117483.78,30.0,Palisades
2025-01-08 07:41:17.093731968,34.07400704112978,-118.59415303589158,1745.6805,691.05444,145107.72,30.0,Palisades
2025-01-08 07:41:17.093731968,34.07911807667682,-118.66977967232299,2453.729,804.93823,95165.1,30.0,Palisades
2025-01-08 07:41:17.093731968,34.053033558195125,-118.64918271388292,3508.2632,757.6926,181695.72,30.0,Palisades
2025-01-08 07:46:17.093572992,34.21622840368383,-118.13604847045053,785.48596,670.3983,77054.04,30.0,Eaton
2025-01-08 07:46:17.093572992,34.21371265897895,-118.09866985760715,1423.5282,818.83716,51015.58,30.0,Eaton
2025-01-08 07:46:17.093572992,34.18761682859531,-118.07841483557006,2136.5715,716.05066,147242.02,30.0,Eaton
2025-01-08 07:46:17.093572992,34.18510935004094,-118.04111019501573,804.33655,658.8616,86932.8,30.0,Eaton
2025-01-08 07:46:17.093572992,34.161535736108426,-118.05820425073031,457.93893,594.9153,90652.58,30.0,Eaton
2025-01-08 07:46:17.093572992,34.19012763083686,-118.11575882609391,864.395,715.28156,59918.66,30.0,Eaton
2025-01-08 07:46:17.093572992,34.21120025001673,-118.06133069778744,374.33698,,,33.0,Eaton
2025-01-08 07:46:17.093572992,34.07400704112978,-118.59415303589158,1469.0872,672.376,141814.8,30.0,Palisades
2025-01-08 07:46:17.093572992,34.07911807667682,-118.66977967232299,2336.6091,768.9547,112605.38,30.0,Palisades
2025-01-08 07:46:17.093572992,34.07145843020336,-118.55640253905382,1634.6329,696.8228,129984.68,30.0,Palisades
2025-01-08 07:46:17.093572992,34.068969962321546,-118.51880459364624,1681.5231,679.0233,153766.88,30.0,Palisades
2025-01-08 07:46:17.093572992,34.042905560281234,-118.4983495521721,1436.4955,764.8894,71017.016,30.0,Palisades
2025-01-08 07:46:17.093572992,34.066429700418006,-118.48112767526477,305.91068,742.85974,17476.58,30.0,Palisades
2025-01-08 07:46:17.093572992,34.055590021104194,-118.68701610912929,1694.1334,2674.9275,4000.0,30.0,Palisades
2025-01-08 07:46:17.093572992,34.07656001637729,-118.63195172314548,3142.961,642.82007,391040.06,30.0,Palisades
2025-01-08 07:46:17.093572992,34.04793264602768,-118.57362735342862,1590.7134,740.058,92603.94,30.0,Palisades
2025-01-08 07:46:17.093572992,34.09499226178677,-118.53919286962353,583.2988,742.69495,33331.38,30.0,Palisades
2025-01-08 07:46:17.093572992,34.33848723390952,-118.48105238781923,190.39001,661.8831,20037.74,30.0,Other
2025-01-08 07:46:17.093572992,34.1025973383188,-118.65244600542098,393.71747,673.0353,37782.918,30.0,Palisades
2025-01-08 07:46:17.093572992,34.045389075623206,-118.53591232702891,2599.9482,655.62036,288959.53,30.0,Palisades
2025-01-08 07:46:17.093572992,34.050480566632984,-118.6113904539408,3158.8628,706.6565,233223.81,30.0,Palisades
2025-01-08 07:46:17.093572992,34.09748567393056,-118.576825912057,527.8083,711.82056,37539.0,30.0,Palisades
2025-01-08 07:51:17.093422976,34.18761682859531,-118.07841483557006,2311.6729,702.0418,176634.38,30.0,Eaton
2025-01-08 07:51:17.093422976,34.21371265897895,-118.09866985760715,1527.7635,842.3501,48210.5,30.0,Eaton
2025-01-08 07:51:17.093422976,34.21622840368383,-118.13604847045053,818.4616,704.01953,61626.098,30.0,Eaton
2025-01-08 07:51:17.093422976,34.19012763083686,-118.11575882609391,802.15,720.3357,53576.74,30.0,Eaton
2025-01-08 07:51:17.093422976,34.33848723390952,-118.48105238781923,162.92715,,,33.0,Other
2025-01-08 07:51:17.093422976,34.18510935004094,-118.04111019501573,873.12604,706.6565,64492.16,30.0,Eaton
2025-01-08 07:51:17.093422976,34.161535736108426,-118.05820425073031,501.57053,608.59454,86323.0,30.0,Eaton
2025-01-08 07:51:17.093422976,34.21120025001673,-118.06133069778744,475.78876,,,33.0,Eaton
2025-01-08 07:51:17.093422976,34.07911807667682,-118.66977967232299,1704.759,838.39465,54918.3,30.0,Palisades
2025-01-08 07:51:17.093422976,34.066429700418006,-118.48112767526477,296.70435,774.6681,13817.78,30.0,Palisades
2025-01-08 07:51:17.093422976,34.045389075623206,-118.53591232702891,2686.6992,679.0233,245663.73,30.0,Palisades
2025-01-08 07:51:17.093422976,34.04793264602768,-118.57362735342862,1484.8464,694.79016,119922.98,30.0,Palisades
2025-01-08 07:51:17.093422976,34.050480566632984,-118.6113904539408,3040.037,755.00073,160230.77,30.0,Palisades
2025-01-08 07:51:17.093422976,34.053033558195125,-118.64918271388292,4179.851,854.6559,123703.74,30.0,Palisades
2025-01-08 07:51:17.093422976,34.055590021104194,-118.68701610912929,842.7257,1390.2334,4426.86,30.0,Palisades
2025-01-08 07:51:17.093422976,34.09499226178677,-118.53919286962353,504.93924,732.42175,31014.14,30.0,Palisades
2025-01-08 07:51:17.093422976,34.09748567393056,-118.576825912057,494.164,713.5785,34672.938,30.0,Palisades
2025-01-08 07:51:17.093422976,34.068969962321546,-118.51880459364624,1355.0903,656.44434,149559.27,30.0,Palisades
2025-01-08 07:51:17.093422976,34.042905560281234,-118.4983495521721,1538.5637,749.9466,83822.82,30.0,Palisades
2025-01-08 07:51:17.093422976,34.07145843020336,-118.55640253905382,1387.2848,686.05524,119983.96,30.0,Palisades
2025-01-08 07:51:17.093422976,34.07400704112978,-118.59415303589158,1509.2521,721.1598,100226.44,30.0,Palisades
2025-01-08 07:51:17.093422976,34.07656001637729,-118.63195172314548,3283.8743,669.07983,325852.44,30.0,Palisades
2025-01-08 07:56:17.095070976,34.055590021104194,-118.68701610912929,889.65326,1413.197,4487.84,30.0,Palisades
2025-01-08 07:56:17.095070976,34.07400704112978,-118.59415303589158,1234.7427,659.5208,132728.78,30.0,Palisades
2025-01-08 07:56:17.095070976,34.07656001637729,-118.63195172314548,3083.8613,691.1094,256274.27,30.0,Palisades
2025-01-08 07:56:17.095070976,34.068969962321546,-118.51880459364624,1313.7268,649.19275,154437.66,30.0,Palisades
2025-01-08 07:56:17.095070976,34.050480566632984,-118.6113904539408,2575.3398,717.3142,175841.64,30.0,Palisades
2025-01-08 07:56:17.095070976,34.04793264602768,-118.57362735342862,1389.6508,716.5451,95409.016,30.0,Palisades
2025-01-08 07:56:17.095070976,34.045389075623206,-118.53591232702891,2720.2314,662.0479,286215.44,30.0,Palisades
2025-01-08 07:56:17.095070976,34.042905560281234,-118.4983495521721,1469.1398,751.1002,79432.26,30.0,Palisades
2025-01-08 07:56:17.095070976,34.053033558195125,-118.64918271388292,3920.6733,789.77563,166267.78,30.0,Palisades
2025-01-08 07:56:17.095070976,34.21622840368383,-118.13604847045053,1066.3405,729.4552,66809.4,30.0,Eaton
2025-01-08 07:56:17.095070976,34.21371265897895,-118.09866985760715,1648.6477,876.5206,43758.96,30.0,Eaton
2025-01-08 07:56:17.095070976,34.18761682859531,-118.07841483557006,2414.927,740.2228,140412.27,30.0,Eaton
2025-01-08 07:56:17.095070976,34.07911807667682,-118.66977967232299,1913.5939,819.16675,68516.84,30.0,Palisades
2025-01-08 07:56:17.095070976,34.15903317218513,-118.02093401365634,295.90024,571.73206,75407.58,30.0,Eaton
2025-01-08 07:56:17.095070976,34.161535736108426,-118.05820425073031,523.01196,610.2426,88579.26,30.0,Eaton
2025-01-08 07:56:17.095070976,34.18510935004094,-118.04111019501573,995.7158,693.1421,81444.6,30.0,Eaton
2025-01-08 07:56:17.095070976,34.21120025001673,-118.06133069778744,411.55103,,,33.0,Eaton
2025-01-08 07:56:17.095070976,34.19012763083686,-118.11575882609391,1080.8566,772.141,51076.56,30.0,Eaton
2025-01-08 07:56:17.095070976,34.09748567393056,-118.576825912057,427.3095,680.5066,38636.64,30.0,Palisades
2025-01-08 07:56:17.095070976,34.09499226178677,-118.53919286962353,477.04584,716.87476,32660.6,30.0,Palisades
2025-01-08 07:56:17.095070976,34.07145843020336,-118.55640253905382,1416.668,686.275,122301.195,30.0,Palisades
2025-01-08 07:56:17.095070976,34.33848723390952,-118.48105238781923,118.71924,,,33.0,Other
2025-01-08 08:01:17.094913920,34.055590021104194,-118.68701610912929,720.6632,1075.2266,8634.48,30.0,Palisades
2025-01-08 08:01:17.094913920,34.042905560281234,-118.4983495521721,1504.7045,774.39343,70102.32,30.0,Palisades
2025-01-08 08:01:17.094913920,34.045389075623206,-118.53591232702891,3027.4763,691.9884,249871.36,30.0,Palisades
2025-01-08 08:01:17.094913920,34.04793264602768,-118.57362735342862,1380.1226,699.8993,107239.14,30.0,Palisades
2025-01-08 08:01:17.094913920,34.053033558195125,-118.64918271388292,3456.132,760.1648,176146.53,30.0,Palisades
2025-01-08 08:01:17.094913920,34.07145843020336,-118.55640253905382,1375.0431,685.7256,119191.22,30.0,Palisades
2025-01-08 08:01:17.094913920,34.050480566632984,-118.6113904539408,2071.662,659.9603,221881.53,30.0,Palisades
2025-01-08 08:01:17.094913920,34.068969962321546,-118.51880459364624,1264.1428,667.6515,126874.695,30.0,Palisades
2025-01-08 08:01:17.094913920,34.21371265897895,-118.09866985760715,1250.4427,876.7404,33148.438,30.0,Eaton
2025-01-08 08:01:17.094913920,34.19012763083686,-118.11575882609391,742.34283,671.9365,71931.72,30.0,Eaton
2025-01-08 08:01:17.094913920,34.18761682859531,-118.07841483557006,2440.988,739.2889,142851.45,30.0,Eaton
2025-01-08 08:01:17.094913920,34.18510935004094,-118.04111019501573,1265.3033,761.2086,64065.3,30.0,Eaton
2025-01-08 08:01:17.094913920,34.21120025001673,-118.06133069778744,341.8991,,,33.0,Eaton
2025-01-08 08:01:17.094913920,34.161535736108426,-118.05820425073031,415.7797,555.47076,128094.3,30.0,Eaton
2025-01-08 08:01:17.094913920,34.09748567393056,-118.576825912057,433.5606,661.993,45649.34,30.0,Palisades
2025-01-08 08:01:17.094913920,34.07400704112978,-118.59415303589158,1164.4681,676.2765,108885.6,30.0,Palisades
2025-01-08 08:01:17.094913920,34.21622840368383,-118.13604847045053,838.2768,715.44635,58028.28,30.0,Eaton
2025-01-08 08:01:17.094913920,34.33848723390952,-118.48105238781923,115.57347,,,33.0,Other
2025-01-08 08:01:17.094913920,34.07656001637729,-118.63195172314548,2724.5784,694.95496,219808.22,30.0,Palisades
2025-01-08 08:01:17.094913920,34.07911807667682,-118.66977967232299,1778.9102,806.5314,68394.875,30.0,Palisades
2025-01-08 08:01:17.094913920,34.09499226178677,-118.53919286962353,447.1564,693.197,36563.32,30.0,Palisades
2025-01-08 08:06:17.094763008,34.07911807667682,-118.66977967232299,1787.3298,805.87213,68943.7,30.0,Palisades
2025-01-08 08:06:17.094763008,34.33848723390952,-118.48105238781923,119.182556,,,33.0,Other
2025-01-08 08:06:17.094763008,34.21120025001673,-118.06133069778744,391.04437,,,33.0,Eaton
2025-01-08 08:06:17.094763008,34.21622840368383,-118.13604847045053,631.45435,700.00916,49003.24,30.0,Eaton
2025-01-08 08:06:17.094763008,34.21371265897895,-118.09866985760715,1011.08636,829.60474,34185.1,30.0,Eaton
2025-01-08 08:06:17.094763008,34.09748567393056,-118.576825912057,434.65295,718.90735,29367.68,30.0,Palisades
2025-01-08 08:06:17.094763008,34.19012763083686,-118.11575882609391,775.1606,694.40564,62784.72,30.0,Eaton
2025-01-08 08:06:17.094763008,34.18510935004094,-118.04111019501573,949.1735,704.459,71199.96,30.0,Eaton
2025-01-08 08:06:17.094763008,34.18761682859531,-118.07841483557006,2048.935,719.6765,137546.2,30.0,Eaton
2025-01-08 08:06:17.094763008,34.161535736108426,-118.05820425073031,547.2849,617.7689,86079.08,30.0,Eaton
2025-01-08 08:06:17.094763008,34.07400704112978,-118.59415303589158,1003.7734,686.32996,86627.9,30.0,Palisades
2025-01-08 08:06:17.094763008,34.07656001637729,-118.63195172314548,2608.432,691.32916,216393.34,30.0,Palisades
2025-01-08 08:06:17.094763008,34.07145843020336,-118.55640253905382,1288.4253,684.4071,112849.3,30.0,Palisades
2025-01-08 08:06:17.094763008,34.068969962321546,-118.51880459364624,1121.4518,651.71985,128948.016,30.0,Palisades
2025-01-08 08:06:17.094763008,34.053033558195125,-118.64918271388292,4096.517,715.9957,282434.7,30.0,Palisades
2025-01-08 08:06:17.094763008,34.050480566632984,-118.6113904539408,3075.101,743.519,174926.94,30.0,Palisades
2025-01-08 08:06:17.094763008,34.09499226178677,-118.53919286962353,460.77554,722.9177,30221.4,30.0,Palisades
2025-01-08 08:06:17.094763008,34.04793264602768,-118.57362735342862,1175.8801,681.6603,105287.78,30.0,Palisades
2025-01-08 08:06:17.094763008,34.045389075623206,-118.53591232702891,2929.2583,700.77826,226028.17,30.0,Palisades
2025-01-08 08:06:17.094763008,34.042905560281234,-118.4983495521721,1421.2615,717.03955,97238.42,30.0,Palisades
2025-01-08 08:06:17.094763008,34.055590021104194,-118.68701610912929,578.08307,820.2655,20586.56,30.0,Palisades
2025-01-08 08:11:17.094620928,34.161535736108426,-118.05820425073031,465.59082,601.61755,85957.12,30.0,Eaton
2025-01-08 08:11:17.094620928,34.18761682859531,-118.07841483557006,1839.5403,714.12787,128521.16,30.0,Eaton
2025-01-08 08:11:17.094620928,34.21120025001673,-118.06133069778744,428.02417,,,33.0,Eaton
2025-01-08 08:11:17.094620928,34.21371265897895,-118.09866985760715,1250.9031,842.95435,39368.4,30.0,Eaton
2025-01-08 08:11:17.094620928,34.21622840368383,-118.13604847045053,893.94635,737.8605,52844.98,30.0,Eaton
2025-01-08 08:11:17.094620928,34.04793264602768,-118.57362735342862,1166.6016,715.44635,80712.836,30.0,Palisades
2025-01-08 08:11:17.094620928,34.18510935004094,-118.04111019501573,855.7061,672.7056,82359.3,30.0,Eaton
2025-01-08 08:11:17.094620928,34.19012763083686,-118.11575882609391,863.6777,718.0284,58699.06,30.0,Eaton
2025-01-08 08:11:17.094620928,34.050480566632984,-118.6113904539408,2675.0867,729.4552,167548.36,30.0,Palisades
2025-01-08 08:11:17.094620928,34.33848723390952,-118.48105238781923,130.79489,,,33.0,Other
2025-01-08 08:11:17.094620928,34.045389075623206,-118.53591232702891,2890.0823,680.6165,260969.72,30.0,Palisades
2025-01-08 08:11:17.094620928,34.068969962321546,-118.51880459364624,1175.0042,645.8416,142302.64,30.0,Palisades
2025-01-08 08:11:17.094620928,34.07145843020336,-118.55640253905382,1411.4327,687.3188,120837.68,30.0,Palisades
2025-01-08 08:11:17.094620928,34.07400704112978,-118.59415303589158,915.54877,676.6611,85347.32,30.0,Palisades
2025-01-08 08:11:17.094620928,34.07656001637729,-118.63195172314548,2328.25,696.93274,184988.64,30.0,Palisades
2025-01-08 08:11:17.094620928,34.055590021104194,-118.68701610912929,965.7082,970.4624,16927.76,30.0,Palisades
2025-01-08 08:11:17.094620928,34.07911807667682,-118.66977967232299,2425.6296,888.16724,60833.36,30.0,Palisades
2025-01-08 08:11:17.094620928,34.042905560281234,-118.4983495521721,1411.3514,690.12054,118215.54,30.0,Palisades
2025-01-08 08:11:17.094620928,34.09499226178677,-118.53919286962353,468.82358,709.62305,33880.2,30.0,Palisades
2025-01-08 08:11:17.094620928,34.08167962109204,-118.70764886674131,335.93866,823.72656,11744.46,30.0,Palisades
2025-01-08 08:11:17.094620928,34.01685744585858,-118.47793839944487,271.20438,772.41565,12781.12,30.0,Palisades
2025-01-08 08:11:17.094620928,34.09748567393056,-118.576825912057,375.47757,682.4844,33392.36,30.0,Palisades
2025-01-08 08:16:17.094490112,34.01685744585858,-118.47793839944487,332.96222,802.41113,13086.02,30.0,Palisades
2025-01-08 08:16:17.094490112,34.045389075623206,-118.53591232702891,2332.9292,657.26843,255664.45,30.0,Palisades
2025-01-08 08:16:17.094490112,34.042905560281234,-118.4983495521721,1226.7756,708.4144,89432.98,30.0,Palisades
2025-01-08 08:16:17.094490112,34.055590021104194,-118.68701610912929,1220.1329,869.59863,33514.32,30.0,Palisades
2025-01-08 08:16:17.094490112,34.068969962321546,-118.51880459364624,1191.8104,666.93726,120349.836,30.0,Palisades
2025-01-08 08:16:17.094490112,34.09499226178677,-118.53919286962353,355.02304,698.6907,27843.18,30.0,Palisades
2025-01-08 08:16:17.094490112,34.09748567393056,-118.576825912057,262.25757,609.8581,44551.7,30.0,Palisades
2025-01-08 08:16:17.094490112,34.07656001637729,-118.63195172314548,1727.4315,654.02716,194684.45,30.0,Palisades
2025-01-08 08:16:17.094490112,34.07145843020336,-118.55640253905382,1455.4594,704.23926,109373.44,30.0,Palisades
2025-01-08 08:16:17.094490112,34.07400704112978,-118.59415303589158,859.6186,663.5862,89250.04,30.0,Palisades
2025-01-08 08:16:17.094490112,34.07911807667682,-118.66977967232299,2053.591,853.8868,61016.3,30.0,Palisades
2025-01-08 08:16:17.094490112,34.08167962109204,-118.70764886674131,427.72202,943.5983,8390.561,30.0,Palisades
2025-01-08 08:16:17.094490112,34.21371265897895,-118.09866985760715,994.40656,821.85864,35038.82,30.0,Eaton
2025-01-08 08:16:17.094490112,34.050480566632984,-118.6113904539408,2474.9468,721.26965,164255.44,30.0,Palisades
2025-01-08 08:16:17.094490112,34.21622840368383,-118.13604847045053,616.81244,697.4271,48820.3,30.0,Eaton
2025-01-08 08:16:17.094490112,34.19012763083686,-118.11575882609391,821.0952,724.34607,53332.82,30.0,Eaton
2025-01-08 08:16:17.094490112,34.18761682859531,-118.07841483557006,2005.6482,700.0641,155596.28,30.0,Eaton
2025-01-08 08:16:17.094490112,34.161535736108426,-118.05820425073031,547.45953,612.6049,90530.62,30.0,Eaton
2025-01-08 08:16:17.094490112,34.33848723390952,-118.48105238781923,155.28882,,,33.0,Other
2025-01-08 08:16:17.094490112,34.15903317218513,-118.02093401365634,300.72842,558.76697,89067.1,30.0,Eaton
2025-01-08 08:16:17.094490112,34.18510935004094,-118.04111019501573,1034.0984,716.4901,71017.016,30.0,Eaton
2025-01-08 08:16:17.094490112,34.21120025001673,-118.06133069778744,420.68665,,,33.0,Eaton
2025-01-08 08:16:17.094490112,34.04793264602768,-118.57362735342862,1202.7788,665.23425,123154.92,30.0,Palisades
2025-01-08 08:21:17.094369024,34.09499226178677,-118.53919286962353,655.55115,751.7595,35282.742,30.0,Palisades
2025-01-08 08:21:17.094369024,34.161535736108426,-118.05820425073031,394.04703,550.30676,129252.92,30.0,Eaton
2025-01-08 08:21:17.094369024,34.18510935004094,-118.04111019501573,1171.0936,704.78864,87664.56,30.0,Eaton
2025-01-08 08:21:17.094369024,34.18761682859531,-118.07841483557006,1759.018,708.7441,127911.36,30.0,Eaton
2025-01-08 08:21:17.094369024,34.19012763083686,-118.11575882609391,665.6632,684.46204,58272.2,30.0,Eaton
2025-01-08 08:21:17.094369024,34.21371265897895,-118.09866985760715,972.6459,807.6301,37173.12,30.0,Eaton
2025-01-08 08:21:17.094369024,34.21622840368383,-118.13604847045053,792.2552,694.5155,64126.28,30.0,Eaton
2025-01-08 08:21:17.094369024,34.09748567393056,-118.576825912057,602.29364,743.574,34246.08,30.0,Palisades
2025-01-08 08:21:17.094369024,34.068969962321546,-118.51880459364624,1146.8882,673.30994,109861.28,30.0,Palisades
2025-01-08 08:21:17.094369024,34.07145843020336,-118.55640253905382,1401.2852,712.47974,99067.82,30.0,Palisades
2025-01-08 08:21:17.094369024,34.33848723390952,-118.48105238781923,240.09393,,,33.0,Other
2025-01-08 08:21:17.094369024,34.07911807667682,-118.66977967232299,1440.4802,762.8567,72175.64,30.0,Palisades
2025-01-08 08:21:17.094369024,34.07656001637729,-118.63195172314548,1633.1903,665.39905,167060.52,30.0,Palisades
2025-01-08 08:21:17.094369024,34.07400704112978,-118.59415303589158,998.59686,669.9588,98336.06,30.0,Palisades
2025-01-08 08:21:17.094369024,34.055590021104194,-118.68701610912929,1582.3501,1106.2659,17110.7,30.0,Palisades
2025-01-08 08:21:17.094369024,34.050480566632984,-118.6113904539408,1676.9034,657.9277,182732.38,30.0,Palisades
2025-01-08 08:21:17.094369024,34.04793264602768,-118.57362735342862,1107.2084,689.73596,92969.82,30.0,Palisades
2025-01-08 08:21:17.094369024,34.045389075623206,-118.53591232702891,2734.51,693.8013,222552.31,30.0,Palisades
2025-01-08 08:21:17.094369024,34.042905560281234,-118.4983495521721,1468.9523,771.262,69736.44,30.0,Palisades
2025-01-08 08:21:17.094369024,34.08167962109204,-118.70764886674131,290.2248,718.41296,19671.86,30.0,Palisades
2025-01-08 08:26:17.096061952,34.09748567393056,-118.576825912057,526.0142,735.5532,31562.959,30.0,Palisades
2025-01-08 08:26:17.096061952,34.21371265897895,-118.09866985760715,1186.7396,779.3377,53637.72,30.0,Eaton
2025-01-08 08:26:17.096061952,34.18761682859531,-118.07841483557006,1695.6775,692.5378,139375.6,30.0,Eaton
2025-01-08 08:26:17.096061952,34.19012763083686,-118.11575882609391,891.5457,707.041,65650.78,30.0,Eaton
2025-01-08 08:26:17.096061952,34.18510935004094,-118.04111019501573,749.32935,636.06287,99067.82,30.0,Eaton
2025-01-08 08:26:17.096061952,34.21622840368383,-118.13604847045053,940.1827,697.9765,74127.0,30.0,Eaton
2025-01-08 08:26:17.096061952,34.21120025001673,-118.06133069778744,315.57147,,,33.0,Eaton
2025-01-08 08:26:17.096061952,34.04793264602768,-118.57362735342862,1062.9442,731.6527,65589.8,30.0,Palisades
2025-01-08 08:26:17.096061952,34.042905560281234,-118.4983495521721,1342.8823,702.6461,102177.8,30.0,Palisades
2025-01-08 08:26:17.096061952,34.045389075623206,-118.53591232702891,2834.9517,697.31726,224625.64,30.0,Palisades
2025-01-08 08:26:17.096061952,34.161535736108426,-118.05820425073031,408.4661,568.43585,108092.86,30.0,Eaton
2025-01-08 08:26:17.096061952,34.07911807667682,-118.66977967232299,1195.9635,754.83594,63089.62,30.0,Palisades
2025-01-08 08:26:17.096061952,34.09499226178677,-118.53919286962353,515.3626,756.3192,26928.48,30.0,Palisades
2025-01-08 08:26:17.096061952,34.053033558195125,-118.64918271388292,3669.9844,710.3922,263591.88,30.0,Palisades
2025-01-08 08:26:17.096061952,34.055590021104194,-118.68701610912929,1026.0732,933.81964,20952.44,30.0,Palisades
2025-01-08 08:26:17.096061952,34.068969962321546,-118.51880459364624,1064.8583,649.68713,124679.42,30.0,Palisades
2025-01-08 08:26:17.096061952,34.050480566632984,-118.6113904539408,1570.505,673.52966,150230.03,30.0,Palisades
2025-01-08 08:26:17.096061952,34.07400704112978,-118.59415303589158,930.4862,697.2623,73761.12,30.0,Palisades
2025-01-08 08:26:17.096061952,34.07656001637729,-118.63195172314548,1587.3348,674.84814,150169.06,30.0,Palisades
2025-01-08 08:26:17.096061952,34.07145843020336,-118.55640253905382,1446.7872,702.8109,109983.24,30.0,Palisades
2025-01-08 08:26:17.096061952,34.33848723390952,-118.48105238781923,178.68018,,,33.0,Other
2025-01-08 08:31:17.095956992,34.18510935004094,-118.04111019501573,743.62915,643.3145,92116.1,30.0,Eaton
2025-01-08 08:31:17.095956992,34.21371265897895,-118.09866985760715,1350.0614,836.52673,43941.9,30.0,Eaton
2025-01-08 08:31:17.095956992,34.19012763083686,-118.11575882609391,1027.3854,730.8286,63760.4,30.0,Eaton
2025-01-08 08:31:17.095956992,34.18761682859531,-118.07841483557006,1336.6412,669.07983,132545.84,30.0,Eaton
2025-01-08 08:31:17.095956992,34.218749516791654,-118.17346752837784,471.11646,710.6669,33758.242,30.0,Eaton
2025-01-08 08:31:17.095956992,34.161535736108426,-118.05820425073031,313.70612,529.81537,133460.53,30.0,Eaton
2025-01-08 08:31:17.095956992,34.21622840368383,-118.13604847045053,2296.0906,801.58704,90835.516,30.0,Eaton
2025-01-08 08:31:17.095956992,34.07911807667682,-118.66977967232299,993.94183,710.0076,71565.836,30.0,Palisades
2025-01-08 08:31:17.095956992,34.053033558195125,-118.64918271388292,2967.4514,682.8689,263165.0,30.0,Palisades
2025-01-08 08:31:17.095956992,34.33848723390952,-118.48105238781923,373.81665,722.1486,24672.22,30.0,Other
2025-01-08 08:31:17.095956992,34.09499226178677,-118.53919286962353,450.97278,686.8793,38758.6,30.0,Palisades
2025-01-08 08:31:17.095956992,34.09748567393056,-118.576825912057,470.13458,677.1555,43637.0,30.0,Palisades
2025-01-08 08:31:17.095956992,34.07656001637729,-118.63195172314548,1298.3156,677.6499,120044.94,30.0,Palisades
2025-01-08 08:31:17.095956992,34.07400704112978,-118.59415303589158,900.78723,688.63727,76322.28,30.0,Palisades
2025-01-08 08:31:17.095956992,34.07145843020336,-118.55640253905382,1486.4962,706.43677,109922.26,30.0,Palisades
2025-01-08 08:31:17.095956992,34.068969962321546,-118.51880459364624,1105.7826,692.9773,90591.6,30.0,Palisades
2025-01-08 08:31:17.095956992,34.055590021104194,-118.68701610912929,948.89636,806.09186,36563.32,30.0,Palisades
2025-01-08 08:31:17.095956992,34.050480566632984,-118.6113904539408,1186.4653,634.7444,158889.2,30.0,Palisades
2025-01-08 08:31:17.095956992,34.04793264602768,-118.57362735342862,1020.6697,678.14435,94006.48,30.0,Palisades
2025-01-08 08:31:17.095956992,34.045389075623206,-118.53591232702891,2831.6104,695.77905,227003.86,30.0,Palisades
2025-01-08 08:31:17.095956992,34.042905560281234,-118.4983495521721,1329.5204,769.7787,63699.418,30.0,Palisades
2025-01-08 08:36:17.095844992,34.042905560281234,-118.4983495521721,1201.0957,743.6289,68272.92,30.0,Palisades
2025-01-08 08:36:17.095844992,34.045389075623206,-118.53591232702891,2661.7952,718.35803,180415.14,30.0,Palisades
2025-01-08 08:36:17.095844992,34.21371265897895,-118.09866985760715,1637.9608,777.4149,74858.76,30.0,Eaton
2025-01-08 08:36:17.095844992,34.21622840368383,-118.13604847045053,2602.3557,777.5797,118825.336,30.0,Eaton
2025-01-08 08:36:17.095844992,34.18761682859531,-118.07841483557006,1555.0598,707.975,113703.016,30.0,Eaton
2025-01-08 08:36:17.095844992,34.09748567393056,-118.576825912057,719.017,789.0066,30648.26,30.0,Palisades
2025-01-08 08:36:17.095844992,34.18510935004094,-118.04111019501573,483.95795,598.59607,92177.08,30.0,Eaton
2025-01-08 08:36:17.095844992,34.19012763083686,-118.11575882609391,1573.4578,832.2417,52418.12,30.0,Eaton
2025-01-08 08:36:17.095844992,34.07911807667682,-118.66977967232299,742.07855,696.6031,59125.918,30.0,Palisades
2025-01-08 08:36:17.095844992,34.053033558195125,-118.64918271388292,2468.782,678.52893,226759.94,30.0,Palisades
2025-01-08 08:36:17.095844992,34.04793264602768,-118.57362735342862,973.6951,688.0879,82847.14,30.0,Palisades
2025-01-08 08:36:17.095844992,34.07400704112978,-118.59415303589158,839.6815,681.7152,75163.66,30.0,Palisades
2025-01-08 08:36:17.095844992,34.07145843020336,-118.55640253905382,1432.9768,708.96387,104007.2,30.0,Palisades
2025-01-08 08:36:17.095844992,34.068969962321546,-118.51880459364624,1127.5198,696.43823,89920.82,30.0,Palisades
2025-01-08 08:36:17.095844992,34.055590021104194,-118.68701610912929,878.1957,816.5848,31867.86,30.0,Palisades
2025-01-08 08:36:17.095844992,34.161535736108426,-118.05820425073031,294.60944,532.727,120654.74,30.0,Eaton
2025-01-08 08:36:17.095844992,34.050480566632984,-118.6113904539408,1065.4573,646.1712,128643.12,30.0,Palisades
2025-01-08 08:36:17.095844992,34.33848723390952,-118.48105238781923,383.48578,679.51776,34916.86,30.0,Other
2025-01-08 08:36:17.095844992,34.07656001637729,-118.63195172314548,1105.761,647.87427,131570.16,30.0,Palisades
2025-01-08 08:36:17.095844992,34.218749516791654,-118.17346752837784,396.73187,654.79626,44429.74,30.0,Eaton
2025-01-08 08:36:17.095844992,34.09499226178677,-118.53919286962353,811.1309,848.5579,24794.18,30.0,Palisades
2025-01-08 08:41:17.095731968,34.045389075623206,-118.53591232702891,2830.174,713.194,199136.0,30.0,Palisades
2025-01-08 08:41:17.095731968,34.042905560281234,-118.4983495521721,1462.5215,737.0365,86932.8,30.0,Palisades
2025-01-08 08:41:17.095731968,34.09748567393056,-118.576825912057,862.0731,831.4726,28818.86,30.0,Palisades
2025-01-08 08:41:17.095731968,34.07911807667682,-118.66977967232299,557.44183,693.8013,45344.44,30.0,Palisades
2025-01-08 08:41:17.095731968,34.07656001637729,-118.63195172314548,885.6699,620.79047,135228.95,30.0,Palisades
2025-01-08 08:41:17.095731968,34.07145843020336,-118.55640253905382,1433.8917,717.8086,97543.32,30.0,Palisades
2025-01-08 08:41:17.095731968,34.068969962321546,-118.51880459364624,1415.8501,694.8451,114312.82,30.0,Palisades
2025-01-08 08:41:17.095731968,34.161535736108426,-118.05820425073031,285.1812,526.5741,126691.76,30.0,Eaton
2025-01-08 08:41:17.095731968,34.18510935004094,-118.04111019501573,459.1391,592.9376,92786.88,30.0,Eaton
2025-01-08 08:41:17.095731968,34.19012763083686,-118.11575882609391,1371.7968,791.5336,57540.44,30.0,Eaton
2025-01-08 08:41:17.095731968,34.18761682859531,-118.07841483557006,1421.7838,688.58234,120532.78,30.0,Eaton
2025-01-08 08:41:17.095731968,34.21622840368383,-118.13604847045053,2496.9697,747.9689,137851.1,30.0,Eaton
2025-01-08 08:41:17.095731968,34.218749516791654,-118.17346752837784,335.92303,614.96716,54247.52,30.0,Eaton
2025-01-08 08:41:17.095731968,34.21371265897895,-118.09866985760715,1531.9424,762.58203,76871.1,30.0,Eaton
2025-01-08 08:41:17.095731968,34.053033558195125,-118.64918271388292,2027.5005,644.4682,248529.8,30.0,Palisades
2025-01-08 08:41:17.095731968,34.050480566632984,-118.6113904539408,944.0217,638.3153,122301.195,30.0,Palisades
2025-01-08 08:41:17.095731968,34.04793264602768,-118.57362735342862,916.8705,693.58154,74736.8,30.0,Palisades
2025-01-08 08:41:17.095731968,34.07400704112978,-118.59415303589158,785.25256,691.87854,64858.04,30.0,Palisades
2025-01-08 08:41:17.095731968,34.09499226178677,-118.53919286962353,1268.716,912.17456,28452.98,30.0,Palisades
2025-01-08 08:41:17.095731968,34.33848723390952,-118.48105238781923,255.56703,648.36865,30282.379,30.0,Other
2025-01-08 08:41:17.095731968,34.055590021104194,-118.68701610912929,659.6475,723.4671,43088.18,30.0,Palisades
2025-01-08 08:46:17.095625984,34.045389075623206,-118.53591232702891,2957.0645,708.85394,214807.86,30.0,Palisades
2025-01-08 08:46:17.095625984,34.07145843020336,-118.55640253905382,2102.6133,783.89746,92360.016,30.0,Palisades
2025-01-08 08:46:17.095625984,34.050480566632984,-118.6113904539408,825.94336,618.04364,129557.82,30.0,Palisades
2025-01-08 08:46:17.095625984,34.053033558195125,-118.64918271388292,1595.9585,612.7148,263652.84,30.0,Palisades
2025-01-08 08:46:17.095625984,34.055590021104194,-118.68701610912929,513.3635,705.1732,38331.74,30.0,Palisades
2025-01-08 08:46:17.095625984,34.066429700418006,-118.48112767526477,399.45325,1228.1703,4000.0,30.0,Palisades
2025-01-08 08:46:17.095625984,34.33848723390952,-118.48105238781923,367.80164,704.1294,27660.24,30.0,Other
2025-01-08 08:46:17.095625984,34.042905560281234,-118.4983495521721,1687.8192,802.5759,66382.54,30.0,Palisades
2025-01-08 08:46:17.095625984,34.09499226178677,-118.53919286962353,2422.5073,886.84875,61138.258,30.0,Palisades
2025-01-08 08:46:17.095625984,34.068969962321546,-118.51880459364624,2927.0864,756.2643,153035.12,30.0,Palisades
2025-01-08 08:46:17.095625984,34.07911807667682,-118.66977967232299,506.70673,713.68835,35526.66,30.0,Palisades
2025-01-08 08:46:17.095625984,34.21622840368383,-118.13604847045053,2494.1177,739.39874,145900.45,30.0,Eaton
2025-01-08 08:46:17.095625984,34.09748567393056,-118.576825912057,1432.5692,933.98444,29184.74,30.0,Palisades
2025-01-08 08:46:17.095625984,34.21371265897895,-118.09866985760715,1854.4608,826.3086,63821.38,30.0,Eaton
2025-01-08 08:46:17.095625984,34.19012763083686,-118.11575882609391,1147.8346,765.2739,56625.74,30.0,Eaton
2025-01-08 08:46:17.095625984,34.18761682859531,-118.07841483557006,1292.1704,689.681,108580.695,30.0,Eaton
2025-01-08 08:46:17.095625984,34.18510935004094,-118.04111019501573,420.56174,586.3452,91201.4,30.0,Eaton
2025-01-08 08:46:17.095625984,34.07656001637729,-118.63195172314548,792.16223,613.3191,130106.64,30.0,Palisades
2025-01-08 08:46:17.095625984,34.07400704112978,-118.59415303589158,774.50775,706.38184,57296.52,30.0,Palisades
2025-01-08 08:46:17.095625984,34.04793264602768,-118.57362735342862,921.41187,685.5608,79981.08,30.0,Palisades
2025-01-08 08:51:17.095529984,34.18510935004094,-118.04111019501573,391.0232,566.4032,105958.56,30.0,Eaton
2025-01-08 08:51:17.095529984,34.050480566632984,-118.6113904539408,698.39124,611.8358,116386.14,30.0,Palisades
2025-01-08 08:51:17.095529984,34.068969962321546,-118.51880459364624,3925.727,851.2498,118276.516,30.0,Palisades
2025-01-08 08:51:17.095529984,34.055590021104194,-118.68701610912929,486.9102,674.9031,46015.22,30.0,Palisades
2025-01-08 08:51:17.095529984,34.07145843020336,-118.55640253905382,3207.7874,828.12146,109251.48,30.0,Palisades
2025-01-08 08:51:17.095529984,34.07400704112978,-118.59415303589158,661.78906,686.82434,56869.66,30.0,Palisades
2025-01-08 08:51:17.095529984,34.07656001637729,-118.63195172314548,1038.3672,686.7145,89311.016,30.0,Palisades
2025-01-08 08:51:17.095529984,34.066429700418006,-118.48112767526477,320.90784,808.2344,12232.3,30.0,Palisades
2025-01-08 08:51:17.095529984,34.042905560281234,-118.4983495521721,1286.9674,736.98157,76505.22,30.0,Palisades
2025-01-08 08:51:17.095529984,34.21622840368383,-118.13604847045053,2744.5579,753.6273,145961.44,30.0,Eaton
2025-01-08 08:51:17.095529984,34.161535736108426,-118.05820425073031,290.1848,532.1776,119679.06,30.0,Eaton
2025-01-08 08:51:17.095529984,34.33848723390952,-118.48105238781923,327.3828,649.68713,38331.74,30.0,Other
2025-01-08 08:51:17.095529984,34.12464934402615,-117.50342775058961,105.40753,,,13.0,Other
2025-01-08 08:51:17.095529984,34.18761682859531,-118.07841483557006,933.2593,617.8239,146632.22,30.0,Eaton
2025-01-08 08:51:17.095529984,34.21371265897895,-118.09866985760715,2031.1492,777.90936,92542.96,30.0,Eaton
2025-01-08 08:51:17.095529984,34.19012763083686,-118.11575882609391,903.8316,673.91425,86140.06,30.0,Eaton
2025-01-08 08:51:17.095529984,34.053033558195125,-118.64918271388292,1445.0934,612.82465,238529.08,30.0,Palisades
2025-01-08 08:51:17.095529984,34.07911807667682,-118.66977967232299,669.56445,692.318,55101.24,30.0,Palisades
2025-01-08 08:51:17.095529984,34.09748567393056,-118.576825912057,1294.8558,783.67773,56930.64,30.0,Palisades
2025-01-08 08:51:17.095529984,34.04793264602768,-118.57362735342862,900.45667,697.48206,71260.94,30.0,Palisades
2025-01-08 08:51:17.095529984,34.045389075623206,-118.53591232702891,2713.9944,695.0648,218710.58,30.0,Palisades
2025-01-08 08:51:17.095529984,34.218749516791654,-118.17346752837784,340.57147,,,33.0,Eaton
2025-01-08 08:51:17.095529984,34.09499226178677,-118.53919286962353,1722.4984,798.9501,69187.625,30.0,Palisades
2025-01-08 08:56:17.097246976,34.21622840368383,-118.13604847045053,2717.8384,756.20935,142119.7,30.0,Eaton
2025-01-08 08:56:17.097246976,34.18761682859531,-118.07841483557006,974.40436,636.06287,128887.04,30.0,Eaton
2025-01-08 08:56:17.097246976,34.218749516791654,-118.17346752837784,274.2381,,,33.0,Eaton
2025-01-08 08:56:17.097246976,34.21371265897895,-118.09866985760715,2475.7102,783.07336,109312.46,30.0,Eaton
2025-01-08 08:56:17.097246976,34.33848723390952,-118.48105238781923,277.29385,633.70056,37478.02,30.0,Other
2025-01-08 08:56:17.097246976,34.055590021104194,-118.68701610912929,399.4703,662.10284,41990.54,30.0,Palisades
2025-01-08 08:56:17.097246976,34.053033558195125,-118.64918271388292,1237.8851,610.9568,208100.06,30.0,Palisades
2025-01-08 08:56:17.097246976,34.050480566632984,-118.6113904539408,690.43317,603.4854,125106.28,30.0,Palisades
2025-01-08 08:56:17.097246976,34.04793264602768,-118.57362735342862,851.9052,656.1697,94250.4,30.0,Palisades
2025-01-08 08:56:17.097246976,34.07145843020336,-118.55640253905382,2453.3552,763.6808,122240.22,30.0,Palisades
2025-01-08 08:56:17.097246976,34.19012763083686,-118.11575882609391,881.5264,695.11975,71017.016,30.0,Eaton
2025-01-08 08:56:17.097246976,34.068969962321546,-118.51880459364624,3048.7578,817.0243,110410.1,30.0,Palisades
2025-01-08 08:56:17.097246976,34.07400704112978,-118.59415303589158,720.94104,697.3722,57113.58,30.0,Palisades
2025-01-08 08:56:17.097246976,34.042905560281234,-118.4983495521721,1294.9302,753.84705,68760.76,30.0,Palisades
2025-01-08 08:56:17.097246976,34.07911807667682,-118.66977967232299,1086.0579,760.2197,55345.16,30.0,Palisades
2025-01-08 08:56:17.097246976,34.09499226178677,-118.53919286962353,1755.07,806.9708,67297.234,30.0,Palisades
2025-01-08 08:56:17.097246976,34.09748567393056,-118.576825912057,1322.6431,794.66504,54491.44,30.0,Palisades
2025-01-08 08:56:17.097246976,34.07656001637729,-118.63195172314548,2117.0093,793.12683,87969.46,30.0,Palisades
2025-01-08 08:56:17.097246976,34.045389075623206,-118.53591232702891,2728.583,706.93115,201087.36,30.0,Palisades
2025-01-08 08:56:17.097246976,34.18510935004094,-118.04111019501573,350.5883,551.0758,113946.94,30.0,Eaton
2025-01-08 09:01:17.097170944,34.18510935004094,-118.04111019501573,281.29764,529.81537,119740.04,30.0,Eaton
2025-01-08 09:01:17.097170944,34.19012763083686,-118.11575882609391,778.1953,653.6975,87969.46,30.0,Eaton
2025-01-08 09:01:17.097170944,34.21622840368383,-118.13604847045053,2646.7627,755.1106,139375.6,30.0,Eaton
2025-01-08 09:01:17.097170944,34.21371265897895,-118.09866985760715,2587.2888,812.5744,96079.8,30.0,Eaton
2025-01-08 09:01:17.097170944,34.18761682859531,-118.07841483557006,897.9031,622.8231,134436.22,30.0,Eaton
2025-01-08 09:01:17.097170944,34.07400704112978,-118.59415303589158,927.1659,830.0992,31258.06,30.0,Palisades
2025-01-08 09:01:17.097170944,34.10516045887566,-118.69030956983735,283.60214,982.8231,4731.76,30.0,Palisades
2025-01-08 09:01:17.097170944,34.07145843020336,-118.55640253905382,2279.5813,752.3638,122240.22,30.0,Palisades
2025-01-08 09:01:17.097170944,34.045389075623206,-118.53591232702891,2562.2961,693.5266,209014.77,30.0,Palisades
2025-01-08 09:01:17.097170944,34.04793264602768,-118.57362735342862,847.937,655.78516,94128.44,30.0,Palisades
2025-01-08 09:01:17.097170944,34.053033558195125,-118.64918271388292,1228.8196,602.22186,225601.31,30.0,Palisades
2025-01-08 09:01:17.097170944,34.055590021104194,-118.68701610912929,412.32925,680.94617,37112.14,30.0,Palisades
2025-01-08 09:01:17.097170944,34.068969962321546,-118.51880459364624,2970.9421,797.2471,120532.78,30.0,Palisades
2025-01-08 09:01:17.097170944,34.042905560281234,-118.4983495521721,1197.9237,777.7445,54674.38,30.0,Palisades
2025-01-08 09:01:17.097170944,34.07911807667682,-118.66977967232299,1642.9728,819.2767,58760.04,30.0,Palisades
2025-01-08 09:01:17.097170944,34.07656001637729,-118.63195172314548,2814.1309,748.738,154559.62,30.0,Palisades
2025-01-08 09:01:17.097170944,34.050480566632984,-118.6113904539408,783.42633,628.09705,111568.72,30.0,Palisades
2025-01-08 09:01:17.097170944,34.09748567393056,-118.576825912057,968.8048,736.4321,57784.36,30.0,Palisades
2025-01-08 09:01:17.097170944,34.09499226178677,-118.53919286962353,1341.958,743.29926,76444.24,30.0,Palisades
2025-01-08 09:01:17.097170944,34.33848723390952,-118.48105238781923,217.47478,605.0786,38758.6,30.0,Other
2025-01-08 09:01:17.097170944,34.12464934402615,-117.50342775058961,56.91721,,,33.0,Other
2025-01-08 09:01:17.097170944,34.1025973383188,-118.65244600542098,462.69153,943.43353,9061.34,30.0,Palisades
2025-01-08 09:06:17.097105024,34.055590021104194,-118.68701610912929,347.512,716.4352,23879.48,30.0,Palisades
2025-01-08 09:06:17.097105024,34.1025973383188,-118.65244600542098,370.02103,963.1009,6683.12,30.0,Palisades
2025-01-08 09:06:17.097105024,34.07400704112978,-118.59415303589158,929.1742,814.44226,34124.117,30.0,Palisades
2025-01-08 09:06:17.097105024,34.07656001637729,-118.63195172314548,2770.5066,763.2962,138399.92,30.0,Palisades
2025-01-08 09:06:17.097105024,34.042905560281234,-118.4983495521721,1252.0378,785.7103,54430.46,30.0,Palisades
2025-01-08 09:06:17.097105024,34.068969962321546,-118.51880459364624,2397.4417,753.7921,127362.54,30.0,Palisades
2025-01-08 09:06:17.097105024,34.053033558195125,-118.64918271388292,1103.9169,596.45355,215112.77,30.0,Palisades
2025-01-08 09:06:17.097105024,34.050480566632984,-118.6113904539408,768.5053,629.031,108519.72,30.0,Palisades
2025-01-08 09:06:17.097105024,34.07145843020336,-118.55640253905382,1838.7699,752.9132,98275.08,30.0,Palisades
2025-01-08 09:06:17.097105024,34.045389075623206,-118.53591232702891,2531.7476,700.4486,195843.08,30.0,Palisades
2025-01-08 09:06:17.097105024,34.066429700418006,-118.48112767526477,329.3002,,,33.0,Palisades
2025-01-08 09:06:17.097105024,34.21622840368383,-118.13604847045053,1990.708,717.8086,135472.88,30.0,Eaton
2025-01-08 09:06:17.097105024,34.21371265897895,-118.09866985760715,1992.6371,829.1653,67480.18,30.0,Eaton
2025-01-08 09:06:17.097105024,34.18761682859531,-118.07841483557006,792.3965,624.3613,116934.96,30.0,Eaton
2025-01-08 09:06:17.097105024,34.09499226178677,-118.53919286962353,1119.0948,727.69727,70956.04,30.0,Palisades
2025-01-08 09:06:17.097105024,34.19012763083686,-118.11575882609391,762.2183,647.3798,91018.46,30.0,Eaton
2025-01-08 09:06:17.097105024,34.33848723390952,-118.48105238781923,203.31213,638.6998,26257.7,30.0,Other
2025-01-08 09:06:17.097105024,34.04793264602768,-118.57362735342862,853.5586,661.993,89859.836,30.0,Palisades
2025-01-08 09:06:17.097105024,34.09748567393056,-118.576825912057,713.6376,741.2666,41197.8,30.0,Palisades
2025-01-08 09:06:17.097105024,34.07911807667682,-118.66977967232299,1669.7278,916.02014,36807.24,30.0,Palisades
2025-01-08 09:11:17.097035008,34.07911807667682,-118.66977967232299,1663.0126,898.05585,39795.258,30.0,Palisades
2025-01-08 09:11:17.097035008,34.045389075623206,-118.53591232702891,2539.842,707.92004,185781.38,30.0,Palisades
2025-01-08 09:11:17.097035008,34.050480566632984,-118.6113904539408,903.2106,705.2831,67358.22,30.0,Palisades
2025-01-08 09:11:17.097035008,34.053033558195125,-118.64918271388292,1240.0663,645.29224,150961.8,30.0,Palisades
2025-01-08 09:11:17.097035008,34.055590021104194,-118.68701610912929,390.1231,754.1767,20647.54,30.0,Palisades
2025-01-08 09:11:17.097035008,34.068969962321546,-118.51880459364624,1533.528,678.2543,141083.03,30.0,Palisades
2025-01-08 09:11:17.097035008,34.09499226178677,-118.53919286962353,1378.3131,817.5187,49795.98,30.0,Palisades
2025-01-08 09:11:17.097035008,34.07400704112978,-118.59415303589158,772.944,704.40405,58028.28,30.0,Palisades
2025-01-08 09:11:17.097035008,34.09748567393056,-118.576825912057,823.6238,788.622,35160.78,30.0,Palisades
2025-01-08 09:11:17.097035008,34.1025973383188,-118.65244600542098,338.36285,789.0615,14427.58,30.0,Palisades
2025-01-08 09:11:17.097035008,34.07656001637729,-118.63195172314548,2352.0557,747.58435,130228.6,30.0,Palisades
2025-01-08 09:11:17.097035008,34.23982112289933,-118.11896947613783,271.02826,,,33.0,Eaton
2025-01-08 09:11:17.097035008,34.04793264602768,-118.57362735342862,957.76276,697.64685,75712.48,30.0,Palisades
2025-01-08 09:11:17.097035008,34.33848723390952,-118.48105238781923,182.55852,,,33.0,Other
2025-01-08 09:11:17.097035008,34.21371265897895,-118.09866985760715,1813.3938,773.6792,84859.48,30.0,Eaton
2025-01-08 09:11:17.097035008,34.24234182591638,-118.1563828282276,336.92053,,,33.0,Eaton
2025-01-08 09:11:17.097035008,34.18761682859531,-118.07841483557006,1051.5996,710.557,75407.58,30.0,Eaton
2025-01-08 09:11:17.097035008,34.19012763083686,-118.11575882609391,1009.9255,750.496,54857.32,30.0,Eaton
2025-01-08 09:11:17.097035008,34.042905560281234,-118.4983495521721,1239.7032,789.6658,52601.06,30.0,Palisades
2025-01-08 09:11:17.097035008,34.07145843020336,-118.55640253905382,1369.3685,711.16125,97787.24,30.0,Palisades
2025-01-08 09:11:17.097035008,34.21622840368383,-118.13604847045053,1867.4067,699.8993,145046.73,30.0,Eaton
2025-01-08 09:16:17.096960000,34.09748567393056,-118.576825912057,440.0283,637.9307,57235.54,30.0,Palisades
2025-01-08 09:16:17.096960000,34.21371265897895,-118.09866985760715,2250.8186,796.80756,91567.28,30.0,Eaton
2025-01-08 09:16:17.096960000,34.33848723390952,-118.48105238781923,157.73842,,,33.0,Other
2025-01-08 09:16:17.096960000,34.1025973383188,-118.65244600542098,388.82547,1048.802,5097.64,30.0,Palisades
2025-01-08 09:16:17.096960000,34.19012763083686,-118.11575882609391,868.63385,677.8697,80164.016,30.0,Eaton
2025-01-08 09:16:17.096960000,34.18761682859531,-118.07841483557006,698.79,607.0563,122179.24,30.0,Eaton
2025-01-08 09:16:17.096960000,34.21622840368383,-118.13604847045053,2551.5518,803.8395,99616.64,30.0,Eaton
2025-01-08 09:16:17.096960000,34.045389075623206,-118.53591232702891,2091.6162,664.7398,215173.73,30.0,Palisades
2025-01-08 09:16:17.096960000,34.07911807667682,-118.66977967232299,1319.6497,828.0665,44978.56,30.0,Palisades
2025-01-08 09:16:17.096960000,34.07656001637729,-118.63195172314548,2164.238,782.4691,95896.86,30.0,Palisades
2025-01-08 09:16:17.096960000,34.050480566632984,-118.6113904539408,829.9066,664.1904,85774.18,30.0,Palisades
2025-01-08 09:16:17.096960000,34.053033558195125,-118.64918271388292,1092.9296,643.80896,134802.1,30.0,Palisades
2025-01-08 09:16:17.096960000,34.055590021104194,-118.68701610912929,356.3141,696.10864,28513.959,30.0,Palisades
2025-01-08 09:16:17.096960000,34.068969962321546,-118.51880459364624,1978.6249,725.33496,127606.46,30.0,Palisades
2025-01-08 09:16:17.096960000,34.07145843020336,-118.55640253905382,1783.3,726.7084,113885.96,30.0,Palisades
2025-01-08 09:16:17.096960000,34.07400704112978,-118.59415303589158,537.50507,688.19775,45710.32,30.0,Palisades
2025-01-08 09:16:17.096960000,34.042905560281234,-118.4983495521721,928.24054,666.93726,93762.56,30.0,Palisades
2025-01-08 09:16:17.096960000,34.09499226178677,-118.53919286962353,575.0027,649.4125,67480.18,30.0,Palisades
2025-01-08 09:16:17.096960000,34.04793264602768,-118.57362735342862,812.7964,657.26843,89067.1,30.0,Palisades
2025-01-08 09:21:17.098692992,34.19012763083686,-118.11575882609391,715.866,650.34644,83334.98,30.0,Eaton
2025-01-08 09:21:17.098692992,34.18761682859531,-118.07841483557006,666.36664,618.81274,103702.3,30.0,Eaton
2025-01-08 09:21:17.098692992,34.21622840368383,-118.13604847045053,1956.6338,727.9719,123825.695,30.0,Eaton
2025-01-08 09:21:17.098692992,34.21371265897895,-118.09866985760715,2130.5464,818.67236,76444.24,30.0,Eaton
2025-01-08 09:21:17.098692992,34.04793264602768,-118.57362735342862,782.57623,662.10284,82298.32,30.0,Palisades
2025-01-08 09:21:17.098692992,34.33848723390952,-118.48105238781923,165.29118,,,33.0,Other
2025-01-08 09:21:17.098692992,34.07145843020336,-118.55640253905382,1700.5017,728.52124,107239.14,30.0,Palisades
2025-01-08 09:21:17.098692992,34.055590021104194,-118.68701610912929,333.2906,807.9597,12720.14,30.0,Palisades
2025-01-08 09:21:17.098692992,34.07911807667682,-118.66977967232299,1255.0653,876.02625,33392.36,30.0,Palisades
2025-01-08 09:21:17.098692992,34.050480566632984,-118.6113904539408,768.2502,664.4651,79188.336,30.0,Palisades
2025-01-08 09:21:17.098692992,34.053033558195125,-118.64918271388292,1108.7239,666.9922,111934.6,30.0,Palisades
2025-01-08 09:21:17.098692992,34.042905560281234,-118.4983495521721,1048.2428,685.34106,91140.42,30.0,Palisades
2025-01-08 09:21:17.098692992,34.068969962321546,-118.51880459364624,1759.3174,701.7671,134741.12,30.0,Palisades
2025-01-08 09:21:17.098692992,34.07400704112978,-118.59415303589158,635.64844,694.62537,51442.44,30.0,Palisades
2025-01-08 09:21:17.098692992,34.09748567393056,-118.576825912057,433.07654,648.4236,51259.5,30.0,Palisades
2025-01-08 09:21:17.098692992,34.07656001637729,-118.63195172314548,1656.287,730.3342,103092.5,30.0,Palisades
2025-01-08 09:21:17.098692992,34.09499226178677,-118.53919286962353,596.07434,625.1305,87298.68,30.0,Palisades
2025-01-08 09:21:17.098692992,34.045389075623206,-118.53591232702891,2162.037,656.27954,238894.95,30.0,Palisades
2025-01-08 09:21:17.098692992,34.1025973383188,-118.65244600542098,303.32358,992.32715,4853.7197,30.0,Palisades
2025-01-08 09:26:17.098631936,34.18510935004094,-118.04111019501573,268.417,557.55835,80651.86,30.0,Eaton
2025-01-08 09:26:17.098631936,34.21622840368383,-118.13604847045053,1906.0206,751.5947,102726.62,30.0,Eaton
2025-01-08 09:26:17.098631936,34.07400704112978,-118.59415303589158,634.90533,673.8593,60528.46,30.0,Palisades
2025-01-08 09:26:17.098631936,34.18761682859531,-118.07841483557006,673.60187,623.2077,100470.36,30.0,Eaton
2025-01-08 09:26:17.098631936,34.33848723390952,-118.48105238781923,140.99129,,,33.0,Other
2025-01-08 09:26:17.098631936,34.09748567393056,-118.576825912057,391.27032,631.83276,53820.66,30.0,Palisades
2025-01-08 09:26:17.098631936,34.1025973383188,-118.65244600542098,275.4324,919.8657,5951.36,30.0,Palisades
2025-01-08 09:26:17.098631936,34.19012763083686,-118.11575882609391,681.4473,653.42285,77236.98,30.0,Eaton
2025-01-08 09:26:17.098631936,34.042905560281234,-118.4983495521721,956.24194,687.42865,81810.48,30.0,Palisades
2025-01-08 09:26:17.098631936,34.23982112289933,-118.11896947613783,321.46872,,,33.0,Eaton
2025-01-08 09:26:17.098631936,34.07145843020336,-118.55640253905382,1637.3538,720.88513,108946.58,30.0,Palisades
2025-01-08 09:26:17.098631936,34.07656001637729,-118.63195172314548,1647.586,722.64307,108275.8,30.0,Palisades
2025-01-08 09:26:17.098631936,34.055590021104194,-118.68701610912929,506.33945,926.0186,10707.8,30.0,Palisades
2025-01-08 09:26:17.098631936,34.053033558195125,-118.64918271388292,2282.6367,783.5679,100470.36,30.0,Palisades
2025-01-08 09:26:17.098631936,34.068969962321546,-118.51880459364624,1540.2612,677.54004,142546.56,30.0,Palisades
2025-01-08 09:26:17.098631936,34.050480566632984,-118.6113904539408,1216.7924,739.6185,71078.0,30.0,Palisades
2025-01-08 09:26:17.098631936,34.04793264602768,-118.57362735342862,812.10925,667.5416,81566.56,30.0,Palisades
2025-01-08 09:26:17.098631936,34.045389075623206,-118.53591232702891,2124.6462,657.598,232248.14,30.0,Palisades
2025-01-08 09:26:17.098631936,34.24234182591638,-118.1563828282276,275.2448,,,33.0,Eaton
2025-01-08 09:26:17.098631936,34.09499226178677,-118.53919286962353,514.8323,609.74817,87603.58,30.0,Palisades
2025-01-08 09:26:17.098631936,34.21120025001673,-118.06133069778744,321.6207,,,33.0,Eaton
2025-01-08 09:26:17.098631936,34.21371265897895,-118.09866985760715,2396.8906,825.6493,82786.16,30.0,Eaton
2025-01-08 09:26:17.098631936,34.07911807667682,-118.66977967232299,1670.7069,853.06274,49856.96,30.0,Palisades
2025-01-08 09:31:17.098580992,34.24234182591638,-118.1563828282276,1302.3851,,,33.0,Eaton
2025-01-08 09:31:17.098580992,34.21120025001673,-118.06133069778744,297.10233,,,33.0,Eaton
2025-01-08 09:31:17.098580992,34.21371265897895,-118.09866985760715,3516.3845,828.45105,119557.1,30.0,Eaton
2025-01-08 09:31:17.098580992,34.21622840368383,-118.13604847045053,2495.3735,782.7438,110410.1,30.0,Eaton
2025-01-08 09:31:17.098580992,34.23982112289933,-118.11896947613783,1802.1202,,,33.0,Eaton
2025-01-08 09:31:17.098580992,34.19012763083686,-118.11575882609391,938.78595,739.7284,54796.34,30.0,Eaton
2025-01-08 09:31:17.098580992,34.18761682859531,-118.07841483557006,1214.3457,758.297,62662.758,30.0,Eaton
2025-01-08 09:31:17.098580992,34.18510935004094,-118.04111019501573,272.28522,568.76544,71809.76,30.0,Eaton
2025-01-08 09:31:17.098580992,34.07656001637729,-118.63195172314548,1798.119,738.6846,105653.66,30.0,Palisades
2025-01-08 09:31:17.098580992,34.068969962321546,-118.51880459364624,970.97974,618.1535,152059.44,30.0,Palisades
2025-01-08 09:31:17.098580992,34.09748567393056,-118.576825912057,473.87628,713.6334,33209.42,30.0,Palisades
2025-01-08 09:31:17.098580992,34.09499226178677,-118.53919286962353,708.3054,701.2727,54430.46,30.0,Palisades
2025-01-08 09:31:17.098580992,34.042905560281234,-118.4983495521721,1220.2952,752.8033,65223.918,30.0,Palisades
2025-01-08 09:31:17.098580992,34.07911807667682,-118.66977967232299,2066.911,916.5146,45466.4,30.0,Palisades
2025-01-08 09:31:17.098580992,34.08167962109204,-118.70764886674131,315.44876,1380.6196,4000.0,30.0,Palisades
2025-01-08 09:31:17.098580992,34.07400704112978,-118.59415303589158,680.06836,705.77747,50527.74,30.0,Palisades
2025-01-08 09:31:17.098580992,34.04793264602768,-118.57362735342862,925.38837,685.89044,80103.04,30.0,Palisades
2025-01-08 09:31:17.098580992,34.045389075623206,-118.53591232702891,2515.9368,680.83624,226759.94,30.0,Palisades
2025-01-08 09:31:17.098580992,34.050480566632984,-118.6113904539408,1673.6097,849.05237,51015.58,30.0,Palisades
2025-01-08 09:31:17.098580992,34.33848723390952,-118.48105238781923,174.2811,,,33.0,Other
2025-01-08 09:31:17.098580992,34.053033558195125,-118.64918271388292,2975.9336,772.63544,140107.36,30.0,Palisades
2025-01-08 09:31:17.098580992,34.055590021104194,-118.68701610912929,672.77167,1240.8057,4975.68,30.0,Palisades
2025-01-08 09:31:17.098580992,34.07145843020336,-118.55640253905382,1092.6895,675.5624,102787.6,30.0,Palisades
2025-01-08 09:36:17.098539008,34.23982112289933,-118.11896947613783,903.7687,,,33.0,Eaton
2025-01-08 09:36:17.098539008,34.21371265897895,-118.09866985760715,2909.3228,770.10834,139192.66,30.0,Eaton
2025-01-08 09:36:17.098539008,34.21120025001673,-118.06133069778744,386.08957,,,33.0,Eaton
2025-01-08 09:36:17.098539008,34.21622840368383,-118.13604847045053,2269.881,715.06177,157547.64,30.0,Eaton
2025-01-08 09:36:17.098539008,34.24234182591638,-118.1563828282276,772.3873,842.78955,24306.34,30.0,Eaton
2025-01-08 09:36:17.098539008,34.19012763083686,-118.11575882609391,720.7492,683.96765,63333.54,30.0,Eaton
2025-01-08 09:36:17.098539008,34.18761682859531,-118.07841483557006,684.912,666.8823,69187.625,30.0,Eaton
2025-01-08 09:36:17.098539008,34.07911807667682,-118.66977967232299,1579.9054,793.2916,65589.8,30.0,Palisades
2025-01-08 09:36:17.098539008,34.04793264602768,-118.57362735342862,848.5428,670.2335,83395.96,30.0,Palisades
2025-01-08 09:36:17.098539008,34.33848723390952,-118.48105238781923,165.05382,,,33.0,Other
2025-01-08 09:36:17.098539008,34.07145843020336,-118.55640253905382,1330.8442,725.9942,85408.3,30.0,Palisades
2025-01-08 09:36:17.098539008,34.07656001637729,-118.63195172314548,1430.2358,715.28156,99128.8,30.0,Palisades
2025-01-08 09:36:17.098539008,34.09748567393056,-118.576825912057,301.51584,622.32874,45344.44,30.0,Palisades
2025-01-08 09:36:17.098539008,34.09499226178677,-118.53919286962353,376.08078,604.2545,67602.14,30.0,Palisades
2025-01-08 09:36:17.098539008,34.042905560281234,-118.4983495521721,909.90106,699.40485,70956.04,30.0,Palisades
2025-01-08 09:36:17.098539008,34.045389075623206,-118.53591232702891,2223.028,671.552,216088.44,30.0,Palisades
2025-01-08 09:36:17.098539008,34.068969962321546,-118.51880459364624,1125.6033,671.7717,109190.5,30.0,Palisades
2025-01-08 09:36:17.098539008,34.053033558195125,-118.64918271388292,3264.3828,765.3838,160901.53,30.0,Palisades
2025-01-08 09:36:17.098539008,34.050480566632984,-118.6113904539408,1665.2516,814.8268,61077.28,30.0,Palisades
2025-01-08 09:36:17.098539008,34.07400704112978,-118.59415303589158,598.5348,694.79016,48332.46,30.0,Palisades
2025-01-08 09:36:17.098539008,34.055590021104194,-118.68701610912929,569.1794,890.6394,14122.68,30.0,Palisades
2025-01-08 09:41:17.098494976,34.18761682859531,-118.07841483557006,897.9685,690.0656,75224.64,30.0,Eaton
2025-01-08 09:41:17.098494976,34.19012763083686,-118.11575882609391,745.5503,683.3084,65894.7,30.0,Eaton
2025-01-08 09:41:17.098494976,34.21371265897895,-118.09866985760715,2185.4404,733.96,132667.8,30.0,Eaton
2025-01-08 09:41:17.098494976,34.21622840368383,-118.13604847045053,1767.1349,753.5724,94006.48,30.0,Eaton
2025-01-08 09:41:17.098494976,34.23982112289933,-118.11896947613783,1079.6785,,,33.0,Eaton
2025-01-08 09:41:17.098494976,34.24234182591638,-118.1563828282276,928.63275,,,33.0,Eaton
2025-01-08 09:41:17.098494976,34.33848723390952,-118.48105238781923,258.55124,685.28613,22476.94,30.0,Other
2025-01-08 09:41:17.098494976,34.09748567393056,-118.576825912057,393.707,707.041,29001.8,30.0,Palisades
2025-01-08 09:41:17.098494976,34.07400704112978,-118.59415303589158,664.25183,735.718,39856.24,30.0,Palisades
2025-01-08 09:41:17.098494976,34.07656001637729,-118.63195172314548,1562.3025,733.79517,94982.16,30.0,Palisades
2025-01-08 09:41:17.098494976,34.09499226178677,-118.53919286962353,539.7475,686.1651,46625.02,30.0,Palisades
2025-01-08 09:41:17.098494976,34.07145843020336,-118.55640253905382,1028.9486,673.255,98579.98,30.0,Palisades
2025-01-08 09:41:17.098494976,34.068969962321546,-118.51880459364624,861.58,611.6161,143827.14,30.0,Palisades
2025-01-08 09:41:17.098494976,34.045389075623206,-118.53591232702891,2556.6167,690.34033,213771.2,30.0,Palisades
2025-01-08 09:41:17.098494976,34.042905560281234,-118.4983495521721,1195.2898,702.37146,91140.42,30.0,Palisades
2025-01-08 09:41:17.098494976,34.050480566632984,-118.6113904539408,1417.9073,757.1433,73700.14,30.0,Palisades
2025-01-08 09:41:17.098494976,34.053033558195125,-118.64918271388292,2480.1929,725.17017,160108.8,30.0,Palisades
2025-01-08 09:41:17.098494976,34.055590021104194,-118.68701610912929,561.39075,858.1718,16317.96,30.0,Palisades
2025-01-08 09:41:17.098494976,34.04793264602768,-118.57362735342862,889.0753,692.3729,73151.32,30.0,Palisades
2025-01-08 09:41:17.098494976,34.07911807667682,-118.66977967232299,1675.343,825.59436,57845.34,30.0,Palisades
2025-01-08 09:46:17.098444032,34.21371265897895,-118.09866985760715,2264.2605,779.39264,102238.78,30.0,Eaton
2025-01-08 09:46:17.098444032,34.18761682859531,-118.07841483557006,544.4757,620.35095,83456.94,30.0,Eaton
2025-01-08 09:46:17.098444032,34.21622840368383,-118.13604847045053,1729.012,733.0261,105653.66,30.0,Eaton
2025-01-08 09:46:17.098444032,34.24234182591638,-118.1563828282276,375.58768,,,33.0,Eaton
2025-01-08 09:46:17.098444032,34.23982112289933,-118.11896947613783,432.2968,,,33.0,Eaton
2025-01-08 09:46:17.098444032,34.07145843020336,-118.55640253905382,1379.959,703.5801,104251.12,30.0,Palisades
2025-01-08 09:46:17.098444032,34.042905560281234,-118.4983495521721,940.0038,695.3945,75590.516,30.0,Palisades
2025-01-08 09:46:17.098444032,34.045389075623206,-118.53591232702891,2086.6792,643.80896,257310.92,30.0,Palisades
2025-01-08 09:46:17.098444032,34.04793264602768,-118.57362735342862,921.6481,682.59424,81932.44,30.0,Palisades
2025-01-08 09:46:17.098444032,34.09748567393056,-118.576825912057,268.8108,608.1001,46503.06,30.0,Palisades
2025-01-08 09:46:17.098444032,34.053033558195125,-118.64918271388292,2912.152,744.2881,164804.27,30.0,Palisades
2025-01-08 09:46:17.098444032,34.07656001637729,-118.63195172314548,1144.0532,686.4398,98640.96,30.0,Palisades
2025-01-08 09:46:17.098444032,34.07400704112978,-118.59415303589158,640.0806,669.79395,63089.62,30.0,Palisades
2025-01-08 09:46:17.098444032,34.33848723390952,-118.48105238781923,167.31615,,,33.0,Other
2025-01-08 09:46:17.098444032,34.08167962109204,-118.70764886674131,286.4748,932.1166,5890.38,30.0,Palisades
2025-01-08 09:46:17.098444032,34.09499226178677,-118.53919286962353,336.7365,585.08167,74005.04,30.0,Palisades
2025-01-08 09:46:17.098444032,34.068969962321546,-118.51880459364624,1187.7383,669.3545,117544.76,30.0,Palisades
2025-01-08 09:46:17.098444032,34.055590021104194,-118.68701610912929,1045.871,885.2007,26623.58,30.0,Palisades
2025-01-08 09:46:17.098444032,34.050480566632984,-118.6113904539408,1292.9432,731.48785,79859.12,30.0,Palisades
2025-01-08 09:46:17.098444032,34.07911807667682,-118.66977967232299,1462.8137,787.3035,62967.66,30.0,Palisades
2025-01-08 09:46:17.098444032,34.19012763083686,-118.11575882609391,651.1221,668.7502,64797.06,30.0,Eaton
2025-01-08 09:51:17.100200064,34.055590021104194,-118.68701610912929,1169.755,880.6409,30404.34,30.0,Palisades
2025-01-08 09:51:17.100200064,34.21622840368383,-118.13604847045053,1267.5228,706.9861,93335.7,30.0,Eaton
2025-01-08 09:51:17.100200064,34.23982112289933,-118.11896947613783,398.4983,,,33.0,Eaton
2025-01-08 09:51:17.100200064,34.24234182591638,-118.1563828282276,309.73917,,,33.0,Eaton
2025-01-08 09:51:17.100200064,34.09748567393056,-118.576825912057,297.10046,622.38367,44673.66,30.0,Palisades
2025-01-08 09:51:17.100200064,34.09499226178677,-118.53919286962353,346.54083,614.19806,56442.8,30.0,Palisades
2025-01-08 09:51:17.100200064,34.07911807667682,-118.66977967232299,1085.9382,740.5524,63028.64,30.0,Palisades
2025-01-08 09:51:17.100200064,34.07400704112978,-118.59415303589158,640.6837,675.9469,60040.62,30.0,Palisades
2025-01-08 09:51:17.100200064,34.19012763083686,-118.11575882609391,736.0402,676.3314,68821.734,30.0,Eaton
2025-01-08 09:51:17.100200064,34.07145843020336,-118.55640253905382,1114.0964,675.3426,104982.88,30.0,Palisades
2025-01-08 09:51:17.100200064,34.053033558195125,-118.64918271388292,2984.0083,735.38837,179378.48,30.0,Palisades
2025-01-08 09:51:17.100200064,34.050480566632984,-118.6113904539408,1079.0734,688.912,91201.4,30.0,Palisades
2025-01-08 09:51:17.100200064,34.04793264602768,-118.57362735342862,902.37695,683.63806,79554.22,30.0,Palisades
2025-01-08 09:51:17.100200064,34.045389075623206,-118.53591232702891,2432.0488,674.5735,230540.7,30.0,Palisades
2025-01-08 09:51:17.100200064,34.07656001637729,-118.63195172314548,1057.5154,689.2965,89128.08,30.0,Palisades
2025-01-08 09:51:17.100200064,34.042905560281234,-118.4983495521721,1024.3641,706.16205,75895.42,30.0,Palisades
2025-01-08 09:51:17.100200064,34.33848723390952,-118.48105238781923,242.62483,649.68713,28392.0,30.0,Other
2025-01-08 09:51:17.100200064,34.068969962321546,-118.51880459364624,935.1651,642.1059,117117.9,30.0,Palisades
2025-01-08 09:51:17.100200064,34.18761682859531,-118.07841483557006,522.78754,635.7882,69309.58,30.0,Eaton
2025-01-08 09:51:17.100200064,34.21371265897895,-118.09866985760715,1379.8534,678.2543,126996.66,30.0,Eaton
2025-01-08 09:56:17.100162944,34.21622840368383,-118.13604847045053,970.1835,636.9419,127301.56,30.0,Eaton
2025-01-08 09:56:17.100162944,34.33848723390952,-118.48105238781923,346.60287,680.0122,31441.0,30.0,Other
2025-01-08 09:56:17.100162944,34.053033558195125,-118.64918271388292,2205.627,688.6922,186757.06,30.0,Palisades
2025-01-08 09:56:17.100162944,34.055590021104194,-118.68701610912929,1314.9541,880.25635,34246.08,30.0,Palisades
2025-01-08 09:56:17.100162944,34.068969962321546,-118.51880459364624,749.42993,612.22034,124374.516,30.0,Palisades
2025-01-08 09:56:17.100162944,34.24234182591638,-118.1563828282276,342.29077,,,33.0,Eaton
2025-01-08 09:56:17.100162944,34.04793264602768,-118.57362735342862,984.50287,720.7203,65589.8,30.0,Palisades
2025-01-08 09:56:17.100162944,34.042905560281234,-118.4983495521721,976.8179,696.7679,77724.82,30.0,Palisades
2025-01-08 09:56:17.100162944,34.045389075623206,-118.53591232702891,2622.833,675.2327,247310.2,30.0,Palisades
2025-01-08 09:56:17.100162944,34.09748567393056,-118.576825912057,340.85678,672.15625,32965.5,30.0,Palisades
2025-01-08 09:56:17.100162944,34.09499226178677,-118.53919286962353,411.75342,652.9284,46868.94,30.0,Palisades
2025-01-08 09:56:17.100162944,34.07911807667682,-118.66977967232299,1117.6968,742.2555,64126.28,30.0,Palisades
2025-01-08 09:56:17.100162944,34.07656001637729,-118.63195172314548,1003.8152,679.57275,91445.32,30.0,Palisades
2025-01-08 09:56:17.100162944,34.050480566632984,-118.6113904539408,780.3658,678.41907,71748.78,30.0,Palisades
2025-01-08 09:56:17.100162944,34.21371265897895,-118.09866985760715,1075.7039,668.3656,107300.12,30.0,Eaton
2025-01-08 09:56:17.100162944,34.07145843020336,-118.55640253905382,1012.1593,648.1489,120105.92,30.0,Palisades
2025-01-08 09:56:17.100162944,34.07400704112978,-118.59415303589158,598.8534,659.3011,64492.16,30.0,Palisades
2025-01-08 09:56:17.100162944,34.18761682859531,-118.07841483557006,554.5517,648.6983,65467.84,30.0,Eaton
2025-01-08 09:56:17.100162944,34.23982112289933,-118.11896947613783,459.79944,,,33.0,Eaton
2025-01-08 09:56:17.100162944,34.19012763083686,-118.11575882609391,673.4202,654.2469,75773.46,30.0,Eaton
2025-01-08 10:01:17.100136064,34.07145843020336,-118.55640253905382,1138.787,672.9254,109434.42,30.0,Palisades
2025-01-08 10:01:17.100136064,34.33848723390952,-118.48105238781923,334.31628,649.79706,39063.5,30.0,Other
2025-01-08 10:01:17.100136064,34.050480566632984,-118.6113904539408,887.3575,676.82587,82603.22,30.0,Palisades
2025-01-08 10:01:17.100136064,34.053033558195125,-118.64918271388292,2000.053,678.36414,183830.02,30.0,Palisades
2025-01-08 10:01:17.100136064,34.04793264602768,-118.57362735342862,857.92377,652.21423,98214.1,30.0,Palisades
2025-01-08 10:01:17.100136064,34.045389075623206,-118.53591232702891,2375.4165,662.87195,248224.89,30.0,Palisades
2025-01-08 10:01:17.100136064,34.055590021104194,-118.68701610912929,785.3871,725.49976,50588.72,30.0,Palisades
2025-01-08 10:01:17.100136064,34.09748567393056,-118.576825912057,336.9477,655.2907,37539.0,30.0,Palisades
2025-01-08 10:01:17.100136064,34.068969962321546,-118.51880459364624,885.8496,633.4259,120044.94,30.0,Palisades
2025-01-08 10:01:17.100136064,34.07400704112978,-118.59415303589158,681.2329,701.6572,52235.18,30.0,Palisades
2025-01-08 10:01:17.100136064,34.07656001637729,-118.63195172314548,961.1199,664.79474,98823.9,30.0,Palisades
2025-01-08 10:01:17.100136064,34.07911807667682,-118.66977967232299,784.7237,687.9231,66870.375,30.0,Palisades
2025-01-08 10:01:17.100136064,34.21371265897895,-118.09866985760715,1390.7068,754.7261,73395.24,30.0,Eaton
2025-01-08 10:01:17.100136064,34.19012763083686,-118.11575882609391,697.6173,675.67224,65589.8,30.0,Eaton
2025-01-08 10:01:17.100136064,34.18761682859531,-118.07841483557006,501.39813,637.1616,65650.78,30.0,Eaton
2025-01-08 10:01:17.100136064,34.21622840368383,-118.13604847045053,1035.5619,673.8043,98823.9,30.0,Eaton
2025-01-08 10:01:17.100136064,34.042905560281234,-118.4983495521721,946.6092,720.3357,63272.56,30.0,Palisades
2025-01-08 10:01:17.100136064,34.09499226178677,-118.53919286962353,397.79327,633.7555,53759.68,30.0,Palisades
2025-01-08 10:06:17.100116992,34.09748567393056,-118.576825912057,433.87714,738.9592,25464.959,30.0,Palisades
2025-01-08 10:06:17.100116992,34.045389075623206,-118.53591232702891,2516.9587,672.98035,241761.02,30.0,Palisades
2025-01-08 10:06:17.100116992,34.053033558195125,-118.64918271388292,1800.9454,652.1593,206331.64,30.0,Palisades
2025-01-08 10:06:17.100116992,34.23982112289933,-118.11896947613783,273.54343,,,33.0,Eaton
2025-01-08 10:06:17.100116992,34.09499226178677,-118.53919286962353,650.46814,738.79443,38209.78,30.0,Palisades
2025-01-08 10:06:17.100116992,34.33848723390952,-118.48105238781923,279.72098,668.53046,27904.16,30.0,Other
2025-01-08 10:06:17.100116992,34.07400704112978,-118.59415303589158,546.9416,656.8839,60101.598,30.0,Palisades
2025-01-08 10:06:17.100116992,34.07656001637729,-118.63195172314548,797.5475,640.6226,101202.12,30.0,Palisades
2025-01-08 10:06:17.100116992,34.055590021104194,-118.68701610912929,836.1415,757.6926,43332.1,30.0,Palisades
2025-01-08 10:06:17.100116992,34.07145843020336,-118.55640253905382,951.128,672.376,91811.2,30.0,Palisades
2025-01-08 10:06:17.100116992,34.24234182591638,-118.1563828282276,274.3353,,,33.0,Eaton
2025-01-08 10:06:17.100116992,34.042905560281234,-118.4983495521721,1077.0739,702.37146,82115.38,30.0,Palisades
2025-01-08 10:06:17.100116992,34.050480566632984,-118.6113904539408,711.4121,647.59955,84859.48,30.0,Palisades
2025-01-08 10:06:17.100116992,34.04793264602768,-118.57362735342862,882.0352,656.9938,96872.54,30.0,Palisades
2025-01-08 10:06:17.100116992,34.07911807667682,-118.66977967232299,665.684,692.4828,54735.36,30.0,Palisades
2025-01-08 10:06:17.100116992,34.21371265897895,-118.09866985760715,934.55084,677.8697,86262.016,30.0,Eaton
2025-01-08 10:06:17.100116992,34.18761682859531,-118.07841483557006,603.82654,674.134,57418.48,30.0,Eaton
2025-01-08 10:06:17.100116992,34.19012763083686,-118.11575882609391,742.1944,690.0107,62235.9,30.0,Eaton
2025-01-08 10:06:17.100116992,34.068969962321546,-118.51880459364624,837.9166,622.1639,126264.9,30.0,Palisades
2025-01-08 10:06:17.100116992,34.21622840368383,-118.13604847045053,1028.9022,687.4836,87969.46,30.0,Eaton
2025-01-08 10:11:17.100093056,34.33848723390952,-118.48105238781923,166.1692,,,33.0,Other
2025-01-08 10:11:17.100093056,34.07911807667682,-118.66977967232299,561.2044,638.3153,72724.46,30.0,Palisades
2025-01-08 10:11:17.100093056,34.09748567393056,-118.576825912057,724.3687,758.6266,37295.08,30.0,Palisades
2025-01-08 10:11:17.100093056,34.09499226178677,-118.53919286962353,891.7778,748.7929,48942.258,30.0,Palisades
2025-01-08 10:11:17.100093056,34.042905560281234,-118.4983495521721,926.8721,691.8236,76627.18,30.0,Palisades
2025-01-08 10:11:17.100093056,34.07656001637729,-118.63195172314548,670.46564,641.5016,84432.62,30.0,Palisades
2025-01-08 10:11:17.100093056,34.07400704112978,-118.59415303589158,545.2486,655.1259,60894.34,30.0,Palisades
2025-01-08 10:11:17.100093056,34.053033558195125,-118.64918271388292,1572.7462,636.39246,207429.28,30.0,Palisades
2025-01-08 10:11:17.100093056,34.055590021104194,-118.68701610912929,707.2779,700.0641,54857.32,30.0,Palisades
2025-01-08 10:11:17.100093056,34.045389075623206,-118.53591232702891,2294.479,663.03674,239382.8,30.0,Palisades
2025-01-08 10:11:17.100093056,34.07145843020336,-118.55640253905382,1336.7333,698.7456,104738.96,30.0,Palisades
2025-01-08 10:11:17.100093056,34.050480566632984,-118.6113904539408,610.777,614.03326,99555.66,30.0,Palisades
2025-01-08 10:11:17.100093056,34.218749516791654,-118.17346752837784,403.5825,681.77014,36136.46,30.0,Eaton
2025-01-08 10:11:17.100093056,34.21622840368383,-118.13604847045053,1756.0973,778.1291,79920.1,30.0,Eaton
2025-01-08 10:11:17.100093056,34.21371265897895,-118.09866985760715,1343.165,749.7268,73273.28,30.0,Eaton
2025-01-08 10:11:17.100093056,34.19012763083686,-118.11575882609391,869.13477,693.5266,70895.06,30.0,Eaton
2025-01-08 10:11:17.100093056,34.18761682859531,-118.07841483557006,441.62262,630.8439,61321.2,30.0,Eaton
2025-01-08 10:11:17.100093056,34.068969962321546,-118.51880459364624,1219.9071,686.49475,105165.82,30.0,Palisades
2025-01-08 10:11:17.100093056,34.19264378683706,-118.15314315385929,272.47092,617.27454,43027.2,30.0,Eaton
2025-01-08 10:11:17.100093056,34.04793264602768,-118.57362735342862,830.2456,656.49927,91567.28,30.0,Palisades
2025-01-08 10:16:17.100065024,34.19012763083686,-118.11575882609391,947.8709,708.799,68882.72,30.0,Eaton
2025-01-08 10:16:17.100065024,34.218749516791654,-118.17346752837784,453.0674,695.33954,36441.36,30.0,Eaton
2025-01-08 10:16:17.100065024,34.21371265897895,-118.09866985760715,1069.6173,779.39264,48271.48,30.0,Eaton
2025-01-08 10:16:17.100065024,34.21622840368383,-118.13604847045053,1579.7006,773.3496,74066.016,30.0,Eaton
2025-01-08 10:16:17.100065024,34.19264378683706,-118.15314315385929,277.33295,642.92993,34490.0,30.0,Eaton
2025-01-08 10:16:17.100065024,34.18761682859531,-118.07841483557006,411.05353,622.4935,61748.06,30.0,Eaton
2025-01-08 10:16:17.100065024,34.07145843020336,-118.55640253905382,1709.6163,749.45215,93457.66,30.0,Palisades
2025-01-08 10:16:17.100065024,34.07911807667682,-118.66977967232299,475.16776,641.88617,59613.758,30.0,Palisades
2025-01-08 10:16:17.100065024,34.09499226178677,-118.53919286962353,927.66156,757.6926,48027.56,30.0,Palisades
2025-01-08 10:16:17.100065024,34.055590021104194,-118.68701610912929,619.7903,665.5089,63333.54,30.0,Palisades
2025-01-08 10:16:17.100065024,34.07400704112978,-118.59415303589158,455.4998,679.35297,41563.68,30.0,Palisades
2025-01-08 10:16:17.100065024,34.09748567393056,-118.576825912057,726.9665,755.9896,38087.82,30.0,Palisades
2025-01-08 10:16:17.100065024,34.068969962321546,-118.51880459364624,1929.0479,764.7795,95409.016,30.0,Palisades
2025-01-08 10:16:17.100065024,34.053033558195125,-118.64918271388292,1314.6769,621.72437,198892.08,30.0,Palisades
2025-01-08 10:16:17.100065024,34.04793264602768,-118.57362735342862,798.4876,643.64417,98579.98,30.0,Palisades
2025-01-08 10:16:17.100065024,34.045389075623206,-118.53591232702891,2108.0496,635.23883,280971.16,30.0,Palisades
2025-01-08 10:16:17.100065024,34.042905560281234,-118.4983495521721,822.01715,670.3983,80651.86,30.0,Palisades
2025-01-08 10:16:17.100065024,34.07656001637729,-118.63195172314548,531.32806,602.27686,97482.336,30.0,Palisades
2025-01-08 10:16:17.100065024,34.050480566632984,-118.6113904539408,573.4452,634.52466,76932.08,30.0,Palisades
2025-01-08 10:16:17.100065024,34.33848723390952,-118.48105238781923,134.50221,,,33.0,Other
2025-01-08 10:21:17.101847040,34.053033558195125,-118.64918271388292,1087.7405,612.49506,180110.23,30.0,Palisades
2025-01-08 10:21:17.101847040,34.21371265897895,-118.09866985760715,979.1774,770.9873,46564.04,30.0,Eaton
2025-01-08 10:21:17.101847040,34.18761682859531,-118.07841483557006,392.08875,613.26416,64431.18,30.0,Eaton
2025-01-08 10:21:17.101847040,34.19264378683706,-118.15314315385929,317.33,639.2492,40770.94,30.0,Eaton
2025-01-08 10:21:17.101847040,34.19012763083686,-118.11575882609391,961.3824,699.9542,74614.836,30.0,Eaton
2025-01-08 10:21:17.101847040,34.09748567393056,-118.576825912057,769.90967,758.297,39734.28,30.0,Palisades
2025-01-08 10:21:17.101847040,34.21622840368383,-118.13604847045053,1929.4685,783.6228,84920.46,30.0,Eaton
2025-01-08 10:21:17.101847040,34.066429700418006,-118.48112767526477,317.11313,896.6275,7658.8,30.0,Palisades
2025-01-08 10:21:17.101847040,34.055590021104194,-118.68701610912929,469.14926,642.82007,58394.16,30.0,Palisades
2025-01-08 10:21:17.101847040,34.07656001637729,-118.63195172314548,475.00974,597.8819,91201.4,30.0,Palisades
2025-01-08 10:21:17.101847040,34.07400704112978,-118.59415303589158,492.3931,671.3322,47966.58,30.0,Palisades
2025-01-08 10:21:17.101847040,34.068969962321546,-118.51880459364624,1901.1981,754.0119,100836.24,30.0,Palisades
2025-01-08 10:21:17.101847040,34.09499226178677,-118.53919286962353,1022.05316,756.9236,53210.86,30.0,Palisades
2025-01-08 10:21:17.101847040,34.07911807667682,-118.66977967232299,397.13312,631.2834,54918.3,30.0,Palisades
2025-01-08 10:21:17.101847040,34.218749516791654,-118.17346752837784,712.2045,768.8998,34307.062,30.0,Eaton
2025-01-08 10:21:17.101847040,34.042905560281234,-118.4983495521721,855.28723,695.0648,68943.7,30.0,Palisades
2025-01-08 10:21:17.101847040,34.07145843020336,-118.55640253905382,1561.9169,729.01575,98153.12,30.0,Palisades
2025-01-08 10:21:17.101847040,34.04793264602768,-118.57362735342862,745.5317,640.07324,95104.12,30.0,Palisades
2025-01-08 10:21:17.101847040,34.050480566632984,-118.6113904539408,482.36066,620.35095,73944.06,30.0,Palisades
2025-01-08 10:21:17.101847040,34.045389075623206,-118.53591232702891,2114.7065,646.1163,255542.5,30.0,Palisades
2025-01-08 10:26:17.101835904,34.21622840368383,-118.13604847045053,1728.7439,778.84326,78334.62,30.0,Eaton
2025-01-08 10:26:17.101835904,34.21371265897895,-118.09866985760715,801.6965,730.71875,49795.98,30.0,Eaton
2025-01-08 10:26:17.101835904,34.33848723390952,-118.48105238781923,107.15984,,,33.0,Other
2025-01-08 10:26:17.101835904,34.18761682859531,-118.07841483557006,490.051,634.85425,65528.82,30.0,Eaton
2025-01-08 10:26:17.101835904,34.19264378683706,-118.15314315385929,346.18793,671.0575,33758.242,30.0,Eaton
2025-01-08 10:26:17.101835904,34.19012763083686,-118.11575882609391,805.6066,675.67224,75712.48,30.0,Eaton
2025-01-08 10:26:17.101835904,34.07656001637729,-118.63195172314548,385.49942,576.73126,92908.836,30.0,Palisades
2025-01-08 10:26:17.101835904,34.07911807667682,-118.66977967232299,344.85938,617.32947,54430.46,30.0,Palisades
2025-01-08 10:26:17.101835904,34.07400704112978,-118.59415303589158,478.6335,652.48895,54674.38,30.0,Palisades
2025-01-08 10:26:17.101835904,34.07145843020336,-118.55640253905382,1603.462,761.3185,81139.7,30.0,Palisades
2025-01-08 10:26:17.101835904,34.068969962321546,-118.51880459364624,1680.7572,756.7038,87603.58,30.0,Palisades
2025-01-08 10:26:17.101835904,34.04793264602768,-118.57362735342862,704.6451,658.7517,76261.3,30.0,Palisades
2025-01-08 10:26:17.101835904,34.050480566632984,-118.6113904539408,464.0823,624.41626,68455.86,30.0,Palisades
2025-01-08 10:26:17.101835904,34.09748567393056,-118.576825912057,550.25903,733.6853,33453.34,30.0,Palisades
2025-01-08 10:26:17.101835904,34.09499226178677,-118.53919286962353,806.7005,717.20435,55101.24,30.0,Palisades
2025-01-08 10:26:17.101835904,34.042905560281234,-118.4983495521721,754.6985,684.13245,66260.58,30.0,Palisades
2025-01-08 10:26:17.101835904,34.045389075623206,-118.53591232702891,1901.758,632.93146,259018.36,30.0,Palisades
2025-01-08 10:26:17.101835904,34.053033558195125,-118.64918271388292,1046.8739,608.92413,179622.4,30.0,Palisades
2025-01-08 10:26:17.101835904,34.055590021104194,-118.68701610912929,429.92346,659.9054,46076.2,30.0,Palisades
2025-01-08 10:26:17.101835904,34.218749516791654,-118.17346752837784,484.00952,654.02716,54552.418,30.0,Eaton
2025-01-08 10:26:17.101835904,34.24234182591638,-118.1563828282276,269.12875,,,33.0,Eaton
2025-01-08 10:31:17.101832960,34.218749516791654,-118.17346752837784,457.73267,641.6664,57540.44,30.0,Eaton
2025-01-08 10:31:17.101832960,34.21371265897895,-118.09866985760715,1003.7003,769.9985,48027.56,30.0,Eaton
2025-01-08 10:31:17.101832960,34.19012763083686,-118.11575882609391,898.0534,734.39954,54369.48,30.0,Eaton
2025-01-08 10:31:17.101832960,34.18761682859531,-118.07841483557006,542.89496,665.0145,55711.04,30.0,Eaton
2025-01-08 10:31:17.101832960,34.21622840368383,-118.13604847045053,1758.0817,778.8982,79615.2,30.0,Eaton
2025-01-08 10:31:17.101832960,34.19264378683706,-118.15314315385929,307.8613,629.3606,43332.1,30.0,Eaton
2025-01-08 10:31:17.101832960,34.068969962321546,-118.51880459364624,1044.9928,676.82587,97238.42,30.0,Palisades
2025-01-08 10:31:17.101832960,34.042905560281234,-118.4983495521721,967.7003,754.34155,51198.52,30.0,Palisades
2025-01-08 10:31:17.101832960,34.07400704112978,-118.59415303589158,442.28452,636.06287,58516.12,30.0,Palisades
2025-01-08 10:31:17.101832960,34.33848723390952,-118.48105238781923,103.853294,,,33.0,Other
2025-01-08 10:31:17.101832960,34.07145843020336,-118.55640253905382,988.05884,703.7449,74553.86,30.0,Palisades
2025-01-08 10:31:17.101832960,34.07911807667682,-118.66977967232299,284.20242,600.68365,53027.918,30.0,Palisades
2025-01-08 10:31:17.101832960,34.07656001637729,-118.63195172314548,400.04556,573.3252,100165.46,30.0,Palisades
2025-01-08 10:31:17.101832960,34.09499226178677,-118.53919286962353,1057.7378,820.4303,37599.98,30.0,Palisades
2025-01-08 10:31:17.101832960,34.053033558195125,-118.64918271388292,905.95,590.63025,187671.77,30.0,Palisades
2025-01-08 10:31:17.101832960,34.050480566632984,-118.6113904539408,404.49445,595.29987,79737.16,30.0,Palisades
2025-01-08 10:31:17.101832960,34.04793264602768,-118.57362735342862,748.8871,658.8616,80956.76,30.0,Palisades
2025-01-08 10:31:17.101832960,34.045389075623206,-118.53591232702891,2245.0337,691.27423,186391.17,30.0,Palisades
2025-01-08 10:31:17.101832960,34.055590021104194,-118.68701610912929,350.51517,621.33984,53271.84,30.0,Palisades
2025-01-08 10:31:17.101832960,34.09748567393056,-118.576825912057,694.3109,796.1483,28331.02,30.0,Palisades
2025-01-08 10:36:17.101825024,34.18761682859531,-118.07841483557006,453.04337,660.78436,48210.5,30.0,Eaton
2025-01-08 10:36:17.101825024,34.19012763083686,-118.11575882609391,764.32855,702.20667,58333.18,30.0,Eaton
2025-01-08 10:36:17.101825024,34.218749516791654,-118.17346752837784,392.55136,650.40137,45649.34,30.0,Eaton
2025-01-08 10:36:17.101825024,34.21622840368383,-118.13604847045053,1139.9938,725.33496,73517.2,30.0,Eaton
2025-01-08 10:36:17.101825024,34.21371265897895,-118.09866985760715,996.1061,828.67084,33819.22,30.0,Eaton
2025-01-08 10:36:17.101825024,34.07656001637729,-118.63195172314548,349.46738,583.9829,77724.82,30.0,Palisades
2025-01-08 10:36:17.101825024,34.04793264602768,-118.57362735342862,749.88226,684.7917,65467.84,30.0,Palisades
2025-01-08 10:36:17.101825024,34.33848723390952,-118.48105238781923,106.87258,,,33.0,Other
2025-01-08 10:36:17.101825024,34.07145843020336,-118.55640253905382,966.6802,692.3729,79554.22,30.0,Palisades
2025-01-08 10:36:17.101825024,34.042905560281234,-118.4983495521721,840.6599,693.6365,68516.84,30.0,Palisades
2025-01-08 10:36:17.101825024,34.09499226178677,-118.53919286962353,748.45264,776.97546,34307.062,30.0,Palisades
2025-01-08 10:36:17.101825024,34.07400704112978,-118.59415303589158,411.21063,651.0056,47600.7,30.0,Palisades
2025-01-08 10:36:17.101825024,34.068969962321546,-118.51880459364624,1037.7913,675.9469,97299.4,30.0,Palisades
2025-01-08 10:36:17.101825024,34.055590021104194,-118.68701610912929,318.95602,604.8588,56991.62,30.0,Palisades
2025-01-08 10:36:17.101825024,34.053033558195125,-118.64918271388292,795.88116,585.1366,174865.95,30.0,Palisades
2025-01-08 10:36:17.101825024,34.09748567393056,-118.576825912057,638.236,769.17444,30709.24,30.0,Palisades
2025-01-08 10:36:17.101825024,34.045389075623206,-118.53591232702891,2118.5703,678.91345,193891.72,30.0,Palisades
2025-01-08 10:36:17.101825024,34.050480566632984,-118.6113904539408,353.16852,573.6548,88091.42,30.0,Palisades
2025-01-08 10:41:17.101811072,34.19012763083686,-118.11575882609391,693.93884,701.822,53149.88,30.0,Eaton
2025-01-08 10:41:17.101811072,34.055590021104194,-118.68701610912929,271.1632,601.83734,49978.918,30.0,Palisades
2025-01-08 10:41:17.101811072,34.068969962321546,-118.51880459364624,1034.5779,648.6983,122179.24,30.0,Palisades
2025-01-08 10:41:17.101811072,34.050480566632984,-118.6113904539408,333.02106,599.31024,63028.64,30.0,Palisades
2025-01-08 10:41:17.101811072,34.07400704112978,-118.59415303589158,486.24622,686.1651,41990.54,30.0,Palisades
2025-01-08 10:41:17.101811072,34.09499226178677,-118.53919286962353,850.6817,725.28,54857.32,30.0,Palisades
2025-01-08 10:41:17.101811072,34.09748567393056,-118.576825912057,632.15826,770.6577,30160.42,30.0,Palisades
2025-01-08 10:41:17.101811072,34.045389075623206,-118.53591232702891,2153.7097,664.6849,221637.62,30.0,Palisades
2025-01-08 10:41:17.101811072,34.18761682859531,-118.07841483557006,570.05426,648.6983,67297.234,30.0,Eaton
2025-01-08 10:41:17.101811072,34.07656001637729,-118.63195172314548,335.9111,588.3778,71260.94,30.0,Palisades
2025-01-08 10:41:17.101811072,34.218749516791654,-118.17346752837784,282.04398,594.7505,55954.96,30.0,Eaton
2025-01-08 10:41:17.101811072,34.07145843020336,-118.55640253905382,1037.2219,693.58154,84554.58,30.0,Palisades
2025-01-08 10:41:17.101811072,34.21622840368383,-118.13604847045053,1060.8572,728.63116,66809.4,30.0,Eaton
2025-01-08 10:41:17.101811072,34.21371265897895,-118.09866985760715,1101.9684,788.95166,46929.918,30.0,Eaton
2025-01-08 10:41:17.101811072,34.042905560281234,-118.4983495521721,874.6024,682.42944,77846.78,30.0,Palisades
2025-01-08 10:41:17.101811072,34.04793264602768,-118.57362735342862,716.5638,668.8601,71199.96,30.0,Palisades
2025-01-08 10:41:17.101811072,34.053033558195125,-118.64918271388292,711.102,579.97253,165292.1,30.0,Palisades
2025-01-08 10:41:17.101811072,34.33848723390952,-118.48105238781923,116.41626,,,33.0,Other
2025-01-08 10:46:17.103606016,34.068969962321546,-118.51880459364624,1058.9185,648.4786,125289.22,30.0,Palisades
2025-01-08 10:46:17.103606016,34.045389075623206,-118.53591232702891,2036.8339,641.7763,255786.42,30.0,Palisades
2025-01-08 10:46:17.103606016,34.09748567393056,-118.576825912057,478.5284,749.1775,26196.72,30.0,Palisades
2025-01-08 10:46:17.103606016,34.09499226178677,-118.53919286962353,665.1846,693.0322,54430.46,30.0,Palisades
2025-01-08 10:46:17.103606016,34.07656001637729,-118.63195172314548,301.08432,611.0117,50588.72,30.0,Palisades
2025-01-08 10:46:17.103606016,34.07400704112978,-118.59415303589158,480.44724,679.29803,43819.94,30.0,Palisades
2025-01-08 10:46:17.103606016,34.07145843020336,-118.55640253905382,1111.4491,698.80054,87054.76,30.0,Palisades
2025-01-08 10:46:17.103606016,34.053033558195125,-118.64918271388292,585.3458,571.8419,148949.45,30.0,Palisades
2025-01-08 10:46:17.103606016,34.050480566632984,-118.6113904539408,320.46762,606.7267,56198.88,30.0,Palisades
2025-01-08 10:46:17.103606016,34.042905560281234,-118.4983495521721,855.7382,674.958,80834.8,30.0,Palisades
2025-01-08 10:46:17.103606016,34.04793264602768,-118.57362735342862,707.037,649.79706,82664.2,30.0,Palisades
2025-01-08 10:46:17.103606016,34.19012763083686,-118.11575882609391,702.89465,697.86664,55467.12,30.0,Eaton
2025-01-08 10:46:17.103606016,34.218749516791654,-118.17346752837784,303.88327,601.8923,55954.96,30.0,Eaton
2025-01-08 10:46:17.103606016,34.19264378683706,-118.15314315385929,303.4054,,,33.0,Eaton
2025-01-08 10:46:17.103606016,34.21622840368383,-118.13604847045053,1303.4347,771.6466,61748.06,30.0,Eaton
2025-01-08 10:46:17.103606016,34.21371265897895,-118.09866985760715,1253.2856,796.9724,50954.6,30.0,Eaton
2025-01-08 10:46:17.103606016,34.18761682859531,-118.07841483557006,579.4883,651.8297,66565.484,30.0,Eaton
2025-01-08 10:51:17.103608064,34.09748567393056,-118.576825912057,559.759,741.0469,32355.7,30.0,Palisades
2025-01-08 10:51:17.103608064,34.07656001637729,-118.63195172314548,311.86066,613.81354,50954.6,30.0,Palisades
2025-01-08 10:51:17.103608064,34.050480566632984,-118.6113904539408,286.72464,599.4201,54186.54,30.0,Palisades
2025-01-08 10:51:17.103608064,34.07145843020336,-118.55640253905382,1064.8806,668.5854,106019.54,30.0,Palisades
2025-01-08 10:51:17.103608064,34.053033558195125,-118.64918271388292,549.1602,573.1604,137729.14,30.0,Palisades
2025-01-08 10:51:17.103608064,34.04793264602768,-118.57362735342862,704.52106,636.44745,92847.86,30.0,Palisades
2025-01-08 10:51:17.103608064,34.33848723390952,-118.48105238781923,60.816917,,,33.0,Other
2025-01-08 10:51:17.103608064,34.045389075623206,-118.53591232702891,2101.8875,643.97375,258774.44,30.0,Palisades
2025-01-08 10:51:17.103608064,34.068969962321546,-118.51880459364624,1000.28265,633.8654,135046.02,30.0,Palisades
2025-01-08 10:51:17.103608064,34.09499226178677,-118.53919286962353,689.41174,676.00183,64614.12,30.0,Palisades
2025-01-08 10:51:17.103608064,34.042905560281234,-118.4983495521721,831.61816,686.0003,71931.72,30.0,Palisades
2025-01-08 10:51:17.103608064,34.07400704112978,-118.59415303589158,512.4541,684.8466,44734.64,30.0,Palisades
2025-01-08 10:51:17.103608064,34.19012763083686,-118.11575882609391,819.54193,698.80054,64187.258,30.0,Eaton
2025-01-08 10:51:17.103608064,34.218749516791654,-118.17346752837784,465.8184,686.8793,40039.18,30.0,Eaton
2025-01-08 10:51:17.103608064,34.21622840368383,-118.13604847045053,1308.6061,760.4944,66565.484,30.0,Eaton
2025-01-08 10:51:17.103608064,34.21371265897895,-118.09866985760715,1188.8523,806.47644,45710.32,30.0,Eaton
2025-01-08 10:51:17.103608064,34.18761682859531,-118.07841483557006,602.78564,670.8927,58882.0,30.0,Eaton
2025-01-08 10:51:17.103608064,34.19264378683706,-118.15314315385929,322.7717,,,33.0,Eaton
2025-01-08 10:56:17.103618944,34.09499226178677,-118.53919286962353,485.51968,648.2588,57540.44,30.0,Palisades
2025-01-08 10:56:17.103618944,34.19012763083686,-118.11575882609391,864.02655,725.2251,55772.02,30.0,Eaton
2025-01-08 10:56:17.103618944,34.18510935004094,-118.04111019501573,277.72235,576.73126,66931.36,30.0,Eaton
2025-01-08 10:56:17.103618944,34.18761682859531,-118.07841483557006,823.5863,719.29193,55467.12,30.0,Eaton
2025-01-08 10:56:17.103618944,34.21371265897895,-118.09866985760715,1090.284,775.4921,50405.78,30.0,Eaton
2025-01-08 10:56:17.103618944,34.19264378683706,-118.15314315385929,307.2222,,,33.0,Eaton
2025-01-08 10:56:17.103618944,34.218749516791654,-118.17346752837784,337.60275,630.07477,47173.84,30.0,Eaton
2025-01-08 10:56:17.103618944,34.21622840368383,-118.13604847045053,1084.828,735.38837,65223.918,30.0,Eaton
2025-01-08 10:56:17.103618944,34.053033558195125,-118.64918271388292,623.13367,625.1305,91262.38,30.0,Palisades
2025-01-08 10:56:17.103618944,34.07400704112978,-118.59415303589158,461.6875,659.7406,49552.06,30.0,Palisades
2025-01-08 10:56:17.103618944,34.07656001637729,-118.63195172314548,277.4995,660.18005,29672.58,30.0,Palisades
2025-01-08 10:56:17.103618944,34.07145843020336,-118.55640253905382,1232.4218,698.5259,96750.58,30.0,Palisades
2025-01-08 10:56:17.103618944,34.050480566632984,-118.6113904539408,360.38443,675.17773,34002.16,30.0,Palisades
2025-01-08 10:56:17.103618944,34.09748567393056,-118.576825912057,344.8019,670.61804,33758.242,30.0,Palisades
2025-01-08 10:56:17.103618944,34.045389075623206,-118.53591232702891,1684.89,608.8692,289203.47,30.0,Palisades
2025-01-08 10:56:17.103618944,34.042905560281234,-118.4983495521721,626.54724,668.91504,62235.9,30.0,Palisades
2025-01-08 10:56:17.103618944,34.04793264602768,-118.57362735342862,707.68604,638.6998,91384.336,30.0,Palisades
2025-01-08 10:56:17.103618944,34.068969962321546,-118.51880459364624,1190.6455,678.14435,109678.336,30.0,Palisades
2025-01-08 11:01:17.103625088,34.18510935004094,-118.04111019501573,270.39963,593.15735,54552.418,30.0,Eaton
2025-01-08 11:01:17.103625088,34.18761682859531,-118.07841483557006,877.81854,706.1071,65101.96,30.0,Eaton
2025-01-08 11:01:17.103625088,34.19264378683706,-118.15314315385929,397.09808,,,33.0,Eaton
2025-01-08 11:01:17.103625088,34.21622840368383,-118.13604847045053,1345.8701,758.5167,69309.58,30.0,Eaton
2025-01-08 11:01:17.103625088,34.19012763083686,-118.11575882609391,828.142,700.33875,64126.28,30.0,Eaton
2025-01-08 11:01:17.103625088,34.218749516791654,-118.17346752837784,348.22934,608.4847,59979.64,30.0,Eaton
2025-01-08 11:01:17.103625088,34.07400704112978,-118.59415303589158,437.6063,639.13934,56259.86,30.0,Palisades
2025-01-08 11:01:17.103625088,34.053033558195125,-118.64918271388292,607.2734,622.9879,90835.516,30.0,Palisades
2025-01-08 11:01:17.103625088,34.21371265897895,-118.09866985760715,1338.116,787.3035,57601.418,30.0,Eaton
2025-01-08 11:01:17.103625088,34.07145843020336,-118.55640253905382,1211.1185,710.83167,86688.88,30.0,Palisades
2025-01-08 11:01:17.103625088,34.09499226178677,-118.53919286962353,422.3858,621.77936,63882.36,30.0,Palisades
2025-01-08 11:01:17.103625088,34.045389075623206,-118.53591232702891,1614.2363,613.1543,265543.22,30.0,Palisades
2025-01-08 11:01:17.103625088,34.04793264602768,-118.57362735342862,664.86475,645.9515,80407.94,30.0,Palisades
2025-01-08 11:01:17.103625088,34.068969962321546,-118.51880459364624,1106.1825,658.532,119922.98,30.0,Palisades
2025-01-08 11:01:17.103625088,34.050480566632984,-118.6113904539408,365.918,632.16235,50161.86,30.0,Palisades
2025-01-08 11:01:17.103625088,34.042905560281234,-118.4983495521721,682.14844,640.1282,86932.8,30.0,Palisades
2025-01-08 11:01:17.103625088,34.09748567393056,-118.576825912057,327.6788,681.1659,29428.66,30.0,Palisades
2025-01-08 11:06:17.103625088,34.21622840368383,-118.13604847045053,1865.7513,837.5156,60406.5,30.0,Eaton
2025-01-08 11:06:17.103625088,34.21371265897895,-118.09866985760715,2306.4236,854.1065,68455.86,30.0,Eaton
2025-01-08 11:06:17.103625088,34.19264378683706,-118.15314315385929,383.1521,730.55396,23818.5,30.0,Eaton
2025-01-08 11:06:17.103625088,34.19012763083686,-118.11575882609391,837.69556,718.1932,56808.68,30.0,Eaton
2025-01-08 11:06:17.103625088,34.24234182591638,-118.1563828282276,412.75116,,,33.0,Eaton
2025-01-08 11:06:17.103625088,34.18510935004094,-118.04111019501573,412.57086,646.7755,49552.06,30.0,Eaton
2025-01-08 11:06:17.103625088,34.218749516791654,-118.17346752837784,372.89548,626.17426,54064.58,30.0,Eaton
2025-01-08 11:06:17.103625088,34.23982112289933,-118.11896947613783,354.16165,,,33.0,Eaton
2025-01-08 11:06:17.103625088,34.21120025001673,-118.06133069778744,455.99213,,,33.0,Eaton
2025-01-08 11:06:17.103625088,34.18761682859531,-118.07841483557006,1062.426,711.38104,75712.48,30.0,Eaton
2025-01-08 11:06:17.103625088,34.050480566632984,-118.6113904539408,308.94516,638.4801,39978.2,30.0,Palisades
2025-01-08 11:06:17.103625088,34.042905560281234,-118.4983495521721,712.13257,688.912,60223.56,30.0,Palisades
2025-01-08 11:06:17.103625088,34.045389075623206,-118.53591232702891,1708.7579,630.29456,238407.12,30.0,Palisades
2025-01-08 11:06:17.103625088,34.04793264602768,-118.57362735342862,631.3288,636.39246,83274.0,30.0,Palisades
2025-01-08 11:06:17.103625088,34.33848723390952,-118.48105238781923,64.69086,,,33.0,Other
2025-01-08 11:06:17.103625088,34.053033558195125,-118.64918271388292,559.4258,639.3591,71809.76,30.0,Palisades
2025-01-08 11:06:17.103625088,34.07145843020336,-118.55640253905382,1105.9423,694.18585,89798.86,30.0,Palisades
2025-01-08 11:06:17.103625088,34.07400704112978,-118.59415303589158,477.6362,674.6284,45283.46,30.0,Palisades
2025-01-08 11:06:17.103625088,34.07656001637729,-118.63195172314548,288.51868,935.19305,5829.4,30.0,Palisades
2025-01-08 11:06:17.103625088,34.09748567393056,-118.576825912057,380.00458,707.59045,27843.18,30.0,Palisades
2025-01-08 11:06:17.103625088,34.09499226178677,-118.53919286962353,472.2484,635.8981,62540.8,30.0,Palisades
2025-01-08 11:06:17.103625088,34.068969962321546,-118.51880459364624,933.49023,637.4912,121874.336,30.0,Palisades
2025-01-08 11:11:17.103632000,34.19264378683706,-118.15314315385929,339.82898,,,33.0,Eaton
2025-01-08 11:11:17.103632000,34.21622840368383,-118.13604847045053,2217.402,867.51105,61504.14,30.0,Eaton
2025-01-08 11:11:17.103632000,34.33848723390952,-118.48105238781923,52.921356,,,33.0,Other
2025-01-08 11:11:17.103632000,34.21120025001673,-118.06133069778744,304.61316,,,33.0,Eaton
2025-01-08 11:11:17.103632000,34.19012763083686,-118.11575882609391,1015.84357,746.8701,56503.78,30.0,Eaton
2025-01-08 11:11:17.103632000,34.053033558195125,-118.64918271388292,502.03198,633.48083,68029.0,30.0,Palisades
2025-01-08 11:11:17.103632000,34.07400704112978,-118.59415303589158,457.779,666.7175,46320.12,30.0,Palisades
2025-01-08 11:11:17.103632000,34.042905560281234,-118.4983495521721,684.88885,684.4071,59979.64,30.0,Palisades
2025-01-08 11:11:17.103632000,34.045389075623206,-118.53591232702891,1703.7231,644.57806,208709.86,30.0,Palisades
2025-01-08 11:11:17.103632000,34.04793264602768,-118.57362735342862,618.50165,634.4148,83091.06,30.0,Palisades
2025-01-08 11:11:17.103632000,34.09748567393056,-118.576825912057,425.57367,712.31494,30160.42,30.0,Palisades
2025-01-08 11:11:17.103632000,34.068969962321546,-118.51880459364624,836.14215,634.7993,111873.62,30.0,Palisades
2025-01-08 11:11:17.103632000,34.07656001637729,-118.63195172314548,273.89615,831.80225,9122.32,30.0,Palisades
2025-01-08 11:11:17.103632000,34.09499226178677,-118.53919286962353,431.06424,650.56616,50100.88,30.0,Palisades
2025-01-08 11:11:17.103632000,34.07145843020336,-118.55640253905382,980.2586,664.3552,101141.14,30.0,Palisades
2025-01-08 11:11:17.103632000,34.21371265897895,-118.09866985760715,2238.0815,934.91833,45405.418,30.0,Eaton
2025-01-08 11:11:17.103632000,34.18761682859531,-118.07841483557006,902.9966,717.03955,61809.04,30.0,Eaton
2025-01-08 11:11:17.103632000,34.23982112289933,-118.11896947613783,497.9777,,,33.0,Eaton
2025-01-08 11:11:17.103632000,34.18510935004094,-118.04111019501573,341.36417,596.5634,66443.516,30.0,Eaton
2025-01-08 11:11:17.103632000,34.24234182591638,-118.1563828282276,657.4511,,,33.0,Eaton
2025-01-08 11:11:17.103632000,34.218749516791654,-118.17346752837784,431.67966,664.02563,44673.66,30.0,Eaton
2025-01-08 11:16:17.105451008,34.09499226178677,-118.53919286962353,442.73022,652.3241,50649.7,30.0,Palisades
2025-01-08 11:16:17.105451008,34.09748567393056,-118.576825912057,395.55713,719.07214,26684.56,30.0,Palisades
2025-01-08 11:16:17.105451008,34.04793264602768,-118.57362735342862,612.00165,649.4674,71748.78,30.0,Palisades
2025-01-08 11:16:17.105451008,34.050480566632984,-118.6113904539408,271.53192,623.1528,40527.02,30.0,Palisades
2025-01-08 11:16:17.105451008,34.045389075623206,-118.53591232702891,1708.4491,635.01904,228162.48,30.0,Palisades
2025-01-08 11:16:17.105451008,34.068969962321546,-118.51880459364624,857.9116,640.6226,108885.6,30.0,Palisades
2025-01-08 11:16:17.105451008,34.07145843020336,-118.55640253905382,987.9412,688.58234,83700.86,30.0,Palisades
2025-01-08 11:16:17.105451008,34.07400704112978,-118.59415303589158,435.56674,691.32916,36136.46,30.0,Palisades
2025-01-08 11:16:17.105451008,34.042905560281234,-118.4983495521721,672.25446,681.056,60467.48,30.0,Palisades
2025-01-08 11:16:17.105451008,34.19012763083686,-118.11575882609391,781.49255,,,33.0,Eaton
2025-01-08 11:16:17.105451008,34.19264378683706,-118.15314315385929,303.26086,,,33.0,Eaton
2025-01-08 11:16:17.105451008,34.218749516791654,-118.17346752837784,311.09418,631.3383,42966.22,30.0,Eaton
2025-01-08 11:16:17.105451008,34.21622840368383,-118.13604847045053,1568.2809,956.45355,29062.78,30.0,Eaton
2025-01-08 11:16:17.105451008,34.24234182591638,-118.1563828282276,307.66583,,,33.0,Eaton
2025-01-08 11:16:17.105451008,34.18761682859531,-118.07841483557006,833.06256,700.8332,64248.24,30.0,Eaton
2025-01-08 11:16:17.105451008,34.33848723390952,-118.48105238781923,102.74737,,,33.0,Other
2025-01-08 11:16:17.105451008,34.21371265897895,-118.09866985760715,1576.4264,1001.2269,24489.28,30.0,Eaton
2025-01-08 11:16:17.105451008,34.21120025001673,-118.06133069778744,296.40436,,,33.0,Eaton
2025-01-08 11:16:17.105451008,34.18510935004094,-118.04111019501573,293.6855,578.4343,69431.54,30.0,Eaton
2025-01-08 11:16:17.105451008,34.053033558195125,-118.64918271388292,542.21045,530.8042,227796.6,30.0,Palisades
2025-01-08 11:21:17.105474048,34.19264378683706,-118.15314315385929,353.0629,664.79474,36319.4,30.0,Eaton
2025-01-08 11:21:17.105474048,34.21622840368383,-118.13604847045053,1525.2823,760.27466,77663.836,30.0,Eaton
2025-01-08 11:21:17.105474048,34.21371265897895,-118.09866985760715,1462.1415,736.10254,87481.62,30.0,Eaton
2025-01-08 11:21:17.105474048,34.23982112289933,-118.11896947613783,274.20926,,,33.0,Eaton
2025-01-08 11:21:17.105474048,34.19012763083686,-118.11575882609391,880.21655,694.95496,71017.016,30.0,Eaton
2025-01-08 11:21:17.105474048,34.218749516791654,-118.17346752837784,398.86746,607.9353,69126.64,30.0,Eaton
2025-01-08 11:21:17.105474048,34.09499226178677,-118.53919286962353,665.54315,677.75977,61504.14,30.0,Palisades
2025-01-08 11:21:17.105474048,34.24234182591638,-118.1563828282276,446.07925,,,33.0,Eaton
2025-01-08 11:21:17.105474048,34.068969962321546,-118.51880459364624,690.4341,597.2776,133338.58,30.0,Palisades
2025-01-08 11:21:17.105474048,34.07145843020336,-118.55640253905382,833.829,649.68713,97604.3,30.0,Palisades
2025-01-08 11:21:17.105474048,34.07400704112978,-118.59415303589158,434.4641,621.9991,65589.8,30.0,Palisades
2025-01-08 11:21:17.105474048,34.09748567393056,-118.576825912057,503.85443,710.3922,36197.438,30.0,Palisades
2025-01-08 11:21:17.105474048,34.045389075623206,-118.53591232702891,1931.5348,652.43396,220722.92,30.0,Palisades
2025-01-08 11:21:17.105474048,34.042905560281234,-118.4983495521721,819.2798,674.07904,77968.74,30.0,Palisades
2025-01-08 11:21:17.105474048,34.18761682859531,-118.07841483557006,895.1276,687.81323,76322.28,30.0,Eaton
2025-01-08 11:21:17.105474048,34.07656001637729,-118.63195172314548,284.14902,698.63574,22294.0,30.0,Palisades
2025-01-08 11:21:17.105474048,34.33848723390952,-118.48105238781923,56.850163,,,33.0,Other
2025-01-08 11:21:17.105474048,34.04793264602768,-118.57362735342862,647.6335,639.74365,82847.14,30.0,Palisades
2025-01-08 11:21:17.105474048,34.053033558195125,-118.64918271388292,518.3726,611.72595,86444.96,30.0,Palisades
2025-01-08 11:21:17.105474048,34.21120025001673,-118.06133069778744,421.99435,,,33.0,Eaton
2025-01-08 11:21:17.105474048,34.18510935004094,-118.04111019501573,413.10873,607.0563,72175.64,30.0,Eaton
2025-01-08 11:26:17.105486976,34.19264378683706,-118.15314315385929,520.64233,659.79553,55833.0,30.0,Eaton
2025-01-08 11:26:17.105486976,34.19012763083686,-118.11575882609391,1110.6154,709.78784,80103.04,30.0,Eaton
2025-01-08 11:26:17.105486976,34.21622840368383,-118.13604847045053,1668.9417,769.6139,80103.04,30.0,Eaton
2025-01-08 11:26:17.105486976,34.18510935004094,-118.04111019501573,563.52246,657.7628,61504.14,30.0,Eaton
2025-01-08 11:26:17.105486976,34.21371265897895,-118.09866985760715,1734.5969,781.20557,77480.9,30.0,Eaton
2025-01-08 11:26:17.105486976,34.18761682859531,-118.07841483557006,1130.0964,688.4175,95896.86,30.0,Eaton
2025-01-08 11:26:17.105486976,34.218749516791654,-118.17346752837784,445.7618,612.65985,73639.16,30.0,Eaton
2025-01-08 11:26:17.105486976,34.21120025001673,-118.06133069778744,364.29337,,,33.0,Eaton
2025-01-08 11:26:17.105486976,34.07400704112978,-118.59415303589158,469.41803,692.3729,38636.64,30.0,Palisades
2025-01-08 11:26:17.105486976,34.09499226178677,-118.53919286962353,505.03754,734.1248,30648.26,30.0,Palisades
2025-01-08 11:26:17.105486976,34.042905560281234,-118.4983495521721,775.39966,709.7329,55954.96,30.0,Palisades
2025-01-08 11:26:17.105486976,34.07145843020336,-118.55640253905382,811.3393,684.1874,71199.96,30.0,Palisades
2025-01-08 11:26:17.105486976,34.068969962321546,-118.51880459364624,668.556,634.7444,89554.94,30.0,Palisades
2025-01-08 11:26:17.105486976,34.04793264602768,-118.57362735342862,647.5921,673.5846,61870.02,30.0,Palisades
2025-01-08 11:26:17.105486976,34.045389075623206,-118.53591232702891,1828.5112,649.74207,213893.16,30.0,Palisades
2025-01-08 11:26:17.105486976,34.07656001637729,-118.63195172314548,308.94794,773.07495,14488.56,30.0,Palisades
2025-01-08 11:26:17.105486976,34.053033558195125,-118.64918271388292,461.71735,584.0928,102604.66,30.0,Palisades
2025-01-08 11:26:17.105486976,34.09748567393056,-118.576825912057,373.3719,847.5691,11439.561,30.0,Palisades
2025-01-08 11:31:17.105500032,34.18761682859531,-118.07841483557006,937.7704,749.78174,51137.54,30.0,Eaton
2025-01-08 11:31:17.105500032,34.19264378683706,-118.15314315385929,513.0635,833.34045,16988.74,30.0,Eaton
2025-01-08 11:31:17.105500032,34.21120025001673,-118.06133069778744,272.16388,,,33.0,Eaton
2025-01-08 11:31:17.105500032,34.18510935004094,-118.04111019501573,485.79868,629.08594,68577.82,30.0,Eaton
2025-01-08 11:31:17.105500032,34.21622840368383,-118.13604847045053,1514.785,962.3867,27416.32,30.0,Eaton
2025-01-08 11:31:17.105500032,34.19012763083686,-118.11575882609391,1132.4537,864.9291,31806.879,30.0,Eaton
2025-01-08 11:31:17.105500032,34.21371265897895,-118.09866985760715,1543.7122,1038.5289,20891.459,30.0,Eaton
2025-01-08 11:31:17.105500032,34.218749516791654,-118.17346752837784,468.0434,711.7107,33270.4,30.0,Eaton
2025-01-08 11:31:17.105500032,34.053033558195125,-118.64918271388292,504.37027,587.4439,108031.88,30.0,Palisades
2025-01-08 11:31:17.105500032,34.042905560281234,-118.4983495521721,702.1597,683.7479,61870.02,30.0,Palisades
2025-01-08 11:31:17.105500032,34.07145843020336,-118.55640253905382,931.4143,679.7925,84676.54,30.0,Palisades
2025-01-08 11:31:17.105500032,34.09748567393056,-118.576825912057,425.7159,677.75977,39307.418,30.0,Palisades
2025-01-08 11:31:17.105500032,34.09499226178677,-118.53919286962353,498.8228,650.9507,57723.38,30.0,Palisades
2025-01-08 11:31:17.105500032,34.045389075623206,-118.53591232702891,1814.4967,649.5773,212551.6,30.0,Palisades
2025-01-08 11:31:17.105500032,34.07400704112978,-118.59415303589158,526.314,711.2712,37539.0,30.0,Palisades
2025-01-08 11:31:17.105500032,34.068969962321546,-118.51880459364624,732.63385,636.832,96262.74,30.0,Palisades
2025-01-08 11:31:17.105500032,34.04793264602768,-118.57362735342862,700.03595,684.7917,61138.258,30.0,Palisades
2025-01-08 11:31:17.105500032,34.07656001637729,-118.63195172314548,338.00272,672.376,32599.62,30.0,Palisades
2025-01-08 11:36:17.105521024,34.07400704112978,-118.59415303589158,477.32288,663.2016,49735.0,30.0,Palisades
2025-01-08 11:36:17.105521024,34.042905560281234,-118.4983495521721,659.4973,730.38916,41014.86,30.0,Palisades
2025-01-08 11:36:17.105521024,34.09499226178677,-118.53919286962353,630.33606,745.9362,35282.742,30.0,Palisades
2025-01-08 11:36:17.105521024,34.07656001637729,-118.63195172314548,366.4848,649.79706,42844.258,30.0,Palisades
2025-01-08 11:36:17.105521024,34.068969962321546,-118.51880459364624,705.95715,625.3502,103153.48,30.0,Palisades
2025-01-08 11:36:17.105521024,34.07145843020336,-118.55640253905382,848.58344,650.6211,98519.0,30.0,Palisades
2025-01-08 11:36:17.105521024,34.050480566632984,-118.6113904539408,287.2688,606.1773,50649.7,30.0,Palisades
2025-01-08 11:36:17.105521024,34.04793264602768,-118.57362735342862,776.12933,684.29724,68029.0,30.0,Palisades
2025-01-08 11:36:17.105521024,34.045389075623206,-118.53591232702891,1875.9198,645.29224,228284.44,30.0,Palisades
2025-01-08 11:36:17.105521024,34.09748567393056,-118.576825912057,510.13196,768.5701,24611.24,30.0,Palisades
2025-01-08 11:36:17.105521024,34.053033558195125,-118.64918271388292,582.02057,600.5738,108641.68,30.0,Palisades
2025-01-08 11:36:17.105521024,34.18761682859531,-118.07841483557006,1120.0935,715.06177,77724.82,30.0,Eaton
2025-01-08 11:36:17.105521024,34.21120025001673,-118.06133069778744,381.674,,,33.0,Eaton
2025-01-08 11:36:17.105521024,34.218749516791654,-118.17346752837784,289.2552,,,33.0,Eaton
2025-01-08 11:36:17.105521024,34.19012763083686,-118.11575882609391,598.35046,,,33.0,Eaton
2025-01-08 11:36:17.105521024,34.18510935004094,-118.04111019501573,478.06458,609.96796,81139.7,30.0,Eaton
2025-01-08 11:36:17.105521024,34.21622840368383,-118.13604847045053,750.625,,,33.0,Eaton
2025-01-08 11:36:17.105521024,34.21371265897895,-118.09866985760715,1453.5209,864.5994,40892.9,30.0,Eaton
2025-01-08 11:41:17.107353984,34.042905560281234,-118.4983495521721,583.77246,831.80225,19488.92,30.0,Palisades
2025-01-08 11:41:17.107353984,34.09748567393056,-118.576825912057,484.7486,,,33.0,Palisades
2025-01-08 11:41:17.107353984,34.09499226178677,-118.53919286962353,658.0043,714.07294,46015.22,30.0,Palisades
2025-01-08 11:41:17.107353984,34.07400704112978,-118.59415303589158,463.34686,,,33.0,Palisades
2025-01-08 11:41:17.107353984,34.045389075623206,-118.53591232702891,1601.4651,652.5988,182793.36,30.0,Palisades
2025-01-08 11:41:17.107353984,34.068969962321546,-118.51880459364624,874.43756,661.8831,92177.08,30.0,Palisades
2025-01-08 11:41:17.107353984,34.053033558195125,-118.64918271388292,574.49347,605.573,101933.88,30.0,Palisades
2025-01-08 11:41:17.107353984,34.050480566632984,-118.6113904539408,268.62576,662.70715,28087.1,30.0,Palisades
2025-01-08 11:41:17.107353984,34.04793264602768,-118.57362735342862,621.56396,700.99805,47905.6,30.0,Palisades
2025-01-08 11:41:17.107353984,34.07656001637729,-118.63195172314548,322.50998,687.5386,27538.28,30.0,Palisades
2025-01-08 11:41:17.107353984,34.21622840368383,-118.13604847045053,931.2194,,,33.0,Eaton
2025-01-08 11:41:17.107353984,34.07145843020336,-118.55640253905382,969.6774,732.86127,59308.86,30.0,Palisades
2025-01-08 11:41:17.107353984,34.18510935004094,-118.04111019501573,698.9038,663.5862,72602.5,30.0,Eaton
2025-01-08 11:41:17.107353984,34.21120025001673,-118.06133069778744,577.1353,,,33.0,Eaton
2025-01-08 11:41:17.107353984,34.19012763083686,-118.11575882609391,862.39355,,,33.0,Eaton
2025-01-08 11:41:17.107353984,34.18761682859531,-118.07841483557006,1257.0217,719.4018,84554.58,30.0,Eaton
2025-01-08 11:41:17.107353984,34.21371265897895,-118.09866985760715,1687.3593,840.3174,53820.66,30.0,Eaton
2025-01-08 11:46:17.107378944,34.045389075623206,-118.53591232702891,1719.331,650.2915,200172.66,30.0,Palisades
2025-01-08 11:46:17.107378944,34.053033558195125,-118.64918271388292,1245.6117,737.0365,74005.04,30.0,Palisades
2025-01-08 11:46:17.107378944,34.07400704112978,-118.59415303589158,497.57886,745.60657,27904.16,30.0,Palisades
2025-01-08 11:46:17.107378944,34.042905560281234,-118.4983495521721,612.90607,,,33.0,Palisades
2025-01-08 11:46:17.107378944,34.050480566632984,-118.6113904539408,929.6052,770.6577,44307.78,30.0,Palisades
2025-01-08 11:46:17.107378944,34.18761682859531,-118.07841483557006,898.2866,657.5431,98214.1,30.0,Eaton
2025-01-08 11:46:17.107378944,34.07145843020336,-118.55640253905382,1024.2253,700.99805,78883.44,30.0,Palisades
2025-01-08 11:46:17.107378944,34.21120025001673,-118.06133069778744,371.12888,,,33.0,Eaton
2025-01-08 11:46:17.107378944,34.19264378683706,-118.15314315385929,433.6929,,,33.0,Eaton
2025-01-08 11:46:17.107378944,34.21371265897895,-118.09866985760715,1402.1497,852.0189,42051.52,30.0,Eaton
2025-01-08 11:46:17.107378944,34.19012763083686,-118.11575882609391,1011.898,1035.013,13878.76,30.0,Eaton
2025-01-08 11:46:17.107378944,34.04793264602768,-118.57362735342862,700.05255,635.67834,92908.836,30.0,Palisades
2025-01-08 11:46:17.107378944,34.18510935004094,-118.04111019501573,479.95325,618.5381,74919.74,30.0,Eaton
2025-01-08 11:46:17.107378944,34.09748567393056,-118.576825912057,515.38916,793.4015,21379.3,30.0,Palisades
2025-01-08 11:46:17.107378944,34.068969962321546,-118.51880459364624,880.51587,731.9823,54186.54,30.0,Palisades
2025-01-08 11:46:17.107378944,34.07911807667682,-118.66977967232299,594.62115,729.0707,37356.06,30.0,Palisades
2025-01-08 11:46:17.107378944,34.07656001637729,-118.63195172314548,668.1622,728.19165,42234.46,30.0,Palisades
2025-01-08 11:46:17.107378944,34.21622840368383,-118.13604847045053,847.0879,,,33.0,Eaton
2025-01-08 11:46:17.107378944,34.09499226178677,-118.53919286962353,620.3989,708.08484,45344.44,30.0,Palisades
2025-01-08 11:51:17.107398016,34.055590021104194,-118.68701610912929,285.02982,687.2089,24428.3,30.0,Palisades
2025-01-08 11:51:17.107398016,34.068969962321546,-118.51880459364624,729.4382,682.59424,64797.06,30.0,Palisades
2025-01-08 11:51:17.107398016,34.09499226178677,-118.53919286962353,607.1732,807.41034,23208.7,30.0,Palisades
2025-01-08 11:51:17.107398016,34.07911807667682,-118.66977967232299,730.7144,819.44147,26135.74,30.0,Palisades
2025-01-08 11:51:17.107398016,34.07656001637729,-118.63195172314548,706.2813,801.3124,27965.14,30.0,Palisades
2025-01-08 11:51:17.107398016,34.050480566632984,-118.6113904539408,947.6925,1226.5771,7292.92,30.0,Palisades
2025-01-08 11:51:17.107398016,34.053033558195125,-118.64918271388292,1464.5035,775.0526,67907.04,30.0,Palisades
2025-01-08 11:51:17.107398016,34.04793264602768,-118.57362735342862,730.62994,735.0587,44002.88,30.0,Palisades
2025-01-08 11:51:17.107398016,34.045389075623206,-118.53591232702891,1801.8209,665.1793,184622.77,30.0,Palisades
2025-01-08 11:51:17.107398016,34.042905560281234,-118.4983495521721,639.8645,873.7189,17232.66,30.0,Palisades
2025-01-08 11:51:17.107398016,34.07145843020336,-118.55640253905382,1027.2866,728.4663,64797.06,30.0,Palisades
2025-01-08 11:51:17.107398016,34.07400704112978,-118.59415303589158,626.7145,718.24817,42539.36,30.0,Palisades
2025-01-08 11:51:17.107398016,34.18510935004094,-118.04111019501573,395.7911,,,33.0,Eaton
2025-01-08 11:51:17.107398016,34.09748567393056,-118.576825912057,433.0697,,,33.0,Palisades
2025-01-08 11:51:17.107398016,34.19012763083686,-118.11575882609391,1048.9934,774.94275,48698.34,30.0,Eaton
2025-01-08 11:51:17.107398016,34.18761682859531,-118.07841483557006,759.50275,,,33.0,Eaton
2025-01-08 11:51:17.107398016,34.19264378683706,-118.15314315385929,641.3174,,,33.0,Eaton
2025-01-08 11:51:17.107398016,34.24234182591638,-118.1563828282276,562.71875,,,33.0,Eaton
2025-01-08 11:51:17.107398016,34.23982112289933,-118.11896947613783,283.56537,,,33.0,Eaton
2025-01-08 11:51:17.107398016,34.21622840368383,-118.13604847045053,1580.827,,,33.0,Eaton
2025-01-08 11:51:17.107398016,34.21120025001673,-118.06133069778744,340.91693,,,33.0,Eaton
2025-01-08 11:51:17.107398016,34.21371265897895,-118.09866985760715,1291.9998,,,33.0,Eaton
2025-01-08 11:51:17.107398016,34.218749516791654,-118.17346752837784,622.65247,,,33.0,Eaton
2025-01-08 11:56:17.107422976,34.068969962321546,-118.51880459364624,924.9358,,,33.0,Palisades
2025-01-08 11:56:17.107422976,34.09499226178677,-118.53919286962353,475.65964,,,33.0,Palisades
2025-01-08 11:56:17.107422976,34.07145843020336,-118.55640253905382,1190.1785,721.1598,79066.38,30.0,Palisades
2025-01-08 11:56:17.107422976,34.045389075623206,-118.53591232702891,1405.4156,657.7079,153401.0,30.0,Palisades
2025-01-08 11:56:17.107422976,34.042905560281234,-118.4983495521721,477.65738,,,33.0,Palisades
2025-01-08 11:56:17.107422976,34.050480566632984,-118.6113904539408,747.8537,733.8501,45405.418,30.0,Palisades
2025-01-08 11:56:17.107422976,34.21371265897895,-118.09866985760715,1499.5765,794.0058,61991.98,30.0,Eaton
2025-01-08 11:56:17.107422976,34.07400704112978,-118.59415303589158,484.03854,602.22186,88823.18,30.0,Palisades
2025-01-08 11:56:17.107422976,34.07911807667682,-118.66977967232299,721.5377,,,33.0,Palisades
2025-01-08 11:56:17.107422976,34.09748567393056,-118.576825912057,417.4391,,,33.0,Palisades
2025-01-08 11:56:17.107422976,34.18510935004094,-118.04111019501573,522.5898,,,33.0,Eaton
2025-01-08 11:56:17.107422976,34.053033558195125,-118.64918271388292,1128.8861,715.72107,77968.74,30.0,Palisades
2025-01-08 11:56:17.107422976,34.21120025001673,-118.06133069778744,461.28915,,,33.0,Eaton
2025-01-08 11:56:17.107422976,34.23982112289933,-118.11896947613783,302.60977,,,33.0,Eaton
2025-01-08 11:56:17.107422976,34.07656001637729,-118.63195172314548,667.19415,673.8043,63638.44,30.0,Palisades
2025-01-08 11:56:17.107422976,34.21622840368383,-118.13604847045053,1695.0522,827.51715,57906.32,30.0,Eaton
2025-01-08 11:56:17.107422976,34.18761682859531,-118.07841483557006,944.0665,,,33.0,Eaton
2025-01-08 11:56:17.107422976,34.24234182591638,-118.1563828282276,389.14984,,,33.0,Eaton
2025-01-08 11:56:17.107422976,34.04793264602768,-118.57362735342862,738.8202,679.4079,67358.22,30.0,Palisades
2025-01-08 11:56:17.107422976,34.218749516791654,-118.17346752837784,535.5625,,,33.0,Eaton
2025-01-08 11:56:17.107422976,34.19264378683706,-118.15314315385929,652.9431,,,33.0,Eaton
2025-01-08 11:56:17.107422976,34.19012763083686,-118.11575882609391,1210.8347,727.86206,76688.16,30.0,Eaton
2025-01-08 12:01:17.107458048,34.050480566632984,-118.6113904539408,585.3557,,,33.0,Palisades
2025-01-08 12:01:17.107458048,34.04793264602768,-118.57362735342862,627.9706,,,33.0,Palisades
2025-01-08 12:01:17.107458048,34.055590021104194,-118.68701610912929,279.13315,,,33.0,Palisades
2025-01-08 12:01:17.107458048,34.068969962321546,-118.51880459364624,647.8831,,,33.0,Palisades
2025-01-08 12:01:17.107458048,34.09499226178677,-118.53919286962353,373.3363,,,33.0,Palisades
2025-01-08 12:01:17.107458048,34.09748567393056,-118.576825912057,343.44714,,,33.0,Palisades
2025-01-08 12:01:17.107458048,34.07400704112978,-118.59415303589158,453.1829,,,33.0,Palisades
2025-01-08 12:01:17.107458048,34.042905560281234,-118.4983495521721,359.99548,,,33.0,Palisades
2025-01-08 12:01:17.107458048,34.045389075623206,-118.53591232702891,1083.1656,,,33.0,Palisades
2025-01-08 12:01:17.107458048,34.07145843020336,-118.55640253905382,892.94714,,,33.0,Palisades
2025-01-08 12:01:17.107458048,34.07656001637729,-118.63195172314548,553.10095,,,33.0,Palisades
2025-01-08 12:01:17.107458048,34.053033558195125,-118.64918271388292,998.5981,730.22437,62235.9,30.0,Palisades
2025-01-08 12:01:17.107458048,34.07911807667682,-118.66977967232299,651.2676,,,33.0,Palisades
2025-01-08 12:01:17.107458048,34.21371265897895,-118.09866985760715,895.67175,,,33.0,Eaton
2025-01-08 12:01:17.107458048,34.24234182591638,-118.1563828282276,381.77063,,,33.0,Eaton
2025-01-08 12:01:17.107458048,34.21622840368383,-118.13604847045053,1547.0999,,,33.0,Eaton
2025-01-08 12:01:17.107458048,34.19264378683706,-118.15314315385929,806.44904,,,33.0,Eaton
2025-01-08 12:01:17.107458048,34.18761682859531,-118.07841483557006,488.12427,,,33.0,Eaton
2025-01-08 12:01:17.107458048,34.19012763083686,-118.11575882609391,1153.118,,,33.0,Eaton
2025-01-08 12:01:17.107458048,34.218749516791654,-118.17346752837784,705.2544,,,33.0,Eaton
2025-01-08 12:06:17.107491072,34.07145843020336,-118.55640253905382,750.88666,,,33.0,Palisades
2025-01-08 12:06:17.107491072,34.09748567393056,-118.576825912057,414.93988,,,33.0,Palisades
2025-01-08 12:06:17.107491072,34.09499226178677,-118.53919286962353,469.50626,,,33.0,Palisades
2025-01-08 12:06:17.107491072,34.07400704112978,-118.59415303589158,499.90192,,,33.0,Palisades
2025-01-08 12:06:17.107491072,34.07911807667682,-118.66977967232299,486.78275,,,33.0,Palisades
2025-01-08 12:06:17.107491072,34.068969962321546,-118.51880459364624,551.84674,,,33.0,Palisades
2025-01-08 12:06:17.107491072,34.053033558195125,-118.64918271388292,871.5468,645.5669,105775.62,30.0,Palisades
2025-01-08 12:06:17.107491072,34.04793264602768,-118.57362735342862,616.89923,,,33.0,Palisades
2025-01-08 12:06:17.107491072,34.055590021104194,-118.68701610912929,276.7702,,,33.0,Palisades
2025-01-08 12:06:17.107491072,34.050480566632984,-118.6113904539408,464.85562,,,33.0,Palisades
2025-01-08 12:06:17.107491072,34.042905560281234,-118.4983495521721,474.5465,,,33.0,Palisades
2025-01-08 12:06:17.107491072,34.045389075623206,-118.53591232702891,1315.7301,880.0366,34307.062,30.0,Palisades
2025-01-08 12:06:17.107491072,34.07656001637729,-118.63195172314548,523.6923,,,33.0,Palisades
2025-01-08 12:06:17.107491072,34.21622840368383,-118.13604847045053,1924.7196,,,33.0,Eaton
2025-01-08 12:06:17.107491072,34.21120025001673,-118.06133069778744,499.71588,,,33.0,Eaton
2025-01-08 12:06:17.107491072,34.19012763083686,-118.11575882609391,1166.7588,,,33.0,Eaton
2025-01-08 12:06:17.107491072,34.18761682859531,-118.07841483557006,1149.9417,711.98535,81627.54,30.0,Eaton
2025-01-08 12:06:17.107491072,34.24234182591638,-118.1563828282276,610.04987,,,33.0,Eaton
2025-01-08 12:06:17.107491072,34.218749516791654,-118.17346752837784,780.4809,,,33.0,Eaton
2025-01-08 12:06:17.107491072,34.21371265897895,-118.09866985760715,1381.0312,,,33.0,Eaton
2025-01-08 12:06:17.107491072,34.19264378683706,-118.15314315385929,597.0637,,,33.0,Eaton
2025-01-08 12:06:17.107491072,34.18510935004094,-118.04111019501573,749.0892,602.6614,136875.42,30.0,Eaton
2025-01-08 12:11:17.109320064,34.053033558195125,-118.64918271388292,665.9485,,,33.0,Palisades
2025-01-08 12:11:17.109320064,34.050480566632984,-118.6113904539408,366.58008,,,33.0,Palisades
2025-01-08 12:11:17.109320064,34.07656001637729,-118.63195172314548,393.57736,,,33.0,Palisades
2025-01-08 12:11:17.109320064,34.07400704112978,-118.59415303589158,590.23517,644.7978,72114.66,30.0,Palisades
2025-01-08 12:11:17.109320064,34.07145843020336,-118.55640253905382,957.99347,747.4195,53088.9,30.0,Palisades
2025-01-08 12:11:17.109320064,34.068969962321546,-118.51880459364624,608.2575,,,33.0,Palisades
2025-01-08 12:11:17.109320064,34.04793264602768,-118.57362735342862,555.03784,,,33.0,Palisades
2025-01-08 12:11:17.109320064,34.21371265897895,-118.09866985760715,320.0257,,,33.0,Eaton
2025-01-08 12:11:17.109320064,34.042905560281234,-118.4983495521721,391.43826,,,33.0,Palisades
2025-01-08 12:11:17.109320064,34.09499226178677,-118.53919286962353,676.61145,,,33.0,Palisades
2025-01-08 12:11:17.109320064,34.09748567393056,-118.576825912057,560.30804,,,33.0,Palisades
2025-01-08 12:11:17.109320064,34.045389075623206,-118.53591232702891,1144.6418,,,33.0,Palisades
2025-01-08 12:11:17.109320064,34.18510935004094,-118.04111019501573,812.3323,,,33.0,Eaton
2025-01-08 12:11:17.109320064,34.18761682859531,-118.07841483557006,727.1071,,,33.0,Eaton
2025-01-08 12:11:17.109320064,34.07911807667682,-118.66977967232299,343.46585,,,33.0,Palisades
2025-01-08 12:16:17.109350016,34.045389075623206,-118.53591232702891,1505.7485,780.76605,67419.2,30.0,Palisades
2025-01-08 12:16:17.109350016,34.050480566632984,-118.6113904539408,338.0075,,,33.0,Palisades
2025-01-08 12:16:17.109350016,34.042905560281234,-118.4983495521721,547.84674,,,33.0,Palisades
2025-01-08 12:16:17.109350016,34.053033558195125,-118.64918271388292,626.27563,,,33.0,Palisades
2025-01-08 12:16:17.109350016,34.07145843020336,-118.55640253905382,1097.8103,794.33545,45283.46,30.0,Palisades
2025-01-08 12:16:17.109350016,34.09748567393056,-118.576825912057,824.3657,,,33.0,Palisades
2025-01-08 12:16:17.109350016,34.09499226178677,-118.53919286962353,717.45544,,,33.0,Palisades
2025-01-08 12:16:17.109350016,34.068969962321546,-118.51880459364624,638.66565,783.7876,28087.1,30.0,Palisades
2025-01-08 12:16:17.109350016,34.07656001637729,-118.63195172314548,452.69806,,,33.0,Palisades
2025-01-08 12:16:17.109350016,34.04793264602768,-118.57362735342862,605.15356,,,33.0,Palisades
2025-01-08 12:16:17.109350016,34.07400704112978,-118.59415303589158,509.4945,,,33.0,Palisades
2025-01-08 12:16:17.109350016,34.07911807667682,-118.66977967232299,395.3122,,,33.0,Palisades
2025-01-08 12:16:17.109350016,34.19012763083686,-118.11575882609391,535.5922,,,33.0,Eaton
2025-01-08 12:16:17.109350016,34.18761682859531,-118.07841483557006,449.71228,,,33.0,Eaton
2025-01-08 12:16:17.109350016,34.21622840368383,-118.13604847045053,1385.6102,,,33.0,Eaton
2025-01-08 12:16:17.109350016,34.218749516791654,-118.17346752837784,675.238,,,33.0,Eaton
2025-01-08 12:16:17.109350016,34.19264378683706,-118.15314315385929,327.748,,,33.0,Eaton
2025-01-08 12:16:17.109350016,34.24234182591638,-118.1563828282276,547.7899,,,33.0,Eaton
2025-01-08 12:16:17.109350016,34.21371265897895,-118.09866985760715,758.0051,,,33.0,Eaton
2025-01-08 12:21:17.109388032,34.068969962321546,-118.51880459364624,644.53723,760.2197,32843.54,30.0,Palisades
2025-01-08 12:21:17.109388032,34.045389075623206,-118.53591232702891,1491.4366,726.2689,95530.98,30.0,Palisades
2025-01-08 12:21:17.109388032,34.04793264602768,-118.57362735342862,605.7969,,,33.0,Palisades
2025-01-08 12:21:17.109388032,34.050480566632984,-118.6113904539408,276.88507,,,33.0,Palisades
2025-01-08 12:21:17.109388032,34.07400704112978,-118.59415303589158,627.74274,,,33.0,Palisades
2025-01-08 12:21:17.109388032,34.07145843020336,-118.55640253905382,1044.7405,,,33.0,Palisades
2025-01-08 12:21:17.109388032,34.09748567393056,-118.576825912057,529.506,,,33.0,Palisades
2025-01-08 12:21:17.109388032,34.09499226178677,-118.53919286962353,551.3823,,,33.0,Palisades
2025-01-08 12:21:17.109388032,34.07656001637729,-118.63195172314548,398.42532,,,33.0,Palisades
2025-01-08 12:21:17.109388032,34.053033558195125,-118.64918271388292,404.16464,,,33.0,Palisades
2025-01-08 12:21:17.109388032,34.042905560281234,-118.4983495521721,600.4172,,,33.0,Palisades
2025-01-08 12:21:17.109388032,34.21371265897895,-118.09866985760715,603.84863,,,33.0,Eaton
2025-01-08 12:21:17.109388032,34.18761682859531,-118.07841483557006,519.1881,,,33.0,Eaton
2025-01-08 12:21:17.109388032,34.18510935004094,-118.04111019501573,408.60684,,,33.0,Eaton
2025-01-08 12:26:17.109430016,34.09499226178677,-118.53919286962353,371.04932,,,33.0,Palisades
2025-01-08 12:26:17.109430016,34.18761682859531,-118.07841483557006,765.92114,,,33.0,Eaton
2025-01-08 12:26:17.109430016,34.18510935004094,-118.04111019501573,640.4254,,,33.0,Eaton
2025-01-08 12:26:17.109430016,34.161535736108426,-118.05820425073031,327.1191,,,33.0,Eaton
2025-01-08 12:26:17.109430016,34.07400704112978,-118.59415303589158,625.532,,,33.0,Palisades
2025-01-08 12:26:17.109430016,34.042905560281234,-118.4983495521721,443.2714,,,33.0,Palisades
2025-01-08 12:26:17.109430016,34.07145843020336,-118.55640253905382,1028.9302,,,33.0,Palisades
2025-01-08 12:26:17.109430016,34.045389075623206,-118.53591232702891,1216.3474,767.9109,59003.96,30.0,Palisades
2025-01-08 12:26:17.109430016,34.053033558195125,-118.64918271388292,372.56763,,,33.0,Palisades
2025-01-08 12:26:17.109430016,34.050480566632984,-118.6113904539408,323.94412,,,33.0,Palisades
2025-01-08 12:26:17.109430016,34.07656001637729,-118.63195172314548,490.38083,,,33.0,Palisades
2025-01-08 12:26:17.109430016,34.068969962321546,-118.51880459364624,610.5952,,,33.0,Palisades
2025-01-08 12:26:17.109430016,34.04793264602768,-118.57362735342862,607.1334,,,33.0,Palisades
2025-01-08 12:26:17.109430016,34.09748567393056,-118.576825912057,409.56638,,,33.0,Palisades
2025-01-08 12:31:17.109460992,34.053033558195125,-118.64918271388292,342.31592,,,33.0,Palisades
2025-01-08 12:31:17.109460992,34.07400704112978,-118.59415303589158,679.0629,,,33.0,Palisades
2025-01-08 12:31:17.109460992,34.068969962321546,-118.51880459364624,490.26517,,,33.0,Palisades
2025-01-08 12:31:17.109460992,34.07145843020336,-118.55640253905382,933.8156,,,33.0,Palisades
2025-01-08 12:31:17.109460992,34.09748567393056,-118.576825912057,505.0291,,,33.0,Palisades
2025-01-08 12:31:17.109460992,34.09499226178677,-118.53919286962353,454.43036,,,33.0,Palisades
2025-01-08 12:31:17.109460992,34.07656001637729,-118.63195172314548,461.1014,,,33.0,Palisades
2025-01-08 12:31:17.109460992,34.045389075623206,-118.53591232702891,1301.1539,815.10144,47661.68,30.0,Palisades
2025-01-08 12:31:17.109460992,34.042905560281234,-118.4983495521721,454.90033,,,33.0,Palisades
2025-01-08 12:31:17.109460992,34.04793264602768,-118.57362735342862,582.733,,,33.0,Palisades
2025-01-08 12:36:17.109490944,34.09748567393056,-118.576825912057,352.92224,,,33.0,Palisades
2025-01-08 12:36:17.109490944,34.07656001637729,-118.63195172314548,289.73544,,,33.0,Palisades
2025-01-08 12:36:17.109490944,34.07400704112978,-118.59415303589158,472.7187,,,33.0,Palisades
2025-01-08 12:36:17.109490944,34.068969962321546,-118.51880459364624,489.44632,,,33.0,Palisades
2025-01-08 12:36:17.109490944,34.042905560281234,-118.4983495521721,281.80725,,,33.0,Palisades
2025-01-08 12:36:17.109490944,34.045389075623206,-118.53591232702891,870.55994,,,33.0,Palisades
2025-01-08 12:36:17.109490944,34.04793264602768,-118.57362735342862,479.26712,,,33.0,Palisades
2025-01-08 12:36:17.109490944,34.09499226178677,-118.53919286962353,317.8675,,,33.0,Palisades
2025-01-08 12:36:17.109490944,34.07145843020336,-118.55640253905382,848.0709,,,33.0,Palisades
2025-01-08 12:41:17.111330944,34.09748567393056,-118.576825912057,320.39413,,,33.0,Palisades
2025-01-08 12:41:17.111330944,34.07400704112978,-118.59415303589158,408.46738,,,33.0,Palisades
2025-01-08 12:41:17.111330944,34.045389075623206,-118.53591232702891,836.067,,,33.0,Palisades
2025-01-08 12:41:17.111330944,34.04793264602768,-118.57362735342862,411.76642,,,33.0,Palisades
2025-01-08 12:41:17.111330944,34.068969962321546,-118.51880459364624,307.96155,,,33.0,Palisades
2025-01-08 12:41:17.111330944,34.07145843020336,-118.55640253905382,525.12354,,,33.0,Palisades
2025-01-08 12:41:17.111330944,34.09499226178677,-118.53919286962353,315.74588,,,33.0,Palisades
2025-01-08 12:46:17.111374080,34.04793264602768,-118.57362735342862,549.0163,,,33.0,Palisades
2025-01-08 12:46:17.111374080,34.07145843020336,-118.55640253905382,880.24115,,,33.0,Palisades
2025-01-08 12:46:17.111374080,34.07400704112978,-118.59415303589158,603.223,,,33.0,Palisades
2025-01-08 12:46:17.111374080,34.09748567393056,-118.576825912057,463.82495,,,33.0,Palisades
2025-01-08 12:46:17.111374080,34.068969962321546,-118.51880459364624,462.81033,,,33.0,Palisades
2025-01-08 12:46:17.111374080,34.09499226178677,-118.53919286962353,421.3878,,,33.0,Palisades
2025-01-08 12:46:17.111374080,34.042905560281234,-118.4983495521721,349.56177,,,33.0,Palisades
2025-01-08 12:46:17.111374080,34.045389075623206,-118.53591232702891,1056.5142,,,33.0,Palisades
2025-01-08 12:51:17.111408000,34.21622840368383,-118.13604847045053,624.30865,,,33.0,Eaton
2025-01-08 12:51:17.111408000,34.218749516791654,-118.17346752837784,480.1596,,,33.0,Eaton
2025-01-08 12:51:17.111408000,34.07145843020336,-118.55640253905382,439.47147,,,33.0,Palisades
2025-01-08 12:51:17.111408000,34.07400704112978,-118.59415303589158,409.08884,,,33.0,Palisades
2025-01-08 12:56:17.111440000,34.24234182591638,-118.1563828282276,599.5503,,,33.0,Eaton
2025-01-08 12:56:17.111440000,34.19012763083686,-118.11575882609391,1096.028,,,33.0,Eaton
2025-01-08 12:56:17.111440000,34.21622840368383,-118.13604847045053,1464.2788,,,33.0,Eaton
2025-01-08 12:56:17.111440000,34.19264378683706,-118.15314315385929,1094.4713,,,33.0,Eaton
2025-01-08 12:56:17.111440000,34.218749516791654,-118.17346752837784,1042.6927,,,33.0,Eaton
2025-01-08 13:01:17.111479040,34.19012763083686,-118.11575882609391,506.04843,,,33.0,Eaton
2025-01-08 13:01:17.111479040,34.218749516791654,-118.17346752837784,548.3406,,,33.0,Eaton
2025-01-08 13:01:17.111479040,34.19264378683706,-118.15314315385929,523.3604,,,33.0,Eaton
2025-01-08 13:01:17.111479040,34.21622840368383,-118.13604847045053,647.52716,,,33.0,Eaton
2025-01-08 13:06:17.113328000,34.21622840368383,-118.13604847045053,1387.1111,,,33.0,Eaton
2025-01-08 13:06:17.113328000,34.24234182591638,-118.1563828282276,857.9184,,,33.0,Eaton
2025-01-08 13:06:17.113328000,34.218749516791654,-118.17346752837784,866.47577,,,33.0,Eaton
2025-01-08 13:06:17.113328000,34.19012763083686,-118.11575882609391,497.66516,,,33.0,Eaton
2025-01-08 13:06:17.113328000,34.19264378683706,-118.15314315385929,557.4546,,,33.0,Eaton
2025-01-08 13:11:17.113366016,33.5590345167648,-116.74131518414093,49.754433,,,13.0,Other
2025-01-08 13:11:17.113366016,34.218749516791654,-118.17346752837784,497.6724,,,33.0,Eaton
2025-01-08 13:11:17.113366016,34.21622840368383,-118.13604847045053,407.94998,,,33.0,Eaton
2025-01-08 13:51:17.115460096,34.19012763083686,-118.11575882609391,529.8736,,,33.0,Eaton
2025-01-08 13:51:17.115460096,34.19264378683706,-118.15314315385929,706.78766,,,33.0,Eaton
2025-01-08 13:51:17.115460096,34.218749516791654,-118.17346752837784,493.28165,,,33.0,Eaton
2025-01-08 13:51:17.115460096,34.07400704112978,-118.59415303589158,298.10175,,,33.0,Palisades
2025-01-08 13:51:17.115460096,34.21622840368383,-118.13604847045053,488.0186,,,33.0,Eaton
2025-01-08 13:56:17.115486976,34.218749516791654,-118.17346752837784,740.285,,,33.0,Eaton
2025-01-08 13:56:17.115486976,34.19012763083686,-118.11575882609391,678.0275,,,33.0,Eaton
2025-01-08 13:56:17.115486976,34.19264378683706,-118.15314315385929,778.4915,,,33.0,Eaton
2025-01-08 13:56:17.115486976,34.21622840368383,-118.13604847045053,742.8137,,,33.0,Eaton
2025-01-08 14:01:17.117315968,34.21622840368383,-118.13604847045053,1153.6042,,,33.0,Eaton
2025-01-08 14:01:17.117315968,34.19264378683706,-118.15314315385929,2268.9207,730.499,141083.03,30.0,Eaton
2025-01-08 14:01:17.117315968,34.218749516791654,-118.17346752837784,1348.8745,,,33.0,Eaton
2025-01-08 14:01:17.117315968,34.19012763083686,-118.11575882609391,1974.7374,,,33.0,Eaton
2025-01-08 14:06:17.117347968,34.19012763083686,-118.11575882609391,571.1489,,,33.0,Eaton
2025-01-08 14:06:17.117347968,34.21622840368383,-118.13604847045053,490.5803,,,33.0,Eaton
2025-01-08 14:06:17.117347968,34.218749516791654,-118.17346752837784,531.4451,,,33.0,Eaton
2025-01-08 14:06:17.117347968,34.19264378683706,-118.15314315385929,731.8426,,,33.0,Eaton
2025-01-08 14:11:17.117383936,34.07911807667682,-118.66977967232299,737.07446,,,33.0,Palisades
2025-01-08 14:11:17.117383936,34.10516045887566,-118.69030956983735,312.16336,,,33.0,Palisades
2025-01-08 14:11:17.117383936,34.08167962109204,-118.70764886674131,365.34195,,,33.0,Palisades
2025-01-08 14:11:17.117383936,34.19264378683706,-118.15314315385929,1335.3254,,,33.0,Eaton
2025-01-08 14:11:17.117383936,34.19012763083686,-118.11575882609391,1331.8688,,,33.0,Eaton
2025-01-08 14:11:17.117383936,34.218749516791654,-118.17346752837784,850.53577,,,33.0,Eaton
2025-01-08 14:11:17.117383936,34.21622840368383,-118.13604847045053,799.51044,,,33.0,Eaton
2025-01-08 14:16:17.117409024,34.19264378683706,-118.15314315385929,882.8541,,,33.0,Eaton
2025-01-08 14:16:17.117409024,34.07911807667682,-118.66977967232299,610.1488,,,33.0,Palisades
2025-01-08 14:16:17.117409024,34.10516045887566,-118.69030956983735,278.72025,,,33.0,Palisades
2025-01-08 14:16:17.117409024,34.21622840368383,-118.13604847045053,604.86475,,,33.0,Eaton
2025-01-08 14:16:17.117409024,34.19012763083686,-118.11575882609391,564.2793,,,33.0,Eaton
2025-01-08 14:16:17.117409024,34.218749516791654,-118.17346752837784,784.8281,,,33.0,Eaton
2025-01-08 14:21:17.117427968,34.19012763083686,-118.11575882609391,754.00275,,,33.0,Eaton
2025-01-08 14:21:17.117427968,34.21622840368383,-118.13604847045053,707.12134,,,33.0,Eaton
2025-01-08 14:21:17.117427968,34.19264378683706,-118.15314315385929,1051.631,,,33.0,Eaton
2025-01-08 14:21:17.117427968,34.07911807667682,-118.66977967232299,510.60513,,,33.0,Palisades
2025-01-08 14:21:17.117427968,34.218749516791654,-118.17346752837784,870.6769,,,33.0,Eaton
2025-01-08 14:26:17.117451008,34.07911807667682,-118.66977967232299,670.2469,,,33.0,Palisades
2025-01-08 14:26:17.117451008,34.07656001637729,-118.63195172314548,335.76926,,,33.0,Palisades
2025-01-08 14:31:17.119284096,34.07911807667682,-118.66977967232299,637.0192,,,33.0,Palisades
2025-01-08 14:31:17.119284096,34.07656001637729,-118.63195172314548,374.48782,,,33.0,Palisades
2025-01-08 14:31:17.119284096,34.053033558195125,-118.64918271388292,323.7382,,,33.0,Palisades
2025-01-08 14:46:17.119336064,34.045389075623206,-118.53591232702891,583.3637,,,33.0,Palisades
2025-01-08 14:46:17.119336064,34.068969962321546,-118.51880459364624,1430.2433,,,33.0,Palisades
2025-01-08 14:46:17.119336064,34.09499226178677,-118.53919286962353,1131.088,,,33.0,Palisades
2025-01-08 14:46:17.119336064,34.09748567393056,-118.576825912057,1019.94006,,,33.0,Palisades
2025-01-08 14:46:17.119336064,34.07145843020336,-118.55640253905382,1379.1909,,,33.0,Palisades
2025-01-08 14:51:17.119358976,34.04793264602768,-118.57362735342862,394.86398,,,33.0,Palisades
2025-01-08 14:51:17.119358976,34.07400704112978,-118.59415303589158,396.39026,,,33.0,Palisades
2025-01-08 14:51:17.119358976,34.045389075623206,-118.53591232702891,910.4513,583.9829,202428.92,30.0,Palisades
2025-01-08 14:51:17.119358976,34.07145843020336,-118.55640253905382,1269.1884,,,33.0,Palisades
2025-01-08 14:51:17.119358976,34.042905560281234,-118.4983495521721,298.5335,,,33.0,Palisades
2025-01-08 14:51:17.119358976,34.068969962321546,-118.51880459364624,1341.54,752.8582,71687.8,30.0,Palisades
2025-01-08 14:51:17.119358976,34.09499226178677,-118.53919286962353,912.5293,,,33.0,Palisades
2025-01-08 14:51:17.119358976,34.09748567393056,-118.576825912057,858.10846,,,33.0,Palisades
2025-01-08 14:56:17.119374080,34.10003931690432,-118.6146118054029,431.26764,,,33.0,Palisades
2025-01-08 14:56:17.119374080,34.09748567393056,-118.576825912057,2118.9307,,,33.0,Palisades
2025-01-08 14:56:17.119374080,34.09499226178677,-118.53919286962353,1591.1099,,,33.0,Palisades
2025-01-08 14:56:17.119374080,34.07400704112978,-118.59415303589158,875.079,,,33.0,Palisades
2025-01-08 14:56:17.119374080,34.068969962321546,-118.51880459364624,1482.3267,,,33.0,Palisades
2025-01-08 14:56:17.119374080,34.07145843020336,-118.55640253905382,2145.5989,,,33.0,Palisades
2025-01-08 14:56:17.119374080,34.045389075623206,-118.53591232702891,474.58063,,,33.0,Palisades
2025-01-08 14:56:17.119374080,34.04793264602768,-118.57362735342862,324.68692,,,33.0,Palisades
2025-01-08 15:21:17.121225984,34.33848723390952,-118.48105238781923,41.33895,,,33.0,Other
2025-01-08 15:56:17.124835968,34.07145843020336,-118.55640253905382,666.32056,,,33.0,Palisades
2025-01-08 15:56:17.124835968,34.07656001637729,-118.63195172314548,424.0223,,,33.0,Palisades
2025-01-08 15:56:17.124835968,34.09499226178677,-118.53919286962353,410.36246,,,33.0,Palisades
2025-01-08 15:56:17.124835968,34.09748567393056,-118.576825912057,545.7479,,,33.0,Palisades
2025-01-08 15:56:17.124835968,34.053033558195125,-118.64918271388292,300.0211,,,33.0,Palisades
2025-01-08 15:56:17.124835968,34.07400704112978,-118.59415303589158,745.3905,,,33.0,Palisades
2025-01-08 15:56:17.124835968,34.07911807667682,-118.66977967232299,522.8498,,,33.0,Palisades
2025-01-08 16:01:17.124822912,34.33848723390952,-118.48105238781923,67.22794,,,33.0,Other
2025-01-08 16:01:17.124822912,34.07656001637729,-118.63195172314548,634.8531,661.0591,67358.22,30.0,Palisades
2025-01-08 16:01:17.124822912,34.10003931690432,-118.6146118054029,512.73804,819.1118,18330.3,30.0,Palisades
2025-01-08 16:01:17.124822912,34.045389075623206,-118.53591232702891,632.3262,,,33.0,Palisades
2025-01-08 16:01:17.124822912,34.050480566632984,-118.6113904539408,262.50735,,,33.0,Palisades
2025-01-08 16:01:17.124822912,34.08167962109204,-118.70764886674131,276.53223,584.3125,61260.22,30.0,Palisades
2025-01-08 16:01:17.124822912,34.09499226178677,-118.53919286962353,874.2406,,,33.0,Palisades
2025-01-08 16:01:17.124822912,34.04793264602768,-118.57362735342862,679.66473,,,33.0,Palisades
2025-01-08 16:01:17.124822912,34.09748567393056,-118.576825912057,1153.8265,739.83826,67297.234,30.0,Palisades
2025-01-08 16:01:17.124822912,34.07145843020336,-118.55640253905382,1942.7665,,,33.0,Palisades
2025-01-08 16:01:17.124822912,34.068969962321546,-118.51880459364624,927.46686,,,33.0,Palisades
2025-01-08 16:01:17.124822912,34.055590021104194,-118.68701610912929,350.70532,607.7705,60833.36,30.0,Palisades
2025-01-08 16:01:17.124822912,34.053033558195125,-118.64918271388292,542.2194,611.28644,90835.516,30.0,Palisades
2025-01-08 16:01:17.124822912,34.07911807667682,-118.66977967232299,698.5086,589.42163,146571.23,30.0,Palisades
2025-01-08 16:01:17.124822912,34.07400704112978,-118.59415303589158,1688.8562,717.97345,114739.68,30.0,Palisades
2025-01-08 16:06:17.124809088,34.33848723390952,-118.48105238781923,52.694588,,,33.0,Other
2025-01-08 16:06:17.124809088,34.09499226178677,-118.53919286962353,992.7572,,,33.0,Palisades
2025-01-08 16:06:17.124809088,34.04793264602768,-118.57362735342862,297.51346,,,33.0,Palisades
2025-01-08 16:06:17.124809088,34.07145843020336,-118.55640253905382,1505.3562,,,33.0,Palisades
2025-01-08 16:06:17.124809088,34.045389075623206,-118.53591232702891,353.60327,,,33.0,Palisades
2025-01-08 16:06:17.124809088,34.053033558195125,-118.64918271388292,264.9955,,,33.0,Palisades
2025-01-08 16:06:17.124809088,34.07656001637729,-118.63195172314548,484.7401,,,33.0,Palisades
2025-01-08 16:06:17.124809088,34.09748567393056,-118.576825912057,879.39343,710.3922,63150.598,30.0,Palisades
2025-01-08 16:06:17.124809088,34.07400704112978,-118.59415303589158,1585.7213,721.87396,104799.94,30.0,Palisades
2025-01-08 16:06:17.124809088,34.068969962321546,-118.51880459364624,625.05457,,,33.0,Palisades
2025-01-08 16:06:17.124809088,34.07911807667682,-118.66977967232299,460.3034,,,33.0,Palisades
2025-01-08 16:11:17.124800000,34.07400704112978,-118.59415303589158,450.20474,,,33.0,Palisades
2025-01-08 16:11:17.124800000,34.068969962321546,-118.51880459364624,510.60956,,,33.0,Palisades
2025-01-08 16:11:17.124800000,34.07145843020336,-118.55640253905382,686.74426,,,33.0,Palisades
2025-01-08 16:11:17.124800000,34.09748567393056,-118.576825912057,415.6225,,,33.0,Palisades
2025-01-08 16:11:17.124800000,34.045389075623206,-118.53591232702891,536.03595,,,33.0,Palisades
2025-01-08 16:11:17.124800000,34.04793264602768,-118.57362735342862,336.54712,,,33.0,Palisades
2025-01-08 16:11:17.124800000,34.09499226178677,-118.53919286962353,423.9046,,,33.0,Palisades
2025-01-08 16:26:17.126546048,34.068969962321546,-118.51880459364624,1466.3877,,,33.0,Palisades
2025-01-08 16:26:17.126546048,34.07145843020336,-118.55640253905382,1118.1117,,,33.0,Palisades
2025-01-08 16:26:17.126546048,34.09748567393056,-118.576825912057,741.98096,,,33.0,Palisades
2025-01-08 16:26:17.126546048,34.09499226178677,-118.53919286962353,1059.355,,,33.0,Palisades
2025-01-08 16:31:17.126525056,34.07145843020336,-118.55640253905382,342.5283,,,33.0,Palisades
2025-01-08 16:31:17.126525056,34.07656001637729,-118.63195172314548,317.0086,,,33.0,Palisades
2025-01-08 16:31:17.126525056,34.09499226178677,-118.53919286962353,418.24817,,,33.0,Palisades
2025-01-08 16:31:17.126525056,34.053033558195125,-118.64918271388292,320.23294,,,33.0,Palisades
2025-01-08 16:31:17.126525056,34.07911807667682,-118.66977967232299,521.59357,755.6051,27355.34,30.0,Palisades
2025-01-08 16:31:17.126525056,34.09748567393056,-118.576825912057,377.00763,,,33.0,Palisades
2025-01-08 16:31:17.126525056,34.07400704112978,-118.59415303589158,332.53033,,,33.0,Palisades
2025-01-08 16:31:17.126525056,34.068969962321546,-118.51880459364624,305.45618,,,33.0,Palisades
2025-01-08 16:31:17.126525056,34.33848723390952,-118.48105238781923,155.13152,,,33.0,Other
2025-01-08 16:36:17.126504960,34.33848723390952,-118.48105238781923,82.18481,,,33.0,Other
2025-01-08 16:36:17.126504960,34.09748567393056,-118.576825912057,587.86444,,,33.0,Palisades
2025-01-08 16:36:17.126504960,34.068969962321546,-118.51880459364624,532.8069,,,33.0,Palisades
2025-01-08 16:36:17.126504960,34.09499226178677,-118.53919286962353,566.16833,,,33.0,Palisades
2025-01-08 16:36:17.126504960,34.07656001637729,-118.63195172314548,355.92758,,,33.0,Palisades
2025-01-08 16:36:17.126504960,34.07911807667682,-118.66977967232299,474.5042,756.3192,24794.18,30.0,Palisades
2025-01-08 16:36:17.126504960,34.07145843020336,-118.55640253905382,766.89484,,,33.0,Palisades
2025-01-08 16:36:17.126504960,34.07400704112978,-118.59415303589158,493.56952,,,33.0,Palisades
2025-01-08 16:36:17.126504960,34.053033558195125,-118.64918271388292,319.40918,,,33.0,Palisades
2025-01-08 16:41:17.126472960,34.07656001637729,-118.63195172314548,418.70755,,,33.0,Palisades
2025-01-08 16:41:17.126472960,34.07145843020336,-118.55640253905382,641.6976,,,33.0,Palisades
2025-01-08 16:41:17.126472960,34.068969962321546,-118.51880459364624,523.85846,,,33.0,Palisades
2025-01-08 16:41:17.126472960,34.07400704112978,-118.59415303589158,491.25308,,,33.0,Palisades
2025-01-08 16:41:17.126472960,34.09499226178677,-118.53919286962353,469.9194,,,33.0,Palisades
2025-01-08 16:41:17.126472960,34.07911807667682,-118.66977967232299,600.6553,1465.277,4000.0,30.0,Palisades
2025-01-08 16:41:17.126472960,34.33848723390952,-118.48105238781923,138.2208,,,33.0,Other
2025-01-08 16:41:17.126472960,34.09748567393056,-118.576825912057,345.66434,,,33.0,Palisades
2025-01-08 16:46:17.126435072,34.07656001637729,-118.63195172314548,370.40512,,,33.0,Palisades
2025-01-08 16:46:17.126435072,34.045389075623206,-118.53591232702891,744.6766,,,33.0,Palisades
2025-01-08 16:46:17.126435072,34.053033558195125,-118.64918271388292,390.47763,914.427,8695.46,30.0,Palisades
2025-01-08 16:46:17.126435072,34.068969962321546,-118.51880459364624,1314.2124,,,33.0,Palisades
2025-01-08 16:46:17.126435072,34.10003931690432,-118.6146118054029,242.0587,,,33.0,Palisades
2025-01-08 16:46:17.126435072,34.07911807667682,-118.66977967232299,484.92776,747.30963,26867.5,30.0,Palisades
2025-01-08 16:46:17.126435072,34.07145843020336,-118.55640253905382,1582.5612,,,33.0,Palisades
2025-01-08 16:46:17.126435072,34.09748567393056,-118.576825912057,707.53326,,,33.0,Palisades
2025-01-08 16:46:17.126435072,34.33848723390952,-118.48105238781923,87.60913,,,33.0,Other
2025-01-08 16:46:17.126435072,34.04793264602768,-118.57362735342862,382.98248,,,33.0,Palisades
2025-01-08 16:46:17.126435072,34.09499226178677,-118.53919286962353,856.4888,1709.1409,4000.0,30.0,Palisades
2025-01-08 16:51:17.128203008,34.33848723390952,-118.48105238781923,82.99286,512.34546,44856.6,30.0,Other
2025-01-08 16:51:17.128203008,34.053033558195125,-118.64918271388292,253.51212,637.9307,32965.5,30.0,Palisades
2025-01-08 16:51:17.128203008,34.07400704112978,-118.59415303589158,1731.955,891.0239,42844.258,30.0,Palisades
2025-01-08 16:51:17.128203008,34.09748567393056,-118.576825912057,806.61523,848.5579,24672.22,30.0,Palisades
2025-01-08 16:51:17.128203008,34.07145843020336,-118.55640253905382,1894.1654,867.0166,52662.04,30.0,Palisades
2025-01-08 16:51:17.128203008,34.042905560281234,-118.4983495521721,259.28183,,,33.0,Palisades
2025-01-08 16:51:17.128203008,34.045389075623206,-118.53591232702891,906.9948,,,33.0,Palisades
2025-01-08 16:51:17.128203008,34.09499226178677,-118.53919286962353,1227.0333,779.66736,55284.18,30.0,Palisades
2025-01-08 16:51:17.128203008,34.066429700418006,-118.48112767526477,420.86057,,,33.0,Palisades
2025-01-08 16:51:17.128203008,34.068969962321546,-118.51880459364624,1263.9443,787.96277,54186.54,30.0,Palisades
2025-01-08 16:51:17.128203008,34.07656001637729,-118.63195172314548,408.2347,993.8654,6500.1797,30.0,Palisades
2025-01-08 16:51:17.128203008,34.07911807667682,-118.66977967232299,600.4954,643.0947,74553.86,30.0,Palisades
2025-01-08 16:51:17.128203008,34.04793264602768,-118.57362735342862,489.96576,,,33.0,Palisades
2025-01-08 16:56:17.128169984,34.066429700418006,-118.48112767526477,367.22684,,,33.0,Palisades
2025-01-08 16:56:17.128169984,34.068969962321546,-118.51880459364624,1519.0474,750.82556,82298.32,30.0,Palisades
2025-01-08 16:56:17.128169984,34.045389075623206,-118.53591232702891,1010.7697,709.62305,73029.36,30.0,Palisades
2025-01-08 16:56:17.128169984,34.04793264602768,-118.57362735342862,725.0881,889.98016,18025.398,30.0,Palisades
2025-01-08 16:56:17.128169984,34.053033558195125,-118.64918271388292,405.10336,560.47003,117605.74,30.0,Palisades
2025-01-08 16:56:17.128169984,34.09499226178677,-118.53919286962353,1009.1707,668.3656,100714.28,30.0,Palisades
2025-01-08 16:56:17.128169984,34.07400704112978,-118.59415303589158,1837.7887,746.8701,102177.8,30.0,Palisades
2025-01-08 16:56:17.128169984,34.07911807667682,-118.66977967232299,469.54004,,,33.0,Palisades
2025-01-08 16:56:17.128169984,34.09748567393056,-118.576825912057,932.47455,688.9669,78761.48,30.0,Palisades
2025-01-08 16:56:17.128169984,34.07145843020336,-118.55640253905382,2120.3486,781.4802,94555.3,30.0,Palisades
2025-01-08 16:56:17.128169984,34.33848723390952,-118.48105238781923,68.49239,471.96704,68821.734,30.0,Other
2025-01-08 17:01:17.128126080,34.33848723390952,-118.48105238781923,96.40638,514.7627,50344.8,30.0,Other
2025-01-08 17:01:17.128126080,34.07911807667682,-118.66977967232299,491.52606,569.0951,129130.96,30.0,Palisades
2025-01-08 17:01:17.128126080,34.045389075623206,-118.53591232702891,1040.9513,667.10205,104982.88,30.0,Palisades
2025-01-08 17:01:17.128126080,34.10003931690432,-118.6146118054029,348.8183,775.5471,16135.02,30.0,Palisades
2025-01-08 17:01:17.128126080,34.09499226178677,-118.53919286962353,1018.9971,685.0664,88823.18,30.0,Palisades
2025-01-08 17:01:17.128126080,34.07656001637729,-118.63195172314548,479.76318,753.2428,25586.92,30.0,Palisades
2025-01-08 17:01:17.128126080,34.04793264602768,-118.57362735342862,528.5345,708.96387,38392.72,30.0,Palisades
2025-01-08 17:01:17.128126080,34.053033558195125,-118.64918271388292,263.74466,538.66016,100165.46,30.0,Palisades
2025-01-08 17:01:17.128126080,34.07400704112978,-118.59415303589158,2218.1162,785.2709,96628.62,30.0,Palisades
2025-01-08 17:01:17.128126080,34.042905560281234,-118.4983495521721,294.1553,740.8821,17049.719,30.0,Palisades
2025-01-08 17:01:17.128126080,34.07145843020336,-118.55640253905382,2842.19,808.564,107970.9,30.0,Palisades
2025-01-08 17:01:17.128126080,34.068969962321546,-118.51880459364624,1355.0555,763.79065,67480.18,30.0,Palisades
2025-01-08 17:01:17.128126080,34.09748567393056,-118.576825912057,839.06396,721.9838,55406.14,30.0,Palisades
2025-01-08 17:06:17.128072064,34.07400704112978,-118.59415303589158,2046.085,769.2294,98397.04,30.0,Palisades
2025-01-08 17:06:17.128072064,34.07656001637729,-118.63195172314548,419.20584,736.8167,24977.12,30.0,Palisades
2025-01-08 17:06:17.128072064,34.04793264602768,-118.57362735342862,641.3395,867.6759,17781.48,30.0,Palisades
2025-01-08 17:06:17.128072064,34.053033558195125,-118.64918271388292,328.16354,545.1427,114800.66,30.0,Palisades
2025-01-08 17:06:17.128072064,34.07145843020336,-118.55640253905382,2821.3706,804.4437,109800.3,30.0,Palisades
2025-01-08 17:06:17.128072064,34.068969962321546,-118.51880459364624,1437.2006,861.1384,41197.8,30.0,Palisades
2025-01-08 17:06:17.128072064,34.07911807667682,-118.66977967232299,540.15533,564.81,149132.4,30.0,Palisades
2025-01-08 17:06:17.128072064,34.09499226178677,-118.53919286962353,851.93146,712.8644,60101.598,30.0,Palisades
2025-01-08 17:06:17.128072064,34.09748567393056,-118.576825912057,998.89355,828.8906,33880.2,30.0,Palisades
2025-01-08 17:06:17.128072064,34.10003931690432,-118.6146118054029,574.94037,1596.1361,4000.0,30.0,Palisades
2025-01-08 17:06:17.128072064,34.045389075623206,-118.53591232702891,1044.2814,760.05493,53271.84,30.0,Palisades
2025-01-08 17:06:17.128072064,34.33848723390952,-118.48105238781923,81.23137,,,33.0,Other
2025-01-08 17:11:17.128020992,34.045389075623206,-118.53591232702891,940.3501,866.9617,26135.74,30.0,Palisades
2025-01-08 17:11:17.128020992,34.07911807667682,-118.66977967232299,474.38812,594.8054,94067.46,30.0,Palisades
2025-01-08 17:11:17.128020992,34.07656001637729,-118.63195172314548,376.1046,981.1201,6317.24,30.0,Palisades
2025-01-08 17:11:17.128020992,34.33848723390952,-118.48105238781923,79.07719,465.20984,89128.08,30.0,Other
2025-01-08 17:11:17.128020992,34.19264378683706,-118.15314315385929,147.48402,,,33.0,Eaton
2025-01-08 17:11:17.128020992,34.07400704112978,-118.59415303589158,2346.2434,848.8326,71565.836,30.0,Palisades
2025-01-08 17:11:17.128020992,34.068969962321546,-118.51880459364624,1352.9368,987.1082,22172.04,30.0,Palisades
2025-01-08 17:11:17.128020992,34.066429700418006,-118.48112767526477,356.7027,,,33.0,Palisades
2025-01-08 17:11:17.128020992,34.053033558195125,-118.64918271388292,276.6471,593.5419,55589.08,30.0,Palisades
2025-01-08 17:11:17.128020992,34.07145843020336,-118.55640253905382,2661.178,790.1602,112605.38,30.0,Palisades
2025-01-08 17:11:17.128020992,34.09748567393056,-118.576825912057,867.2352,944.64215,16866.781,30.0,Palisades
2025-01-08 17:11:17.128020992,34.09499226178677,-118.53919286962353,978.29224,892.1776,24062.42,30.0,Palisades
2025-01-08 17:16:17.127974016,34.07400704112978,-118.59415303589158,2594.9878,894.92444,63028.64,30.0,Palisades
2025-01-08 17:16:17.127974016,34.09748567393056,-118.576825912057,924.7058,1062.0417,11561.52,30.0,Palisades
2025-01-08 17:16:17.127974016,34.07911807667682,-118.66977967232299,434.6967,591.6741,89067.1,30.0,Palisades
2025-01-08 17:16:17.127974016,34.07656001637729,-118.63195172314548,328.86618,1953.0048,4000.0,30.0,Palisades
2025-01-08 17:16:17.127974016,34.09499226178677,-118.53919286962353,1050.9528,796.9175,42722.3,30.0,Palisades
2025-01-08 17:16:17.127974016,34.045389075623206,-118.53591232702891,851.96405,,,33.0,Palisades
2025-01-08 17:16:17.127974016,34.066429700418006,-118.48112767526477,376.826,,,33.0,Palisades
2025-01-08 17:16:17.127974016,34.053033558195125,-118.64918271388292,258.22128,934.6986,5219.6,30.0,Palisades
2025-01-08 17:16:17.127974016,34.068969962321546,-118.51880459364624,1274.1266,1589.1592,4670.78,30.0,Palisades
2025-01-08 17:16:17.127974016,34.07145843020336,-118.55640253905382,2762.1726,856.5237,80956.76,30.0,Palisades
2025-01-08 17:16:17.127974016,34.33848723390952,-118.48105238781923,90.474266,448.3992,137729.14,30.0,Other
2025-01-08 17:26:17.129665024,34.04793264602768,-118.57362735342862,607.53827,686.3849,52418.12,30.0,Palisades
2025-01-08 17:26:17.129665024,34.053033558195125,-118.64918271388292,239.6558,534.485,96018.82,30.0,Palisades
2025-01-08 17:26:17.129665024,34.068969962321546,-118.51880459364624,1074.6921,757.3081,55772.02,30.0,Palisades
2025-01-08 17:26:17.129665024,34.07656001637729,-118.63195172314548,563.0276,751.0453,30465.32,30.0,Palisades
2025-01-08 17:26:17.129665024,34.07400704112978,-118.59415303589158,2081.8628,764.0653,103519.36,30.0,Palisades
2025-01-08 17:26:17.129665024,34.09499226178677,-118.53919286962353,1046.4542,670.5082,102604.66,30.0,Palisades
2025-01-08 17:26:17.129665024,34.09748567393056,-118.576825912057,813.63574,659.79553,87237.7,30.0,Palisades
2025-01-08 17:26:17.129665024,34.10003931690432,-118.6146118054029,305.11276,611.3963,51076.56,30.0,Palisades
2025-01-08 17:26:17.129665024,34.07911807667682,-118.66977967232299,593.79553,546.73584,203648.52,30.0,Palisades
2025-01-08 17:26:17.129665024,34.07145843020336,-118.55640253905382,2539.9485,717.53394,173158.52,30.0,Palisades
2025-01-08 17:26:17.129665024,34.19264378683706,-118.15314315385929,853.73505,,,33.0,Eaton
2025-01-08 17:26:17.129665024,34.33848723390952,-118.48105238781923,107.21778,444.0592,177000.27,30.0,Other
2025-01-08 17:26:17.129665024,34.19012763083686,-118.11575882609391,452.70615,,,33.0,Eaton
2025-01-08 17:26:17.129665024,34.045389075623206,-118.53591232702891,1034.9142,666.4429,104921.9,30.0,Palisades
2025-01-08 17:31:17.129596032,34.07400704112978,-118.59415303589158,1859.6674,894.7047,45222.48,30.0,Palisades
2025-01-08 17:31:17.129596032,34.04793264602768,-118.57362735342862,922.7759,730.0046,57601.418,30.0,Palisades
2025-01-08 17:31:17.129596032,34.068969962321546,-118.51880459364624,1095.0117,644.6879,134009.36,30.0,Palisades
2025-01-08 17:31:17.129596032,34.07656001637729,-118.63195172314548,327.55795,,,33.0,Palisades
2025-01-08 17:31:17.129596032,34.07911807667682,-118.66977967232299,325.75043,,,33.0,Palisades
2025-01-08 17:31:17.129596032,34.09499226178677,-118.53919286962353,752.51166,602.05707,138399.92,30.0,Palisades
2025-01-08 17:31:17.129596032,34.066429700418006,-118.48112767526477,264.87573,1038.6937,4000.0,30.0,Palisades
2025-01-08 17:31:17.129596032,34.10003931690432,-118.6146118054029,694.33997,,,33.0,Palisades
2025-01-08 17:31:17.129596032,34.09748567393056,-118.576825912057,979.9882,868.0604,27111.42,30.0,Palisades
2025-01-08 17:31:17.129596032,34.045389075623206,-118.53591232702891,1450.1503,654.6864,162487.02,30.0,Palisades
2025-01-08 17:31:17.129596032,34.07145843020336,-118.55640253905382,2478.5146,731.87244,152669.23,30.0,Palisades
2025-01-08 17:31:17.129596032,34.21622840368383,-118.13604847045053,321.98935,,,33.0,Eaton
2025-01-08 17:31:17.129596032,34.218749516791654,-118.17346752837784,421.5305,,,33.0,Eaton
2025-01-08 17:31:17.129596032,34.21371265897895,-118.09866985760715,334.37335,,,33.0,Eaton
2025-01-08 17:31:17.129596032,34.21120025001673,-118.06133069778744,336.0555,,,33.0,Eaton
2025-01-08 17:31:17.129596032,34.19264378683706,-118.15314315385929,883.4429,,,33.0,Eaton
2025-01-08 17:31:17.129596032,34.19012763083686,-118.11575882609391,610.68854,,,33.0,Eaton
2025-01-08 17:31:17.129596032,34.33848723390952,-118.48105238781923,160.54211,,,33.0,Other
2025-01-08 17:36:17.129528960,34.04793264602768,-118.57362735342862,879.0113,762.7468,44063.86,30.0,Palisades
2025-01-08 17:36:17.129528960,34.07400704112978,-118.59415303589158,1763.8346,669.13477,174926.94,30.0,Palisades
2025-01-08 17:36:17.129528960,34.045389075623206,-118.53591232702891,1249.0616,662.21277,131265.25,30.0,Palisades
2025-01-08 17:36:17.129528960,34.042905560281234,-118.4983495521721,285.88138,495.80957,196696.8,30.0,Palisades
2025-01-08 17:36:17.129528960,34.068969962321546,-118.51880459364624,1008.74054,586.89453,217490.98,30.0,Palisades
2025-01-08 17:36:17.129528960,34.053033558195125,-118.64918271388292,301.5553,516.4108,153949.81,30.0,Palisades
2025-01-08 17:36:17.129528960,34.07145843020336,-118.55640253905382,2046.941,674.4636,194257.6,30.0,Palisades
2025-01-08 17:36:17.129528960,34.07911807667682,-118.66977967232299,491.67502,660.9492,52235.18,30.0,Palisades
2025-01-08 17:36:17.129528960,34.10003931690432,-118.6146118054029,661.0247,1079.0172,7780.76,30.0,Palisades
2025-01-08 17:36:17.129528960,34.07656001637729,-118.63195172314548,458.61368,634.24994,61687.08,30.0,Palisades
2025-01-08 17:36:17.129528960,34.09499226178677,-118.53919286962353,964.507,616.12085,154132.77,30.0,Palisades
2025-01-08 17:36:17.129528960,34.21371265897895,-118.09866985760715,263.88205,,,33.0,Eaton
2025-01-08 17:36:17.129528960,34.19264378683706,-118.15314315385929,459.52896,,,33.0,Eaton
2025-01-08 17:36:17.129528960,34.19012763083686,-118.11575882609391,282.7854,,,33.0,Eaton
2025-01-08 17:36:17.129528960,34.09748567393056,-118.576825912057,956.2192,628.3168,135899.73,30.0,Palisades
2025-01-08 17:41:17.129464960,34.045389075623206,-118.53591232702891,477.1224,,,33.0,Palisades
2025-01-08 17:41:17.129464960,34.19012763083686,-118.11575882609391,366.55215,,,33.0,Eaton
2025-01-08 17:41:17.129464960,34.04793264602768,-118.57362735342862,290.42862,,,33.0,Palisades
2025-01-08 17:41:17.129464960,34.07145843020336,-118.55640253905382,573.22174,,,33.0,Palisades
2025-01-08 17:41:17.129464960,34.07400704112978,-118.59415303589158,433.32068,,,33.0,Palisades
2025-01-08 17:41:17.129464960,34.21622840368383,-118.13604847045053,297.40958,,,33.0,Eaton
2025-01-08 17:41:17.129464960,34.218749516791654,-118.17346752837784,539.1232,,,33.0,Eaton
2025-01-08 17:41:17.129464960,34.18510935004094,-118.04111019501573,269.69186,,,33.0,Eaton
2025-01-08 17:41:17.129464960,34.21371265897895,-118.09866985760715,649.16064,,,33.0,Eaton
2025-01-08 17:41:17.129464960,34.21120025001673,-118.06133069778744,582.5655,,,33.0,Eaton
2025-01-08 17:41:17.129464960,34.19264378683706,-118.15314315385929,853.2203,,,33.0,Eaton
2025-01-08 17:46:17.131200000,34.045389075623206,-118.53591232702891,712.3166,,,33.0,Palisades
2025-01-08 17:46:17.131200000,34.07145843020336,-118.55640253905382,1425.2684,,,33.0,Palisades
2025-01-08 17:46:17.131200000,34.07400704112978,-118.59415303589158,1317.2245,,,33.0,Palisades
2025-01-08 17:46:17.131200000,34.09748567393056,-118.576825912057,546.6287,,,33.0,Palisades
2025-01-08 17:46:17.131200000,34.10003931690432,-118.6146118054029,471.8618,,,33.0,Palisades
2025-01-08 17:46:17.131200000,34.068969962321546,-118.51880459364624,622.1552,,,33.0,Palisades
2025-01-08 17:46:17.131200000,34.07911807667682,-118.66977967232299,259.8575,,,33.0,Palisades
2025-01-08 17:46:17.131200000,34.19264378683706,-118.15314315385929,319.5276,,,33.0,Eaton
2025-01-08 17:46:17.131200000,34.19012763083686,-118.11575882609391,308.56506,,,33.0,Eaton
2025-01-08 17:46:17.131200000,34.04793264602768,-118.57362735342862,522.6165,,,33.0,Palisades
2025-01-08 17:51:17.131118080,34.21371265897895,-118.09866985760715,292.37637,,,33.0,Eaton
2025-01-08 17:51:17.131118080,34.218749516791654,-118.17346752837784,329.67667,,,33.0,Eaton
2025-01-08 17:51:17.131118080,34.19012763083686,-118.11575882609391,637.83215,,,33.0,Eaton
2025-01-08 17:51:17.131118080,34.07400704112978,-118.59415303589158,578.6929,,,33.0,Palisades
2025-01-08 17:51:17.131118080,34.07145843020336,-118.55640253905382,658.1205,,,33.0,Palisades
2025-01-08 17:51:17.131118080,34.19264378683706,-118.15314315385929,1296.6534,,,33.0,Eaton
2025-01-08 18:06:17.130870016,34.19012763083686,-118.11575882609391,562.5106,,,33.0,Eaton
2025-01-08 18:06:17.130870016,34.18761682859531,-118.07841483557006,420.20978,520.2014,203404.6,30.0,Eaton
2025-01-08 18:06:17.130870016,34.15903317218513,-118.02093401365634,353.745,,,33.0,Eaton
2025-01-08 18:06:17.130870016,34.07656001637729,-118.63195172314548,280.94168,,,33.0,Palisades
2025-01-08 18:06:17.130870016,34.07911807667682,-118.66977967232299,356.5202,,,33.0,Palisades
2025-01-08 18:06:17.130870016,34.07400704112978,-118.59415303589158,441.27402,,,33.0,Palisades
2025-01-08 18:06:17.130870016,34.19264378683706,-118.15314315385929,875.65985,,,33.0,Eaton
2025-01-08 18:06:17.130870016,34.21120025001673,-118.06133069778744,945.60046,646.50085,113885.96,30.0,Eaton
2025-01-08 18:06:17.130870016,34.21371265897895,-118.09866985760715,1062.5781,753.2428,56625.74,30.0,Eaton
2025-01-08 18:06:17.130870016,34.18510935004094,-118.04111019501573,730.76794,512.5103,393601.22,30.0,Eaton
2025-01-08 18:06:17.130870016,34.218749516791654,-118.17346752837784,273.5196,,,33.0,Eaton
2025-01-08 18:06:17.130870016,34.07145843020336,-118.55640253905382,443.44604,,,33.0,Palisades
2025-01-08 18:11:17.130781056,34.18510935004094,-118.04111019501573,447.11554,,,33.0,Eaton
2025-01-08 18:16:17.132482048,34.18510935004094,-118.04111019501573,785.7474,563.60144,219930.17,30.0,Eaton
2025-01-08 18:16:17.132482048,34.218749516791654,-118.17346752837784,340.35913,,,33.0,Eaton
2025-01-08 18:16:17.132482048,34.21120025001673,-118.06133069778744,504.20306,,,33.0,Eaton
2025-01-08 18:16:17.132482048,34.19012763083686,-118.11575882609391,626.755,,,33.0,Eaton
2025-01-08 18:16:17.132482048,34.21622840368383,-118.13604847045053,265.6384,,,33.0,Eaton
2025-01-08 18:16:17.132482048,34.21371265897895,-118.09866985760715,414.38776,,,33.0,Eaton
2025-01-08 18:16:17.132482048,34.19264378683706,-118.15314315385929,880.6104,,,33.0,Eaton
2025-01-08 18:16:17.132482048,34.18761682859531,-118.07841483557006,438.03793,,,33.0,Eaton
2025-01-08 18:21:17.132379008,34.21120025001673,-118.06133069778744,685.67474,729.2355,43027.2,30.0,Eaton
2025-01-08 18:21:17.132379008,34.15903317218513,-118.02093401365634,322.23914,438.89517,585261.4,30.0,Eaton
2025-01-08 18:21:17.132379008,34.19264378683706,-118.15314315385929,642.93,,,33.0,Eaton
2025-01-08 18:21:17.132379008,34.19012763083686,-118.11575882609391,350.72443,,,33.0,Eaton
2025-01-08 18:21:17.132379008,34.18510935004094,-118.04111019501573,903.7203,521.62976,429091.56,30.0,Eaton
2025-01-08 18:21:17.132379008,34.218749516791654,-118.17346752837784,332.7305,527.3432,146327.31,30.0,Eaton
2025-01-08 18:21:17.132379008,34.21371265897895,-118.09866985760715,692.707,,,33.0,Eaton
2025-01-08 18:26:17.132278016,34.218749516791654,-118.17346752837784,538.787,609.4735,91933.16,30.0,Eaton
2025-01-08 18:26:17.132278016,34.21120025001673,-118.06133069778744,751.30927,622.7682,112544.4,30.0,Eaton
2025-01-08 18:26:17.132278016,34.18510935004094,-118.04111019501573,797.9033,569.15,209441.62,30.0,Eaton
2025-01-08 18:26:17.132278016,34.21622840368383,-118.13604847045053,404.9825,488.1184,313412.53,30.0,Eaton
2025-01-08 18:26:17.132278016,34.18761682859531,-118.07841483557006,582.7909,596.6733,113276.16,30.0,Eaton
2025-01-08 18:26:17.132278016,34.07145843020336,-118.55640253905382,241.47682,,,33.0,Palisades
2025-01-08 18:26:17.132278016,34.07400704112978,-118.59415303589158,242.0279,,,33.0,Palisades
2025-01-08 18:26:17.132278016,34.15903317218513,-118.02093401365634,284.45377,,,33.0,Eaton
2025-01-08 18:31:17.132179968,34.21622840368383,-118.13604847045053,372.94135,494.05157,263652.84,30.0,Eaton
2025-01-08 18:31:17.132179968,34.21120025001673,-118.06133069778744,401.488,,,33.0,Eaton
2025-01-08 18:31:17.132179968,34.18761682859531,-118.07841483557006,332.73447,,,33.0,Eaton
2025-01-08 18:31:17.132179968,34.21371265897895,-118.09866985760715,447.31802,,,33.0,Eaton
2025-01-08 18:31:17.132179968,34.16655282652697,-118.13286344970086,269.18207,,,33.0,Eaton
2025-01-08 18:31:17.132179968,34.218749516791654,-118.17346752837784,476.49454,534.15533,191696.44,30.0,Eaton
2025-01-08 18:31:17.132179968,34.18510935004094,-118.04111019501573,461.59357,,,33.0,Eaton
2025-01-08 18:36:17.132069888,34.18510935004094,-118.04111019501573,609.728,518.9928,300545.75,30.0,Eaton
2025-01-08 18:36:17.132069888,34.218749516791654,-118.17346752837784,448.16342,510.2579,249627.44,30.0,Eaton
2025-01-08 18:36:17.132069888,34.21622840368383,-118.13604847045053,375.07413,471.63742,379209.94,30.0,Eaton
2025-01-08 18:36:17.132069888,34.21371265897895,-118.09866985760715,960.16534,629.5803,134924.06,30.0,Eaton
2025-01-08 18:36:17.132069888,34.21120025001673,-118.06133069778744,737.1786,602.3318,135167.98,30.0,Eaton
2025-01-08 18:36:17.132069888,34.19264378683706,-118.15314315385929,1616.653,609.96796,274568.25,30.0,Eaton
2025-01-08 18:41:17.131947008,34.218749516791654,-118.17346752837784,470.72833,515.1473,244749.03,30.0,Eaton
2025-01-08 18:41:17.131947008,34.19510670130853,-118.19045388622804,254.55971,,,33.0,Eaton
2025-01-08 18:41:17.131947008,34.21120025001673,-118.06133069778744,812.1478,606.9464,142180.67,30.0,Eaton
2025-01-08 18:41:17.131947008,34.19264378683706,-118.15314315385929,1437.0667,599.2553,272129.06,30.0,Eaton
2025-01-08 18:41:17.131947008,34.18510935004094,-118.04111019501573,593.7406,499.27057,388174.0,30.0,Eaton
2025-01-08 18:41:17.131947008,34.21622840368383,-118.13604847045053,387.66522,469.54984,405919.2,30.0,Eaton
2025-01-08 18:41:17.131947008,34.18761682859531,-118.07841483557006,412.43478,535.4189,163218.78,30.0,Eaton
2025-01-08 18:46:17.133623936,34.18761682859531,-118.07841483557006,357.11804,497.34778,240297.5,30.0,Eaton
2025-01-08 18:46:17.133623936,34.218749516791654,-118.17346752837784,419.8903,529.54065,179500.44,30.0,Eaton
2025-01-08 18:46:17.133623936,34.18510935004094,-118.04111019501573,468.86295,493.11765,336341.0,30.0,Eaton
2025-01-08 18:46:17.133623936,34.21120025001673,-118.06133069778744,764.4855,663.5862,79432.26,30.0,Eaton
2025-01-08 18:46:17.133623936,34.045389075623206,-118.53591232702891,278.4823,,,33.0,Palisades
2025-01-08 18:46:17.133623936,34.09499226178677,-118.53919286962353,292.71146,,,33.0,Palisades
2025-01-08 18:51:17.133501056,34.07656001637729,-118.63195172314548,229.89987,,,33.0,Palisades
2025-01-08 18:51:17.133501056,34.218749516791654,-118.17346752837784,597.348,494.3812,419639.7,30.0,Eaton
2025-01-08 18:51:17.133501056,34.18510935004094,-118.04111019501573,535.2971,1139.997,5219.6,30.0,Eaton
2025-01-08 18:51:17.133501056,34.18761682859531,-118.07841483557006,537.13336,491.4146,395125.72,30.0,Eaton
2025-01-08 18:56:17.133373952,34.16655282652697,-118.13286344970086,282.5898,440.32352,500011.3,30.0,Eaton
2025-01-08 18:56:17.133373952,34.21120025001673,-118.06133069778744,598.8142,486.79993,472753.25,30.0,Eaton
2025-01-08 18:56:17.133373952,34.21622840368383,-118.13604847045053,347.86942,438.29086,638984.75,30.0,Eaton
2025-01-08 18:56:17.133373952,34.218749516791654,-118.17346752837784,462.41068,,,33.0,Eaton
2025-01-08 18:56:17.133373952,34.18510935004094,-118.04111019501573,563.637,509.48877,317376.22,30.0,Eaton
2025-01-08 18:56:17.133373952,34.19012763083686,-118.11575882609391,631.55634,463.89136,726795.94,30.0,Eaton
2025-01-08 18:56:17.133373952,34.19264378683706,-118.15314315385929,1001.314,529.37585,428420.78,30.0,Eaton
2025-01-08 19:01:17.133231104,34.21120025001673,-118.06133069778744,718.99805,905.6371,16622.86,30.0,Eaton
2025-01-08 19:01:17.133231104,34.21371265897895,-118.09866985760715,719.68304,,,33.0,Eaton
2025-01-08 19:01:17.133231104,34.18510935004094,-118.04111019501573,607.23444,468.50604,646546.25,30.0,Eaton
2025-01-08 19:06:17.133081984,34.07400704112978,-118.59415303589158,291.06622,,,33.0,Palisades
2025-01-08 19:06:17.133081984,34.10003931690432,-118.6146118054029,215.34386,,,33.0,Palisades
2025-01-08 19:06:17.133081984,33.38968622666411,-116.38332948622006,28.912865,,4000.0,215.0,Other
2025-01-08 19:11:17.134737024,34.07145843020336,-118.55640253905382,364.63193,,,33.0,Palisades
2025-01-08 19:11:17.134737024,34.21120025001673,-118.06133069778744,1167.0989,713.2489,82115.38,30.0,Eaton
2025-01-08 19:11:17.134737024,34.07400704112978,-118.59415303589158,363.77136,,,33.0,Palisades
2025-01-08 19:11:17.134737024,34.23730376774444,-118.08159568065504,243.63426,,,33.0,Eaton
2025-01-08 19:11:17.134737024,34.218749516791654,-118.17346752837784,294.1332,,,33.0,Eaton
2025-01-08 19:11:17.134737024,34.23982112289933,-118.11896947613783,231.69048,,,33.0,Eaton
2025-01-08 19:11:17.134737024,34.21622840368383,-118.13604847045053,251.05264,,,33.0,Eaton
2025-01-08 19:11:17.134737024,34.19264378683706,-118.15314315385929,661.8959,,,33.0,Eaton
2025-01-08 19:11:17.134737024,34.18761682859531,-118.07841483557006,556.8845,461.7488,664596.3,30.0,Eaton
2025-01-08 19:11:17.134737024,34.18510935004094,-118.04111019501573,730.77106,530.14496,309448.8,30.0,Eaton
2025-01-08 19:16:17.134587008,34.04793264602768,-118.57362735342862,570.36884,,,33.0,Palisades
2025-01-08 19:16:17.134587008,34.07911807667682,-118.66977967232299,437.7799,,,33.0,Palisades
2025-01-08 19:16:17.134587008,34.09748567393056,-118.576825912057,919.6042,,,33.0,Palisades
2025-01-08 19:16:17.134587008,34.07400704112978,-118.59415303589158,3692.836,1193.0107,31014.14,30.0,Palisades
2025-01-08 19:16:17.134587008,34.07656001637729,-118.63195172314548,1647.0402,,,33.0,Palisades
2025-01-08 19:16:17.134587008,34.09499226178677,-118.53919286962353,550.7197,,,33.0,Palisades
2025-01-08 19:16:17.134587008,34.050480566632984,-118.6113904539408,236.93164,,,33.0,Palisades
2025-01-08 19:16:17.134587008,34.07145843020336,-118.55640253905382,1777.5134,,,33.0,Palisades
2025-01-08 19:16:17.134587008,34.23982112289933,-118.11896947613783,236.71013,,,33.0,Eaton
2025-01-08 19:16:17.134587008,34.1025973383188,-118.65244600542098,585.7332,,,33.0,Palisades
2025-01-08 19:16:17.134587008,34.23730376774444,-118.08159568065504,291.24097,,,33.0,Eaton
2025-01-08 19:16:17.134587008,34.18510935004094,-118.04111019501573,724.2136,514.9824,377258.56,30.0,Eaton
2025-01-08 19:16:17.134587008,34.21120025001673,-118.06133069778744,2225.9673,784.1172,97665.28,30.0,Eaton
2025-01-08 19:16:17.134587008,34.218749516791654,-118.17346752837784,293.28387,,,33.0,Eaton
2025-01-08 19:16:17.134587008,34.10003931690432,-118.6146118054029,1274.7388,,,33.0,Palisades
2025-01-08 19:16:17.134587008,34.18761682859531,-118.07841483557006,633.76666,535.4738,250664.1,30.0,Eaton
2025-01-08 19:21:17.134420992,34.218749516791654,-118.17346752837784,309.97943,,,33.0,Eaton
2025-01-08 19:21:17.134420992,34.21371265897895,-118.09866985760715,1040.6213,1332.8796,6195.2803,30.0,Eaton
2025-01-08 19:21:17.134420992,34.21120025001673,-118.06133069778744,1101.7032,,,33.0,Eaton
2025-01-08 19:21:17.134420992,34.18510935004094,-118.04111019501573,729.0316,1203.229,5951.36,30.0,Eaton
2025-01-08 19:21:17.134420992,34.16655282652697,-118.13286344970086,236.12238,,,33.0,Eaton
2025-01-08 19:21:17.134420992,34.18761682859531,-118.07841483557006,691.96423,698.80054,54186.54,30.0,Eaton
2025-01-08 19:21:17.134420992,34.07400704112978,-118.59415303589158,824.14294,,,33.0,Palisades
2025-01-08 19:21:17.134420992,34.04793264602768,-118.57362735342862,535.62524,,,33.0,Palisades
2025-01-08 19:21:17.134420992,34.068969962321546,-118.51880459364624,881.4173,,,33.0,Palisades
2025-01-08 19:21:17.134420992,34.045389075623206,-118.53591232702891,819.91077,,,33.0,Palisades
2025-01-08 19:21:17.134420992,34.09499226178677,-118.53919286962353,669.65845,,,33.0,Palisades
2025-01-08 19:21:17.134420992,34.10003931690432,-118.6146118054029,410.4043,,,33.0,Palisades
2025-01-08 19:21:17.134420992,34.09748567393056,-118.576825912057,805.3865,,,33.0,Palisades
2025-01-08 19:21:17.134420992,34.07145843020336,-118.55640253905382,1205.4888,,,33.0,Palisades
2025-01-08 19:26:17.134246912,34.07145843020336,-118.55640253905382,1464.2776,,,33.0,Palisades
2025-01-08 19:26:17.134246912,34.09499226178677,-118.53919286962353,1257.4238,889.37585,31380.02,30.0,Palisades
2025-01-08 19:26:17.134246912,34.09748567393056,-118.576825912057,1072.585,,,33.0,Palisades
2025-01-08 19:26:17.134246912,34.045389075623206,-118.53591232702891,946.8082,1017.26843,13878.76,30.0,Palisades
2025-01-08 19:26:17.134246912,34.066429700418006,-118.48112767526477,350.8748,,,33.0,Palisades
2025-01-08 19:26:17.134246912,34.04793264602768,-118.57362735342862,517.3062,,,33.0,Palisades
2025-01-08 19:26:17.134246912,34.18510935004094,-118.04111019501573,518.1732,756.37415,27050.44,30.0,Eaton
2025-01-08 19:26:17.134246912,34.18761682859531,-118.07841483557006,356.86948,540.0885,133094.66,30.0,Eaton
2025-01-08 19:26:17.134246912,34.19264378683706,-118.15314315385929,944.0347,763.461,47112.86,30.0,Eaton
2025-01-08 19:26:17.134246912,34.218749516791654,-118.17346752837784,293.1977,,,33.0,Eaton
2025-01-08 19:26:17.134246912,34.07911807667682,-118.66977967232299,370.8569,,,33.0,Palisades
2025-01-08 19:26:17.134246912,34.07400704112978,-118.59415303589158,1531.4114,,,33.0,Palisades
2025-01-08 19:26:17.134246912,34.07656001637729,-118.63195172314548,589.0068,,,33.0,Palisades
2025-01-08 19:31:17.134073984,34.07400704112978,-118.59415303589158,1835.4663,1115.4402,19305.98,30.0,Palisades
2025-01-08 19:31:17.134073984,34.21622840368383,-118.13604847045053,310.24713,533.44116,126020.98,30.0,Eaton
2025-01-08 19:31:17.134073984,34.07145843020336,-118.55640253905382,1505.0074,918.2176,32843.54,30.0,Palisades
2025-01-08 19:31:17.134073984,34.21371265897895,-118.09866985760715,816.1575,728.79596,51381.46,30.0,Eaton
2025-01-08 19:31:17.134073984,34.18510935004094,-118.04111019501573,693.95935,838.7792,22294.0,30.0,Eaton
2025-01-08 19:31:17.134073984,34.218749516791654,-118.17346752837784,336.65076,710.8866,24123.4,30.0,Eaton
2025-01-08 19:31:17.134073984,34.21120025001673,-118.06133069778744,893.3087,714.34766,62357.86,30.0,Eaton
2025-01-08 19:31:17.134073984,34.04793264602768,-118.57362735342862,838.23956,,,33.0,Palisades
2025-01-08 19:31:17.134073984,34.066429700418006,-118.48112767526477,244.7686,,,33.0,Palisades
2025-01-08 19:31:17.134073984,34.07911807667682,-118.66977967232299,672.0147,773.2947,31501.98,30.0,Palisades
2025-01-08 19:31:17.134073984,34.050480566632984,-118.6113904539408,267.57846,,,33.0,Palisades
2025-01-08 19:31:17.134073984,34.09748567393056,-118.576825912057,1110.9642,1085.7195,12842.1,30.0,Palisades
2025-01-08 19:31:17.134073984,34.045389075623206,-118.53591232702891,1118.1917,840.09766,35709.6,30.0,Palisades
2025-01-08 19:31:17.134073984,34.1025973383188,-118.65244600542098,513.8135,,,33.0,Palisades
2025-01-08 19:31:17.134073984,34.09499226178677,-118.53919286962353,1116.6832,915.03125,24733.2,30.0,Palisades
2025-01-08 19:31:17.134073984,34.092446994292104,-118.50148076618906,229.46721,,,33.0,Palisades
2025-01-08 19:31:17.134073984,34.10516045887566,-118.69030956983735,395.58493,779.22784,17903.44,30.0,Palisades
2025-01-08 19:31:17.134073984,34.068969962321546,-118.51880459364624,1047.7437,988.3717,17110.7,30.0,Palisades
2025-01-08 19:36:17.133897984,34.045389075623206,-118.53591232702891,1153.0166,751.32,62235.9,30.0,Palisades
2025-01-08 19:36:17.133897984,34.21120025001673,-118.06133069778744,922.8875,632.60187,126081.96,30.0,Eaton
2025-01-08 19:36:17.133897984,34.18510935004094,-118.04111019501573,608.13104,491.74423,445617.16,30.0,Eaton
2025-01-08 19:36:17.133897984,34.218749516791654,-118.17346752837784,311.17908,899.0996,7414.88,30.0,Eaton
2025-01-08 19:36:17.133897984,34.21622840368383,-118.13604847045053,270.5296,492.7331,195416.22,30.0,Eaton
2025-01-08 19:36:17.133897984,34.10516045887566,-118.69030956983735,377.1518,,,33.0,Palisades
2025-01-08 19:36:17.133897984,34.09499226178677,-118.53919286962353,1325.1084,856.30396,38880.56,30.0,Palisades
2025-01-08 19:36:17.133897984,34.10003931690432,-118.6146118054029,744.90533,,,33.0,Palisades
2025-01-08 19:36:17.133897984,34.09748567393056,-118.576825912057,1135.3862,895.4189,27538.28,30.0,Palisades
2025-01-08 19:36:17.133897984,34.07911807667682,-118.66977967232299,843.819,882.6736,21745.18,30.0,Palisades
2025-01-08 19:36:17.133897984,34.07400704112978,-118.59415303589158,1883.6298,764.1752,93579.62,30.0,Palisades
2025-01-08 19:36:17.133897984,34.042905560281234,-118.4983495521721,240.17534,760.879,12171.32,30.0,Palisades
2025-01-08 19:36:17.133897984,34.068969962321546,-118.51880459364624,883.1077,754.50635,46686.0,30.0,Palisades
2025-01-08 19:36:17.133897984,34.053033558195125,-118.64918271388292,223.94891,560.5799,64980.0,30.0,Palisades
2025-01-08 19:36:17.133897984,34.092446994292104,-118.50148076618906,237.15398,,,33.0,Palisades
2025-01-08 19:36:17.133897984,34.07145843020336,-118.55640253905382,1496.3505,758.297,77176.0,30.0,Palisades
2025-01-08 19:36:17.133897984,34.050480566632984,-118.6113904539408,263.35226,836.2521,8573.5,30.0,Palisades
2025-01-08 19:36:17.133897984,34.1025973383188,-118.65244600542098,519.9069,,,33.0,Palisades
2025-01-08 19:36:17.133897984,34.07656001637729,-118.63195172314548,1206.3068,858.2268,35038.82,30.0,Palisades
2025-01-08 19:41:17.135507968,34.18510935004094,-118.04111019501573,673.48956,527.67285,295362.44,30.0,Eaton
2025-01-08 19:41:17.135507968,34.218749516791654,-118.17346752837784,324.16232,1508.567,4000.0,30.0,Eaton
2025-01-08 19:41:17.135507968,34.21622840368383,-118.13604847045053,279.85977,505.42346,167182.48,30.0,Eaton
2025-01-08 19:41:17.135507968,34.21120025001673,-118.06133069778744,957.96893,623.7571,142241.66,30.0,Eaton
2025-01-08 19:41:17.135507968,34.1025973383188,-118.65244600542098,463.44055,,,33.0,Palisades
2025-01-08 19:41:17.135507968,34.07656001637729,-118.63195172314548,863.1877,769.2843,41502.7,30.0,Palisades
2025-01-08 19:41:17.135507968,34.10003931690432,-118.6146118054029,799.25354,,,33.0,Palisades
2025-01-08 19:41:17.135507968,34.045389075623206,-118.53591232702891,1063.4426,714.1828,74309.94,30.0,Palisades
2025-01-08 19:41:17.135507968,34.10516045887566,-118.69030956983735,410.55637,802.46606,16135.02,30.0,Palisades
2025-01-08 19:41:17.135507968,34.09499226178677,-118.53919286962353,1038.5858,877.125,27477.3,30.0,Palisades
2025-01-08 19:41:17.135507968,34.07911807667682,-118.66977967232299,733.52997,681.11096,65955.68,30.0,Palisades
2025-01-08 19:41:17.135507968,34.07400704112978,-118.59415303589158,1552.8295,758.40686,80042.06,30.0,Palisades
2025-01-08 19:41:17.135507968,34.07145843020336,-118.55640253905382,1533.7355,831.1979,51381.46,30.0,Palisades
2025-01-08 19:41:17.135507968,34.09748567393056,-118.576825912057,1046.4792,1053.7463,13451.9,30.0,Palisades
2025-01-08 19:41:17.135507968,34.068969962321546,-118.51880459364624,1146.2482,770.0534,54857.32,30.0,Palisades
2025-01-08 19:46:17.135308928,34.042905560281234,-118.4983495521721,254.9107,1093.2458,4000.0,30.0,Palisades
2025-01-08 19:46:17.135308928,34.18510935004094,-118.04111019501573,610.27704,514.7627,319205.62,30.0,Eaton
2025-01-08 19:46:17.135308928,34.21120025001673,-118.06133069778744,928.6626,627.7125,132789.75,30.0,Eaton
2025-01-08 19:46:17.135308928,34.053033558195125,-118.64918271388292,206.08116,940.6867,4060.98,30.0,Palisades
2025-01-08 19:46:17.135308928,34.068969962321546,-118.51880459364624,1053.8679,861.4131,30160.42,30.0,Palisades
2025-01-08 19:46:17.135308928,34.1025973383188,-118.65244600542098,499.18732,,,33.0,Palisades
2025-01-08 19:46:17.135308928,34.09748567393056,-118.576825912057,1208.0857,1422.6461,5951.36,30.0,Palisades
2025-01-08 19:46:17.135308928,34.045389075623206,-118.53591232702891,1008.668,768.5701,48698.34,30.0,Palisades
2025-01-08 19:46:17.135308928,34.218749516791654,-118.17346752837784,302.3304,1769.3514,4000.0,30.0,Eaton
2025-01-08 19:46:17.135308928,34.07656001637729,-118.63195172314548,949.2777,902.7804,22233.02,30.0,Palisades
2025-01-08 19:46:17.135308928,34.07145843020336,-118.55640253905382,1309.2487,875.9713,34855.88,30.0,Palisades
2025-01-08 19:46:17.135308928,34.07911807667682,-118.66977967232299,836.9468,721.0499,55650.06,30.0,Palisades
2025-01-08 19:46:17.135308928,34.092446994292104,-118.50148076618906,220.75691,,,33.0,Palisades
2025-01-08 19:46:17.135308928,34.09499226178677,-118.53919286962353,1503.7034,983.1528,25038.1,30.0,Palisades
2025-01-08 19:46:17.135308928,34.07400704112978,-118.59415303589158,1113.4927,1281.0193,7475.86,30.0,Palisades
2025-01-08 19:46:17.135308928,34.10516045887566,-118.69030956983735,421.8344,735.11365,25403.98,30.0,Palisades
2025-01-08 19:46:17.135308928,34.10003931690432,-118.6146118054029,513.76215,,,33.0,Palisades
2025-01-08 19:51:17.135110912,34.23730376774444,-118.08159568065504,281.7791,,,33.0,Eaton
2025-01-08 19:51:17.135110912,34.218749516791654,-118.17346752837784,301.74173,,,33.0,Eaton
2025-01-08 19:51:17.135110912,34.21120025001673,-118.06133069778744,934.77264,645.1824,113885.96,30.0,Eaton
2025-01-08 19:51:17.135110912,34.18510935004094,-118.04111019501573,655.30225,522.94824,306094.9,30.0,Eaton
2025-01-08 19:51:17.135110912,34.07656001637729,-118.63195172314548,1041.189,792.7972,43393.08,30.0,Palisades
2025-01-08 19:51:17.135110912,34.045389075623206,-118.53591232702891,977.55414,778.4038,44429.74,30.0,Palisades
2025-01-08 19:51:17.135110912,34.053033558195125,-118.64918271388292,216.71739,1755.3425,4000.0,30.0,Palisades
2025-01-08 19:51:17.135110912,34.18761682859531,-118.07841483557006,419.48083,479.32855,374209.56,30.0,Eaton
2025-01-08 19:51:17.135110912,34.07145843020336,-118.55640253905382,1425.1445,790.1053,60345.52,30.0,Palisades
2025-01-08 19:51:17.135110912,34.07400704112978,-118.59415303589158,1152.9923,699.18506,90103.76,30.0,Palisades
2025-01-08 19:51:17.135110912,34.07911807667682,-118.66977967232299,807.70337,682.26465,71992.7,30.0,Palisades
2025-01-08 19:51:17.135110912,34.092446994292104,-118.50148076618906,306.64655,,,33.0,Palisades
2025-01-08 19:51:17.135110912,34.10516045887566,-118.69030956983735,525.7906,744.89246,29611.6,30.0,Palisades
2025-01-08 19:51:17.135110912,34.09499226178677,-118.53919286962353,1828.9323,835.5929,59857.68,30.0,Palisades
2025-01-08 19:51:17.135110912,34.1025973383188,-118.65244600542098,688.4984,1364.5232,4000.0,30.0,Palisades
2025-01-08 19:51:17.135110912,34.09748567393056,-118.576825912057,1291.2914,819.66125,46076.2,30.0,Palisades
2025-01-08 19:51:17.135110912,34.10003931690432,-118.6146118054029,650.7798,1118.9562,6744.1,30.0,Palisades
2025-01-08 19:51:17.135110912,34.068969962321546,-118.51880459364624,1347.5193,899.0996,32111.78,30.0,Palisades
2025-01-08 19:56:17.134904064,34.18761682859531,-118.07841483557006,384.5181,471.4726,390247.3,30.0,Eaton
2025-01-08 19:56:17.134904064,34.21120025001673,-118.06133069778744,821.6718,649.0829,96750.58,30.0,Eaton
2025-01-08 19:56:17.134904064,34.218749516791654,-118.17346752837784,310.79343,,,33.0,Eaton
2025-01-08 19:56:17.134904064,34.18510935004094,-118.04111019501573,538.9419,506.90677,315180.94,30.0,Eaton
2025-01-08 19:56:17.134904064,34.07911807667682,-118.66977967232299,735.01654,660.8393,78151.68,30.0,Palisades
2025-01-08 19:56:17.134904064,34.10003931690432,-118.6146118054029,622.2104,2605.4875,4000.0,30.0,Palisades
2025-01-08 19:56:17.134904064,34.09748567393056,-118.576825912057,1073.2169,789.9954,45466.4,30.0,Palisades
2025-01-08 19:56:17.134904064,34.09499226178677,-118.53919286962353,1354.7029,800.65314,53881.64,30.0,Palisades
2025-01-08 19:56:17.134904064,34.092446994292104,-118.50148076618906,219.29204,,,33.0,Palisades
2025-01-08 19:56:17.134904064,34.07656001637729,-118.63195172314548,920.63727,866.19257,25708.879,30.0,Palisades
2025-01-08 19:56:17.134904064,34.07400704112978,-118.59415303589158,1162.4983,739.7284,67846.06,30.0,Palisades
2025-01-08 19:56:17.134904064,34.068969962321546,-118.51880459364624,1368.6821,877.39966,36136.46,30.0,Palisades
2025-01-08 19:56:17.134904064,34.10516045887566,-118.69030956983735,422.2167,,,33.0,Palisades
2025-01-08 19:56:17.134904064,34.1025973383188,-118.65244600542098,503.96234,,,33.0,Palisades
2025-01-08 19:56:17.134904064,34.045389075623206,-118.53591232702891,818.59955,706.8762,60345.52,30.0,Palisades
2025-01-08 19:56:17.134904064,34.07145843020336,-118.55640253905382,1418.9003,774.5582,66016.66,30.0,Palisades
2025-01-08 20:01:17.134680960,34.18761682859531,-118.07841483557006,337.21234,475.0435,322620.5,30.0,Eaton
2025-01-08 20:01:17.134680960,34.18510935004094,-118.04111019501573,540.1475,517.78424,270848.47,30.0,Eaton
2025-01-08 20:01:17.134680960,34.218749516791654,-118.17346752837784,309.7504,,,33.0,Eaton
2025-01-08 20:01:17.134680960,34.21120025001673,-118.06133069778744,701.41394,639.7986,89737.88,30.0,Eaton
2025-01-08 20:01:17.134680960,34.10516045887566,-118.69030956983735,414.8392,845.48145,12903.08,30.0,Palisades
2025-01-08 20:01:17.134680960,34.1025973383188,-118.65244600542098,512.7799,,,33.0,Palisades
2025-01-08 20:01:17.134680960,34.09748567393056,-118.576825912057,821.8959,,,33.0,Palisades
2025-01-08 20:01:17.134680960,34.07911807667682,-118.66977967232299,618.77386,686.11017,53515.758,30.0,Palisades
2025-01-08 20:01:17.134680960,34.045389075623206,-118.53591232702891,863.0499,950.6852,16378.939,30.0,Palisades
2025-01-08 20:01:17.134680960,34.10003931690432,-118.6146118054029,441.1192,,,33.0,Palisades
2025-01-08 20:01:17.134680960,34.092446994292104,-118.50148076618906,211.60162,,,33.0,Palisades
2025-01-08 20:01:17.134680960,34.09499226178677,-118.53919286962353,1041.5533,,,33.0,Palisades
2025-01-08 20:06:17.136258048,34.18510935004094,-118.04111019501573,552.5551,499.38043,360915.94,30.0,Eaton
2025-01-08 20:06:17.136258048,34.218749516791654,-118.17346752837784,232.2328,,,33.0,Eaton
2025-01-08 20:06:17.136258048,34.21120025001673,-118.06133069778744,1022.70294,693.41675,83517.92,30.0,Eaton
2025-01-08 20:06:17.136258048,34.07145843020336,-118.55640253905382,727.735,,,33.0,Palisades
2025-01-08 20:06:17.136258048,34.09748567393056,-118.576825912057,538.1136,,,33.0,Palisades
2025-01-08 20:06:17.136258048,34.10003931690432,-118.6146118054029,234.53465,,,33.0,Palisades
2025-01-08 20:06:17.136258048,34.09499226178677,-118.53919286962353,608.53125,,,33.0,Palisades
2025-01-08 20:06:17.136258048,34.07400704112978,-118.59415303589158,844.6617,,,33.0,Palisades
2025-01-08 20:11:17.136034944,34.18510935004094,-118.04111019501573,661.35675,552.0647,212551.6,30.0,Eaton
2025-01-08 20:11:17.136034944,34.18761682859531,-118.07841483557006,346.64908,504.7093,209380.64,30.0,Eaton
2025-01-08 20:11:17.136034944,34.21120025001673,-118.06133069778744,815.55206,652.9284,92786.88,30.0,Eaton
2025-01-08 20:11:17.136034944,34.07911807667682,-118.66977967232299,470.64914,587.0044,101385.06,30.0,Palisades
2025-01-08 20:11:17.136034944,34.1025973383188,-118.65244600542098,304.53482,,,33.0,Palisades
2025-01-08 20:11:17.136034944,34.07400704112978,-118.59415303589158,728.1323,740.33264,42295.44,30.0,Palisades
2025-01-08 20:11:17.136034944,34.068969962321546,-118.51880459364624,940.00995,768.7349,45344.44,30.0,Palisades
2025-01-08 20:11:17.136034944,34.04793264602768,-118.57362735342862,434.62918,,,33.0,Palisades
2025-01-08 20:11:17.136034944,34.045389075623206,-118.53591232702891,920.5421,710.99646,65833.72,30.0,Palisades
2025-01-08 20:11:17.136034944,34.09499226178677,-118.53919286962353,1014.8019,796.80756,41258.78,30.0,Palisades
2025-01-08 20:11:17.136034944,34.10003931690432,-118.6146118054029,430.91754,1126.3176,4365.88,30.0,Palisades
2025-01-08 20:11:17.136034944,34.10516045887566,-118.69030956983735,273.23965,685.7805,23696.54,30.0,Palisades
2025-01-08 20:11:17.136034944,34.07656001637729,-118.63195172314548,606.211,732.80634,37112.14,30.0,Palisades
2025-01-08 20:11:17.136034944,34.07145843020336,-118.55640253905382,1092.6426,904.1538,25464.959,30.0,Palisades
2025-01-08 20:11:17.136034944,34.09748567393056,-118.576825912057,916.96454,1010.40137,13756.8,30.0,Palisades
2025-01-08 20:16:17.135801984,34.07400704112978,-118.59415303589158,667.20557,662.6522,69858.4,30.0,Palisades
2025-01-08 20:16:17.135801984,34.09748567393056,-118.576825912057,793.25024,789.7207,33636.28,30.0,Palisades
2025-01-08 20:16:17.135801984,34.1025973383188,-118.65244600542098,249.71585,,,33.0,Palisades
2025-01-08 20:16:17.135801984,34.10003931690432,-118.6146118054029,342.89215,943.9829,6683.12,30.0,Palisades
2025-01-08 20:16:17.135801984,34.09499226178677,-118.53919286962353,886.0491,773.4595,41502.7,30.0,Palisades
2025-01-08 20:16:17.135801984,34.07911807667682,-118.66977967232299,381.7251,557.06396,115532.42,30.0,Palisades
2025-01-08 20:16:17.135801984,34.07145843020336,-118.55640253905382,1062.9866,787.8529,45588.36,30.0,Palisades
2025-01-08 20:16:17.135801984,34.23730376774444,-118.08159568065504,370.57574,,,33.0,Eaton
2025-01-08 20:16:17.135801984,34.19012763083686,-118.11575882609391,391.4763,560.52496,113703.016,30.0,Eaton
2025-01-08 20:16:17.135801984,34.21120025001673,-118.06133069778744,1337.0034,687.15393,114678.695,30.0,Eaton
2025-01-08 20:16:17.135801984,34.068969962321546,-118.51880459364624,918.2051,791.9182,38453.7,30.0,Palisades
2025-01-08 20:16:17.135801984,34.18510935004094,-118.04111019501573,571.1791,535.36395,226272.1,30.0,Eaton
2025-01-08 20:16:17.135801984,34.045389075623206,-118.53591232702891,788.5129,693.0322,64553.14,30.0,Palisades
2025-01-08 20:16:17.135801984,34.07656001637729,-118.63195172314548,507.62146,640.7874,64370.2,30.0,Palisades
2025-01-08 20:16:17.135801984,34.23982112289933,-118.11896947613783,262.05328,,,33.0,Eaton
2025-01-08 20:16:17.135801984,34.18761682859531,-118.07841483557006,299.84677,472.24173,300484.75,30.0,Eaton
2025-01-08 20:21:17.135556992,34.23982112289933,-118.11896947613783,290.06793,,,33.0,Eaton
2025-01-08 20:21:17.135556992,34.18260578240755,-118.00383530679609,329.16492,539.26447,124008.64,30.0,Eaton
2025-01-08 20:21:17.135556992,34.21120025001673,-118.06133069778744,1215.9872,669.79395,119922.98,30.0,Eaton
2025-01-08 20:21:17.135556992,34.07656001637729,-118.63195172314548,493.51025,630.95374,68455.86,30.0,Palisades
2025-01-08 20:21:17.135556992,34.07145843020336,-118.55640253905382,953.3335,745.99115,53332.82,30.0,Palisades
2025-01-08 20:21:17.135556992,34.07400704112978,-118.59415303589158,643.72394,660.3998,68699.78,30.0,Palisades
2025-01-08 20:21:17.135556992,34.07911807667682,-118.66977967232299,378.71738,533.05664,154681.58,30.0,Palisades
2025-01-08 20:21:17.135556992,34.23730376774444,-118.08159568065504,412.5833,,,33.0,Eaton
2025-01-08 20:21:17.135556992,34.09748567393056,-118.576825912057,923.7218,886.7938,23330.66,30.0,Palisades
2025-01-08 20:21:17.135556992,34.18510935004094,-118.04111019501573,924.859,557.06396,279812.53,30.0,Eaton
2025-01-08 20:21:17.135556992,34.10003931690432,-118.6146118054029,288.09976,1686.6168,4000.0,30.0,Palisades
2025-01-08 20:21:17.135556992,34.068969962321546,-118.51880459364624,691.60974,889.92523,17232.66,30.0,Palisades
2025-01-08 20:21:17.135556992,34.045389075623206,-118.53591232702891,1009.906,816.5848,36685.28,30.0,Palisades
2025-01-08 20:21:17.135556992,34.09499226178677,-118.53919286962353,1287.2505,869.9832,35282.742,30.0,Palisades
2025-01-08 20:21:17.135556992,34.092446994292104,-118.50148076618906,232.8473,,,33.0,Palisades
2025-01-08 20:26:17.135313024,34.20869176424333,-118.02402138623744,241.14517,581.18115,55345.16,30.0,Eaton
2025-01-08 20:26:17.135313024,34.18260578240755,-118.00383530679609,289.83932,539.0997,109434.42,30.0,Eaton
2025-01-08 20:26:17.135313024,34.21120025001673,-118.06133069778744,1243.6906,685.396,108092.86,30.0,Eaton
2025-01-08 20:26:17.135313024,34.18510935004094,-118.04111019501573,831.0409,545.58215,289142.47,30.0,Eaton
2025-01-08 20:26:17.135313024,34.23730376774444,-118.08159568065504,454.88736,,,33.0,Eaton
2025-01-08 20:26:17.135313024,34.23982112289933,-118.11896947613783,363.36093,,,33.0,Eaton
2025-01-08 20:26:17.135313024,34.07145843020336,-118.55640253905382,1061.6833,820.75995,37660.96,30.0,Palisades
2025-01-08 20:26:17.135313024,34.10003931690432,-118.6146118054029,346.89957,976.011,5951.36,30.0,Palisades
2025-01-08 20:26:17.135313024,34.10516045887566,-118.69030956983735,213.78123,649.1378,25160.06,30.0,Palisades
2025-01-08 20:26:17.135313024,34.07911807667682,-118.66977967232299,347.34372,546.57104,119435.14,30.0,Palisades
2025-01-08 20:26:17.135313024,34.07656001637729,-118.63195172314548,416.42938,610.73706,70224.28,30.0,Palisades
2025-01-08 20:26:17.135313024,34.07400704112978,-118.59415303589158,555.80615,654.8512,62235.9,30.0,Palisades
2025-01-08 20:26:17.135313024,34.1025973383188,-118.65244600542098,253.94516,,,33.0,Palisades
2025-01-08 20:26:17.135313024,34.09499226178677,-118.53919286962353,1427.6598,814.0577,52601.06,30.0,Palisades
2025-01-08 20:26:17.135313024,34.09748567393056,-118.576825912057,1174.7961,900.8027,27782.2,30.0,Palisades
2025-01-08 20:26:17.135313024,34.045389075623206,-118.53591232702891,966.81915,778.5137,43880.918,30.0,Palisades
2025-01-08 20:26:17.135313024,34.068969962321546,-118.51880459364624,893.20966,849.21716,27172.4,30.0,Palisades
2025-01-08 20:26:17.135313024,34.092446994292104,-118.50148076618906,230.44711,,,33.0,Palisades
2025-01-08 20:31:17.135074944,34.09748567393056,-118.576825912057,1258.4655,867.12646,34977.84,30.0,Palisades
2025-01-08 20:31:17.135074944,34.092446994292104,-118.50148076618906,242.14732,,,33.0,Palisades
2025-01-08 20:31:17.135074944,34.045389075623206,-118.53591232702891,749.36957,683.2535,66260.58,30.0,Palisades
2025-01-08 20:31:17.135074944,34.09499226178677,-118.53919286962353,1677.524,768.4602,81078.72,30.0,Palisades
2025-01-08 20:31:17.135074944,34.068969962321546,-118.51880459364624,1265.7599,829.43994,42783.28,30.0,Palisades
2025-01-08 20:31:17.135074944,34.07911807667682,-118.66977967232299,347.84366,567.1174,93518.64,30.0,Palisades
2025-01-08 20:31:17.135074944,34.07656001637729,-118.63195172314548,455.00916,702.70105,34611.96,30.0,Palisades
2025-01-08 20:31:17.135074944,34.07400704112978,-118.59415303589158,671.76715,734.78406,40527.02,30.0,Palisades
2025-01-08 20:31:17.135074944,34.07145843020336,-118.55640253905382,1260.6158,848.61285,38514.68,30.0,Palisades
2025-01-08 20:31:17.135074944,34.12108630986287,-118.55974309543153,256.40204,,,33.0,Palisades
2025-01-08 20:31:17.135074944,34.10003931690432,-118.6146118054029,297.09354,,,33.0,Palisades
2025-01-08 20:31:17.135074944,34.23982112289933,-118.11896947613783,239.46321,,,33.0,Eaton
2025-01-08 20:31:17.135074944,34.20869176424333,-118.02402138623744,227.30632,579.1485,53332.82,30.0,Eaton
2025-01-08 20:31:17.135074944,34.18510935004094,-118.04111019501573,803.60016,528.99133,346036.8,30.0,Eaton
2025-01-08 20:31:17.135074944,34.18260578240755,-118.00383530679609,293.81934,494.05157,207856.14,30.0,Eaton
2025-01-08 20:31:17.135074944,34.23730376774444,-118.08159568065504,248.02211,,,33.0,Eaton
2025-01-08 20:31:17.135074944,34.218749516791654,-118.17346752837784,221.09436,,,33.0,Eaton
2025-01-08 20:31:17.135074944,34.21120025001673,-118.06133069778744,1281.3907,705.77747,95226.08,30.0,Eaton
2025-01-08 20:36:17.136630016,34.23982112289933,-118.11896947613783,329.87094,,,33.0,Eaton
2025-01-08 20:36:17.136630016,34.23730376774444,-118.08159568065504,342.74213,,,33.0,Eaton
2025-01-08 20:36:17.136630016,34.21120025001673,-118.06133069778744,998.42145,650.40137,116203.195,30.0,Eaton
2025-01-08 20:36:17.136630016,34.18510935004094,-118.04111019501573,625.18494,498.4465,413846.56,30.0,Eaton
2025-01-08 20:36:17.136630016,34.07656001637729,-118.63195172314548,388.2515,675.1228,36685.28,30.0,Palisades
2025-01-08 20:36:17.136630016,34.07911807667682,-118.66977967232299,314.3613,560.9095,90896.5,30.0,Palisades
2025-01-08 20:36:17.136630016,34.092446994292104,-118.50148076618906,221.13698,,,33.0,Palisades
2025-01-08 20:36:17.136630016,34.1025973383188,-118.65244600542098,237.54103,,,33.0,Palisades
2025-01-08 20:36:17.136630016,34.10003931690432,-118.6146118054029,403.83704,1361.8313,4000.0,30.0,Palisades
2025-01-08 20:36:17.136630016,34.09499226178677,-118.53919286962353,1638.1599,803.61975,64065.3,30.0,Palisades
2025-01-08 20:36:17.136630016,34.045389075623206,-118.53591232702891,821.7631,773.07495,38575.66,30.0,Palisades
2025-01-08 20:36:17.136630016,34.068969962321546,-118.51880459364624,1269.0839,864.05005,35831.562,30.0,Palisades
2025-01-08 20:36:17.136630016,34.09748567393056,-118.576825912057,1479.7572,861.90753,42234.46,30.0,Palisades
2025-01-08 20:36:17.136630016,34.07145843020336,-118.55640253905382,1345.5681,892.06775,33148.438,30.0,Palisades
2025-01-08 20:36:17.136630016,34.33848723390952,-118.48105238781923,112.967606,696.93274,9000.359,30.0,Other
2025-01-08 20:36:17.136630016,34.07400704112978,-118.59415303589158,604.70807,742.4203,34672.938,30.0,Palisades
2025-01-08 20:41:17.136372992,34.33848723390952,-118.48105238781923,94.44774,502.7865,58699.06,30.0,Other
2025-01-08 20:41:17.136372992,34.23730376774444,-118.08159568065504,236.15558,,,33.0,Eaton
2025-01-08 20:41:17.136372992,34.21120025001673,-118.06133069778744,918.79315,638.8646,118520.44,30.0,Eaton
2025-01-08 20:41:17.136372992,34.18510935004094,-118.04111019501573,620.3119,494.93057,432994.28,30.0,Eaton
2025-01-08 20:41:17.136372992,34.07145843020336,-118.55640253905382,1182.9634,818.67236,42478.38,30.0,Palisades
2025-01-08 20:41:17.136372992,34.068969962321546,-118.51880459364624,819.6096,816.7496,29733.56,30.0,Palisades
2025-01-08 20:41:17.136372992,34.045389075623206,-118.53591232702891,716.54614,775.32733,33209.42,30.0,Palisades
2025-01-08 20:41:17.136372992,34.07656001637729,-118.63195172314548,512.9636,1082.4783,6012.34,30.0,Palisades
2025-01-08 20:41:17.136372992,34.07400704112978,-118.59415303589158,775.3955,923.3267,16561.879,30.0,Palisades
2025-01-08 20:41:17.136372992,34.092446994292104,-118.50148076618906,251.30685,,,33.0,Palisades
2025-01-08 20:41:17.136372992,34.10003931690432,-118.6146118054029,315.44955,,,33.0,Palisades
2025-01-08 20:41:17.136372992,34.09499226178677,-118.53919286962353,1935.443,967.9353,34246.08,30.0,Palisades
2025-01-08 20:41:17.136372992,34.07911807667682,-118.66977967232299,352.65082,575.35785,86323.0,30.0,Palisades
2025-01-08 20:46:17.136119040,34.18510935004094,-118.04111019501573,500.52765,468.67084,532574.6,30.0,Eaton
2025-01-08 20:46:17.136119040,34.21120025001673,-118.06133069778744,791.2976,593.5419,158950.17,30.0,Eaton
2025-01-08 20:46:17.136119040,34.23982112289933,-118.11896947613783,305.51474,,,33.0,Eaton
2025-01-08 20:46:17.136119040,34.09748567393056,-118.576825912057,1356.163,,,33.0,Palisades
2025-01-08 20:46:17.136119040,34.10003931690432,-118.6146118054029,390.1351,,,33.0,Palisades
2025-01-08 20:46:17.136119040,34.07911807667682,-118.66977967232299,246.99657,762.19745,12415.24,30.0,Palisades
2025-01-08 20:46:17.136119040,34.07656001637729,-118.63195172314548,321.24094,,,33.0,Palisades
2025-01-08 20:46:17.136119040,34.04793264602768,-118.57362735342862,399.6481,,,33.0,Palisades
2025-01-08 20:46:17.136119040,34.045389075623206,-118.53591232702891,781.502,1093.6853,8817.42,30.0,Palisades
2025-01-08 20:46:17.136119040,34.33848723390952,-118.48105238781923,55.38699,532.0128,22964.78,30.0,Other
2025-01-08 20:46:17.136119040,34.23730376774444,-118.08159568065504,357.11084,,,33.0,Eaton
2025-01-08 20:51:17.135867008,34.07911807667682,-118.66977967232299,319.8492,559.75586,93701.58,30.0,Palisades
2025-01-08 20:51:17.135867008,34.10003931690432,-118.6146118054029,346.49094,,,33.0,Palisades
2025-01-08 20:51:17.135867008,34.07656001637729,-118.63195172314548,509.29495,1001.99603,7902.7197,30.0,Palisades
2025-01-08 20:51:17.135867008,34.09748567393056,-118.576825912057,1232.5123,,,33.0,Palisades
2025-01-08 20:51:17.135867008,34.18510935004094,-118.04111019501573,406.20114,451.31085,586907.8,30.0,Eaton
2025-01-08 20:51:17.135867008,34.045389075623206,-118.53591232702891,314.66833,,,33.0,Palisades
2025-01-08 20:51:17.135867008,34.21120025001673,-118.06133069778744,1085.6493,687.7583,92664.92,30.0,Eaton
2025-01-08 20:51:17.135867008,33.347627318341345,-116.48858293960791,21.034807,,4000.0,215.0,Other
2025-01-08 20:51:17.135867008,34.068969962321546,-118.51880459364624,771.73224,,,33.0,Palisades
2025-01-08 20:56:17.135602048,34.21120025001673,-118.06133069778744,823.05634,679.07825,75224.64,30.0,Eaton
2025-01-08 20:56:17.135602048,34.10003931690432,-118.6146118054029,423.77573,,,33.0,Palisades
2025-01-08 20:56:17.135602048,34.12108630986287,-118.55974309543153,220.18808,,,33.0,Palisades
2025-01-08 20:56:17.135602048,34.1235847076586,-118.59741155618087,239.5702,,,33.0,Palisades
2025-01-08 20:56:17.135602048,34.09748567393056,-118.576825912057,1965.4609,2319.1025,4000.0,30.0,Palisades
2025-01-08 20:56:17.135602048,34.07656001637729,-118.63195172314548,429.17252,,,33.0,Palisades
2025-01-08 20:56:17.135602048,34.07911807667682,-118.66977967232299,263.45135,567.28217,70712.12,30.0,Palisades
2025-01-08 20:56:17.135602048,34.18510935004094,-118.04111019501573,349.4579,446.1468,555930.0,30.0,Eaton
2025-01-08 21:01:17.135334912,34.092446994292104,-118.50148076618906,230.49364,,,33.0,Palisades
2025-01-08 21:01:17.135334912,34.21120025001673,-118.06133069778744,789.50006,678.0345,72785.44,30.0,Eaton
2025-01-08 21:01:17.135334912,34.18510935004094,-118.04111019501573,305.2981,439.9939,546356.1,30.0,Eaton
2025-01-08 21:01:17.135334912,34.068969962321546,-118.51880459364624,1672.1,1273.3282,11439.561,30.0,Palisades
2025-01-08 21:01:17.135334912,34.07145843020336,-118.55640253905382,1696.8077,899.42926,40344.08,30.0,Palisades
2025-01-08 21:01:17.135334912,34.07400704112978,-118.59415303589158,929.53156,1061.2178,11622.5,30.0,Palisades
2025-01-08 21:01:17.135334912,34.07656001637729,-118.63195172314548,361.38803,946.2902,6988.02,30.0,Palisades
2025-01-08 21:01:17.135334912,34.09748567393056,-118.576825912057,2334.456,831.4726,78090.7,30.0,Palisades
2025-01-08 21:01:17.135334912,34.10003931690432,-118.6146118054029,514.1368,,,33.0,Palisades
2025-01-08 21:01:17.135334912,34.12108630986287,-118.55974309543153,362.19434,,,33.0,Palisades
2025-01-08 21:01:17.135334912,34.1235847076586,-118.59741155618087,436.20273,,,33.0,Palisades
2025-01-08 21:01:17.135334912,34.09499226178677,-118.53919286962353,2220.7285,809.3331,84005.76,30.0,Palisades
2025-01-08 21:06:17.136876928,34.068969962321546,-118.51880459364624,1447.0425,964.9687,25891.82,30.0,Palisades
2025-01-08 21:06:17.136876928,34.18510935004094,-118.04111019501573,275.64902,428.7868,615934.3,30.0,Eaton
2025-01-08 21:06:17.136876928,34.1235847076586,-118.59741155618087,572.9835,,,33.0,Palisades
2025-01-08 21:06:17.136876928,34.10003931690432,-118.6146118054029,567.7842,,,33.0,Palisades
2025-01-08 21:06:17.136876928,34.12108630986287,-118.55974309543153,507.8293,,,33.0,Palisades
2025-01-08 21:06:17.136876928,34.045389075623206,-118.53591232702891,596.9538,694.57043,48332.46,30.0,Palisades
2025-01-08 21:06:17.136876928,34.09748567393056,-118.576825912057,2839.038,847.01965,87481.62,30.0,Palisades
2025-01-08 21:06:17.136876928,34.23730376774444,-118.08159568065504,232.4745,,,33.0,Eaton
2025-01-08 21:06:17.136876928,34.09499226178677,-118.53919286962353,2632.1614,802.63086,103519.36,30.0,Palisades
2025-01-08 21:06:17.136876928,34.07145843020336,-118.55640253905382,1665.8536,828.0665,56747.7,30.0,Palisades
2025-01-08 21:06:17.136876928,34.07400704112978,-118.59415303589158,1066.3752,1113.7373,11256.62,30.0,Palisades
2025-01-08 21:06:17.136876928,34.07656001637729,-118.63195172314548,398.83572,742.7499,22781.84,30.0,Palisades
2025-01-08 21:06:17.136876928,34.07911807667682,-118.66977967232299,205.79976,501.02853,131265.25,30.0,Palisades
2025-01-08 21:06:17.136876928,34.092446994292104,-118.50148076618906,246.19154,,,33.0,Palisades
2025-01-08 21:06:17.136876928,34.21120025001673,-118.06133069778744,839.0545,700.61346,64858.04,30.0,Eaton
2025-01-08 21:11:17.136612992,34.068969962321546,-118.51880459364624,1643.2584,943.48846,32172.76,30.0,Palisades
2025-01-08 21:11:17.136612992,34.1235847076586,-118.59741155618087,544.34924,,,33.0,Palisades
2025-01-08 21:11:17.136612992,34.09748567393056,-118.576825912057,2842.3345,821.6389,100348.4,30.0,Palisades
2025-01-08 21:11:17.136612992,34.09499226178677,-118.53919286962353,2369.5142,790.7645,99921.54,30.0,Palisades
2025-01-08 21:11:17.136612992,34.07656001637729,-118.63195172314548,346.37488,801.2025,13756.8,30.0,Palisades
2025-01-08 21:11:17.136612992,34.07400704112978,-118.59415303589158,892.53674,1039.1882,12049.359,30.0,Palisades
2025-01-08 21:11:17.136612992,34.07145843020336,-118.55640253905382,2174.905,980.02136,36624.297,30.0,Palisades
2025-01-08 21:11:17.136612992,34.045389075623206,-118.53591232702891,703.0821,709.7329,50771.66,30.0,Palisades
2025-01-08 21:11:17.136612992,34.092446994292104,-118.50148076618906,216.28589,,,33.0,Palisades
2025-01-08 21:11:17.136612992,34.12108630986287,-118.55974309543153,433.37436,,,33.0,Palisades
2025-01-08 21:11:17.136612992,34.23982112289933,-118.11896947613783,343.19955,,,33.0,Eaton
2025-01-08 21:11:17.136612992,34.23730376774444,-118.08159568065504,337.35638,,,33.0,Eaton
2025-01-08 21:11:17.136612992,34.21120025001673,-118.06133069778744,869.45154,698.7456,68150.96,30.0,Eaton
2025-01-08 21:11:17.136612992,34.18510935004094,-118.04111019501573,315.0066,448.83868,476838.9,30.0,Eaton
2025-01-08 21:16:17.136334976,34.09748567393056,-118.576825912057,2594.4062,838.6693,83517.92,30.0,Palisades
2025-01-08 21:16:17.136334976,34.09499226178677,-118.53919286962353,2316.5427,757.4729,120166.9,30.0,Palisades
2025-01-08 21:16:17.136334976,34.045389075623206,-118.53591232702891,725.6835,714.51245,50588.72,30.0,Palisades
2025-01-08 21:16:17.136334976,34.12108630986287,-118.55974309543153,467.82495,,,33.0,Palisades
2025-01-08 21:16:17.136334976,34.1025973383188,-118.65244600542098,300.08508,,,33.0,Palisades
2025-01-08 21:16:17.136334976,34.10003931690432,-118.6146118054029,781.508,,,33.0,Palisades
2025-01-08 21:16:17.136334976,34.07911807667682,-118.66977967232299,280.67657,537.7262,107909.92,30.0,Palisades
2025-01-08 21:16:17.136334976,34.092446994292104,-118.50148076618906,288.66028,,,33.0,Palisades
2025-01-08 21:16:17.136334976,34.07656001637729,-118.63195172314548,444.25894,766.922,21684.2,30.0,Palisades
2025-01-08 21:16:17.136334976,34.07400704112978,-118.59415303589158,1009.2141,970.6272,17659.52,30.0,Palisades
2025-01-08 21:16:17.136334976,34.07145843020336,-118.55640253905382,1868.008,854.1065,55467.12,30.0,Palisades
2025-01-08 21:16:17.136334976,34.068969962321546,-118.51880459364624,1506.4813,923.1619,32172.76,30.0,Palisades
2025-01-08 21:16:17.136334976,34.1235847076586,-118.59741155618087,543.3285,,,33.0,Palisades
2025-01-08 21:16:17.136334976,34.21120025001673,-118.06133069778744,691.83325,714.67725,48149.52,30.0,Eaton
2025-01-08 21:16:17.136334976,34.18510935004094,-118.04111019501573,280.3959,478.3397,254322.89,30.0,Eaton
2025-01-08 21:16:17.136334976,34.23730376774444,-118.08159568065504,277.48996,,,33.0,Eaton
2025-01-08 21:16:17.136334976,34.23982112289933,-118.11896947613783,267.9245,,,33.0,Eaton
2025-01-08 21:21:17.136054016,34.4465974145791,-118.24516858070423,159.37009,436.5329,304387.47,30.0,Other
2025-01-08 21:21:17.136054016,34.09748567393056,-118.576825912057,2301.456,808.9486,87237.7,30.0,Palisades
2025-01-08 21:21:17.136054016,34.1025973383188,-118.65244600542098,217.88274,,,33.0,Palisades
2025-01-08 21:21:17.136054016,34.092446994292104,-118.50148076618906,318.368,,,33.0,Palisades
2025-01-08 21:21:17.136054016,34.07911807667682,-118.66977967232299,246.57494,500.4792,158462.34,30.0,Palisades
2025-01-08 21:21:17.136054016,34.07656001637729,-118.63195172314548,355.13107,783.7876,15586.2,30.0,Palisades
2025-01-08 21:21:17.136054016,34.10003931690432,-118.6146118054029,701.68134,,,33.0,Palisades
2025-01-08 21:21:17.136054016,34.07145843020336,-118.55640253905382,1913.7882,830.9232,64187.258,30.0,Palisades
2025-01-08 21:21:17.136054016,34.068969962321546,-118.51880459364624,1589.1917,874.48804,42600.34,30.0,Palisades
2025-01-08 21:21:17.136054016,34.09499226178677,-118.53919286962353,2213.2864,754.06683,117422.8,30.0,Palisades
2025-01-08 21:21:17.136054016,34.23982112289933,-118.11896947613783,235.40207,,,33.0,Eaton
2025-01-08 21:21:17.136054016,34.21120025001673,-118.06133069778744,591.0894,643.97375,72846.42,30.0,Eaton
2025-01-08 21:21:17.136054016,34.07400704112978,-118.59415303589158,922.5859,1060.8333,11561.52,30.0,Palisades
2025-01-08 21:21:17.136054016,34.12108630986287,-118.55974309543153,320.03802,,,33.0,Palisades
2025-01-08 21:21:17.136054016,34.23730376774444,-118.08159568065504,234.09648,,,33.0,Eaton
2025-01-08 21:21:17.136054016,34.045389075623206,-118.53591232702891,749.864,786.14984,32477.66,30.0,Palisades
2025-01-08 21:21:17.136054016,34.1235847076586,-118.59741155618087,358.9059,,,33.0,Palisades
2025-01-08 21:26:17.135779968,34.07656001637729,-118.63195172314548,422.0092,841.08655,13390.92,30.0,Palisades
2025-01-08 21:26:17.135779968,34.09748567393056,-118.576825912057,2375.6606,848.8876,72480.54,30.0,Palisades
2025-01-08 21:26:17.135779968,34.1235847076586,-118.59741155618087,380.93213,,,33.0,Palisades
2025-01-08 21:26:17.135779968,34.12108630986287,-118.55974309543153,316.4059,,,33.0,Palisades
2025-01-08 21:26:17.135779968,34.1025973383188,-118.65244600542098,227.80939,,,33.0,Palisades
2025-01-08 21:26:17.135779968,34.07400704112978,-118.59415303589158,1044.7087,896.8472,25160.06,30.0,Palisades
2025-01-08 21:26:17.135779968,34.09499226178677,-118.53919286962353,1984.9412,811.9701,74005.04,30.0,Palisades
2025-01-08 21:26:17.135779968,34.068969962321546,-118.51880459364624,1660.1562,911.6802,37356.06,30.0,Palisades
2025-01-08 21:26:17.135779968,34.045389075623206,-118.53591232702891,638.0373,670.673,62479.82,30.0,Palisades
2025-01-08 21:26:17.135779968,34.4465974145791,-118.24516858070423,149.72168,431.69846,315058.97,30.0,Other
2025-01-08 21:26:17.135779968,34.21120025001673,-118.06133069778744,544.86127,632.32715,74614.836,30.0,Eaton
2025-01-08 21:26:17.135779968,34.07911807667682,-118.66977967232299,246.8291,515.5318,127728.42,30.0,Palisades
2025-01-08 21:26:17.135779968,34.10003931690432,-118.6146118054029,655.09515,,,33.0,Palisades
2025-01-08 21:26:17.135779968,34.07145843020336,-118.55640253905382,2120.2341,819.2767,75834.44,30.0,Palisades
2025-01-08 21:31:17.137304960,34.068969962321546,-118.51880459364624,1668.8755,859.81995,48088.54,30.0,Palisades
2025-01-08 21:31:17.137304960,34.23982112289933,-118.11896947613783,239.31244,,,33.0,Eaton
2025-01-08 21:31:17.137304960,34.21120025001673,-118.06133069778744,562.93286,584.80695,124191.58,30.0,Eaton
2025-01-08 21:31:17.137304960,34.23730376774444,-118.08159568065504,233.3273,,,33.0,Eaton
2025-01-08 21:31:17.137304960,34.09748567393056,-118.576825912057,3202.59,800.1587,127728.42,30.0,Palisades
2025-01-08 21:31:17.137304960,34.09499226178677,-118.53919286962353,2987.8582,734.01495,181390.81,30.0,Palisades
2025-01-08 21:31:17.137304960,34.12108630986287,-118.55974309543153,686.6965,,,33.0,Palisades
2025-01-08 21:31:17.137304960,34.07145843020336,-118.55640253905382,2139.3699,877.125,56625.74,30.0,Palisades
2025-01-08 21:31:17.137304960,34.07656001637729,-118.63195172314548,325.17776,682.3745,28940.82,30.0,Palisades
2025-01-08 21:31:17.137304960,34.07400704112978,-118.59415303589158,1129.8315,869.7085,31014.14,30.0,Palisades
2025-01-08 21:31:17.137304960,34.045389075623206,-118.53591232702891,635.77094,705.4479,47356.78,30.0,Palisades
2025-01-08 21:31:17.137304960,34.4465974145791,-118.24516858070423,395.74466,538.0009,151510.62,30.0,Other
2025-01-08 21:31:17.137304960,34.10003931690432,-118.6146118054029,1016.3628,2278.4497,4000.0,30.0,Palisades
2025-01-08 21:31:17.137304960,34.1025973383188,-118.65244600542098,232.4923,,,33.0,Palisades
2025-01-08 21:36:17.137015040,34.07400704112978,-118.59415303589158,992.9002,837.7903,32111.78,30.0,Palisades
2025-01-08 21:36:17.137015040,34.09748567393056,-118.576825912057,2656.3645,761.75793,134009.36,30.0,Palisades
2025-01-08 21:36:17.137015040,34.068969962321546,-118.51880459364624,1424.7393,822.0784,50161.86,30.0,Palisades
2025-01-08 21:36:17.137015040,34.07656001637729,-118.63195172314548,357.56216,696.71295,28452.98,30.0,Palisades
2025-01-08 21:36:17.137015040,34.07145843020336,-118.55640253905382,1664.3052,813.1238,61626.098,30.0,Palisades
2025-01-08 21:36:17.137015040,34.092446994292104,-118.50148076618906,437.2578,,,33.0,Palisades
2025-01-08 21:36:17.137015040,34.10003931690432,-118.6146118054029,757.5747,1459.5087,4000.0,30.0,Palisades
2025-01-08 21:36:17.137015040,34.1235847076586,-118.59741155618087,241.53412,1110.441,4000.0,30.0,Palisades
2025-01-08 21:36:17.137015040,34.09499226178677,-118.53919286962353,3196.243,753.5724,170048.53,30.0,Palisades
2025-01-08 21:36:17.137015040,34.23730376774444,-118.08159568065504,320.1987,,,33.0,Eaton
2025-01-08 21:36:17.137015040,34.18510935004094,-118.04111019501573,334.14285,668.97,33209.42,30.0,Eaton
2025-01-08 21:36:17.137015040,34.21120025001673,-118.06133069778744,730.3023,629.91,102299.76,30.0,Eaton
2025-01-08 21:36:17.137015040,34.23982112289933,-118.11896947613783,353.32324,,,33.0,Eaton
2025-01-08 21:36:17.137015040,34.4465974145791,-118.24516858070423,230.68068,479.54828,204746.16,30.0,Other
2025-01-08 21:41:17.136723072,34.068969962321546,-118.51880459364624,2344.8694,884.2667,59918.66,30.0,Palisades
2025-01-08 21:41:17.136723072,34.07145843020336,-118.55640253905382,2338.1274,831.41766,78212.66,30.0,Palisades
2025-01-08 21:41:17.136723072,34.07400704112978,-118.59415303589158,983.04565,798.4557,39612.32,30.0,Palisades
2025-01-08 21:41:17.136723072,34.07656001637729,-118.63195172314548,336.70044,673.8593,32111.78,30.0,Palisades
2025-01-08 21:41:17.136723072,34.092446994292104,-118.50148076618906,307.2453,,,33.0,Palisades
2025-01-08 21:41:17.136723072,34.09499226178677,-118.53919286962353,2726.6084,755.27545,143461.27,30.0,Palisades
2025-01-08 21:41:17.136723072,34.09748567393056,-118.576825912057,2848.7053,748.68304,156510.98,30.0,Palisades
2025-01-08 21:41:17.136723072,34.44915488348422,-118.28282343663373,240.09062,548.3839,80712.836,30.0,Other
2025-01-08 21:41:17.136723072,34.4465974145791,-118.24516858070423,454.38248,558.4374,135167.98,30.0,Other
2025-01-08 21:41:17.136723072,34.12108630986287,-118.55974309543153,398.76144,,,33.0,Palisades
2025-01-08 21:41:17.136723072,34.1235847076586,-118.59741155618087,505.00607,,,33.0,Palisades
2025-01-08 21:41:17.136723072,34.21120025001673,-118.06133069778744,806.7941,680.6165,72846.42,30.0,Eaton
2025-01-08 21:41:17.136723072,34.23730376774444,-118.08159568065504,242.0206,,,33.0,Eaton
2025-01-08 21:46:17.136438016,34.4465974145791,-118.24516858070423,868.7476,593.5419,174561.06,30.0,Other
2025-01-08 21:46:17.136438016,34.21120025001673,-118.06133069778744,764.7758,669.3545,75712.48,30.0,Eaton
2025-01-08 21:46:17.136438016,34.18510935004094,-118.04111019501573,385.08948,670.673,37721.94,30.0,Eaton
2025-01-08 21:46:17.136438016,34.23730376774444,-118.08159568065504,251.88266,,,33.0,Eaton
2025-01-08 21:46:17.136438016,34.066429700418006,-118.48112767526477,294.49072,1959.3773,4000.0,30.0,Palisades
2025-01-08 21:46:17.136438016,34.09499226178677,-118.53919286962353,2767.4463,760.5494,140717.16,30.0,Palisades
2025-01-08 21:46:17.136438016,34.068969962321546,-118.51880459364624,1457.5049,776.70074,66931.36,30.0,Palisades
2025-01-08 21:46:17.136438016,34.07145843020336,-118.55640253905382,2267.9417,802.02655,89493.96,30.0,Palisades
2025-01-08 21:46:17.136438016,34.07400704112978,-118.59415303589158,1186.1509,746.43066,66199.59,30.0,Palisades
2025-01-08 21:46:17.136438016,34.09748567393056,-118.576825912057,2782.0781,766.86707,135899.73,30.0,Palisades
2025-01-08 21:46:17.136438016,34.44915488348422,-118.28282343663373,569.6323,688.03296,48515.4,30.0,Other
2025-01-08 21:46:17.136438016,34.092446994292104,-118.50148076618906,503.9678,,,33.0,Palisades
2025-01-08 21:46:17.136438016,34.420370131036144,-118.22453322248396,667.8611,,,33.0,Other
2025-01-08 21:46:17.136438016,34.07911807667682,-118.66977967232299,240.13783,514.2133,126630.78,30.0,Palisades
2025-01-08 21:46:17.136438016,34.10003931690432,-118.6146118054029,511.82123,1070.2273,6195.2803,30.0,Palisades
2025-01-08 21:46:17.136438016,34.07656001637729,-118.63195172314548,397.9565,693.9112,32355.7,30.0,Palisades
2025-01-08 21:46:17.136438016,34.42292252196298,-118.26215247422599,472.19373,,,33.0,Other
2025-01-08 21:51:17.136150912,34.07400704112978,-118.59415303589158,1305.7961,873.7189,35160.78,30.0,Palisades
2025-01-08 21:51:17.136150912,34.10003931690432,-118.6146118054029,592.8132,1744.52,4000.0,30.0,Palisades
2025-01-08 21:51:17.136150912,34.07656001637729,-118.63195172314548,422.41708,702.8109,32111.78,30.0,Palisades
2025-01-08 21:51:17.136150912,34.09748567393056,-118.576825912057,2475.1348,730.88354,153522.95,30.0,Palisades
2025-01-08 21:51:17.136150912,34.092446994292104,-118.50148076618906,275.6811,,,33.0,Palisades
2025-01-08 21:51:17.136150912,34.09499226178677,-118.53919286962353,2374.262,734.56433,143583.22,30.0,Palisades
2025-01-08 21:51:17.136150912,34.1235847076586,-118.59741155618087,259.04514,,,33.0,Palisades
2025-01-08 21:51:17.136150912,34.07911807667682,-118.66977967232299,232.59033,500.58905,149254.36,30.0,Palisades
2025-01-08 21:51:17.136150912,34.068969962321546,-118.51880459364624,2198.1863,924.4255,46686.0,30.0,Palisades
2025-01-08 21:51:17.136150912,34.045389075623206,-118.53591232702891,470.76202,614.80237,76200.32,30.0,Palisades
2025-01-08 21:51:17.136150912,34.07145843020336,-118.55640253905382,2492.2878,792.57745,103946.22,30.0,Palisades
2025-01-08 21:51:17.136150912,34.12108630986287,-118.55974309543153,242.5922,,,33.0,Palisades
2025-01-08 21:51:17.136150912,34.420370131036144,-118.22453322248396,529.3592,1593.9935,4000.0,30.0,Other
2025-01-08 21:51:17.136150912,34.42292252196298,-118.26215247422599,526.59546,2572.7454,4000.0,30.0,Other
2025-01-08 21:51:17.136150912,34.4465974145791,-118.24516858070423,1149.6381,687.978,97909.2,30.0,Other
2025-01-08 21:51:17.136150912,34.44915488348422,-118.28282343663373,1098.5586,771.6466,52052.24,30.0,Other
2025-01-08 21:51:17.136150912,34.18510935004094,-118.04111019501573,294.10416,613.59375,48210.5,30.0,Eaton
2025-01-08 21:51:17.136150912,34.21120025001673,-118.06133069778744,878.52576,663.3664,91445.32,30.0,Eaton
2025-01-08 21:56:17.135851008,34.045389075623206,-118.53591232702891,667.75507,709.29346,48332.46,30.0,Palisades
2025-01-08 21:56:17.135851008,34.21120025001673,-118.06133069778744,650.746,641.11707,82237.336,30.0,Eaton
2025-01-08 21:56:17.135851008,34.068969962321546,-118.51880459364624,2030.2905,887.23334,51137.54,30.0,Palisades
2025-01-08 21:56:17.135851008,34.44915488348422,-118.28282343663373,793.87494,683.80286,69919.38,30.0,Other
2025-01-08 21:56:17.135851008,34.07656001637729,-118.63195172314548,343.62848,663.6411,35709.6,30.0,Palisades
2025-01-08 21:56:17.135851008,34.07145843020336,-118.55640253905382,2865.129,846.52527,88457.3,30.0,Palisades
2025-01-08 21:56:17.135851008,34.09748567393056,-118.576825912057,2602.0554,787.6332,111751.66,30.0,Palisades
2025-01-08 21:56:17.135851008,34.09499226178677,-118.53919286962353,2203.0151,728.3015,139131.67,30.0,Palisades
2025-01-08 21:56:17.135851008,34.18510935004094,-118.04111019501573,277.20334,459.4964,345853.88,30.0,Eaton
2025-01-08 21:56:17.135851008,34.10003931690432,-118.6146118054029,745.789,1912.901,4000.0,30.0,Palisades
2025-01-08 21:56:17.135851008,34.12108630986287,-118.55974309543153,261.02017,,,33.0,Palisades
2025-01-08 21:56:17.135851008,34.1235847076586,-118.59741155618087,262.91058,,,33.0,Palisades
2025-01-08 21:56:17.135851008,34.092446994292104,-118.50148076618906,352.5084,,,33.0,Palisades
2025-01-08 21:56:17.135851008,34.420370131036144,-118.22453322248396,277.74408,,,33.0,Other
2025-01-08 21:56:17.135851008,34.07400704112978,-118.59415303589158,1087.3674,935.8523,21989.1,30.0,Palisades
2025-01-08 21:56:17.135851008,34.4465974145791,-118.24516858070423,1067.88,646.0064,129191.94,30.0,Other
2025-01-08 22:01:17.137351040,34.10003931690432,-118.6146118054029,791.2879,1199.9878,6500.1797,30.0,Palisades
2025-01-08 22:01:17.137351040,34.21120025001673,-118.06133069778744,479.69977,564.31555,133216.62,30.0,Eaton
2025-01-08 22:01:17.137351040,34.07400704112978,-118.59415303589158,1174.9341,812.1349,43758.96,30.0,Palisades
2025-01-08 22:01:17.137351040,34.068969962321546,-118.51880459364624,1440.5402,830.81335,48332.46,30.0,Palisades
2025-01-08 22:01:17.137351040,34.045389075623206,-118.53591232702891,824.9453,753.2428,44002.88,30.0,Palisades
2025-01-08 22:01:17.137351040,34.07145843020336,-118.55640253905382,2548.2393,793.12683,105958.56,30.0,Palisades
2025-01-08 22:01:17.137351040,34.07656001637729,-118.63195172314548,375.13428,638.53503,48515.4,30.0,Palisades
2025-01-08 22:01:17.137351040,34.18510935004094,-118.04111019501573,334.4092,453.39844,465130.75,30.0,Eaton
2025-01-08 22:01:17.137351040,34.09748567393056,-118.576825912057,2711.707,796.20325,110715.0,30.0,Palisades
2025-01-08 22:01:17.137351040,34.09499226178677,-118.53919286962353,2672.9307,765.219,131936.03,30.0,Palisades
2025-01-08 22:01:17.137351040,34.092446994292104,-118.50148076618906,480.14145,,,33.0,Palisades
2025-01-08 22:01:17.137351040,34.420370131036144,-118.22453322248396,419.96732,1267.6697,4000.0,30.0,Other
2025-01-08 22:01:17.137351040,34.42292252196298,-118.26215247422599,357.38055,,,33.0,Other
2025-01-08 22:01:17.137351040,34.4465974145791,-118.24516858070423,638.9471,573.49,159620.95,30.0,Other
2025-01-08 22:01:17.137351040,34.44915488348422,-118.28282343663373,533.8298,573.05054,134131.31,30.0,Other
2025-01-08 22:06:17.137054976,34.068969962321546,-118.51880459364624,1568.0747,921.45886,33758.242,30.0,Palisades
2025-01-08 22:06:17.137054976,34.042905560281234,-118.4983495521721,226.0117,1504.0073,4000.0,30.0,Palisades
2025-01-08 22:06:17.137054976,34.09499226178677,-118.53919286962353,2839.096,778.8982,128643.12,30.0,Palisades
2025-01-08 22:06:17.137054976,34.092446994292104,-118.50148076618906,428.29843,,,33.0,Palisades
2025-01-08 22:06:17.137054976,34.42292252196298,-118.26215247422599,329.93704,935.4128,6683.12,30.0,Other
2025-01-08 22:06:17.137054976,34.44915488348422,-118.28282343663373,474.2336,559.15155,139924.42,30.0,Other
2025-01-08 22:06:17.137054976,34.420370131036144,-118.22453322248396,319.56705,,,33.0,Other
2025-01-08 22:06:17.137054976,34.4465974145791,-118.24516858070423,491.04004,525.4204,221698.6,30.0,Other
2025-01-08 22:06:17.137054976,34.10003931690432,-118.6146118054029,924.60516,1238.9928,6866.06,30.0,Palisades
2025-01-08 22:06:17.137054976,34.07656001637729,-118.63195172314548,376.82477,671.38715,36685.28,30.0,Palisades
2025-01-08 22:06:17.137054976,34.07145843020336,-118.55640253905382,2585.1985,764.12024,128460.18,30.0,Palisades
2025-01-08 22:06:17.137054976,34.07400704112978,-118.59415303589158,1683.1504,881.3002,43637.0,30.0,Palisades
2025-01-08 22:06:17.137054976,34.045389075623206,-118.53591232702891,745.81323,781.0957,33331.38,30.0,Palisades
2025-01-08 22:06:17.137054976,34.09748567393056,-118.576825912057,2729.4243,744.1233,154620.6,30.0,Palisades
2025-01-08 22:06:17.137054976,34.18510935004094,-118.04111019501573,396.71918,483.33893,331462.6,30.0,Eaton
2025-01-08 22:06:17.137054976,34.21120025001673,-118.06133069778744,422.57913,570.90796,108824.62,30.0,Eaton
2025-01-08 22:11:17.136758016,34.09748567393056,-118.576825912057,2320.4119,711.436,165475.03,30.0,Palisades
2025-01-08 22:11:17.136758016,34.07400704112978,-118.59415303589158,1862.405,934.314,37904.88,30.0,Palisades
2025-01-08 22:11:17.136758016,34.07656001637729,-118.63195172314548,515.7034,738.1901,30404.34,30.0,Palisades
2025-01-08 22:11:17.136758016,34.09499226178677,-118.53919286962353,2537.1116,732.3668,155718.23,30.0,Palisades
2025-01-08 22:11:17.136758016,34.045389075623206,-118.53591232702891,494.2213,691.05444,41075.84,30.0,Palisades
2025-01-08 22:11:17.136758016,34.068969962321546,-118.51880459364624,2444.4663,948.1581,46929.918,30.0,Palisades
2025-01-08 22:11:17.136758016,34.10003931690432,-118.6146118054029,667.7605,1071.7656,8085.66,30.0,Palisades
2025-01-08 22:11:17.136758016,34.092446994292104,-118.50148076618906,365.41904,,,33.0,Palisades
2025-01-08 22:11:17.136758016,34.42292252196298,-118.26215247422599,289.62628,734.5094,17537.559,30.0,Other
2025-01-08 22:11:17.136758016,34.07145843020336,-118.55640253905382,2787.7131,760.65924,141692.84,30.0,Palisades
2025-01-08 22:11:17.136758016,34.420370131036144,-118.22453322248396,282.59726,1576.4138,4000.0,30.0,Other
2025-01-08 22:11:17.136758016,34.44915488348422,-118.28282343663373,473.8297,576.0171,115105.56,30.0,Other
2025-01-08 22:11:17.136758016,34.4465974145791,-118.24516858070423,453.0692,548.1642,152608.27,30.0,Other
2025-01-08 22:11:17.136758016,34.21120025001673,-118.06133069778744,531.1506,631.22845,73517.2,30.0,Eaton
2025-01-08 22:16:17.136449024,34.21120025001673,-118.06133069778744,456.88742,544.7581,160657.62,30.0,Eaton
2025-01-08 22:16:17.136449024,34.07145843020336,-118.55640253905382,3213.219,832.13184,107117.18,30.0,Palisades
2025-01-08 22:16:17.136449024,34.07400704112978,-118.59415303589158,1613.1179,866.8518,44917.58,30.0,Palisades
2025-01-08 22:16:17.136449024,34.12108630986287,-118.55974309543153,213.2982,,,33.0,Palisades
2025-01-08 22:16:17.136449024,34.045389075623206,-118.53591232702891,521.3713,691.27423,43271.12,30.0,Palisades
2025-01-08 22:16:17.136449024,34.068969962321546,-118.51880459364624,2347.8293,1047.3738,30831.2,30.0,Palisades
2025-01-08 22:16:17.136449024,34.10003931690432,-118.6146118054029,567.89874,974.36285,9793.1,30.0,Palisades
2025-01-08 22:16:17.136449024,34.4465974145791,-118.24516858070423,539.0582,573.6548,134497.19,30.0,Other
2025-01-08 22:16:17.136449024,34.44915488348422,-118.28282343663373,548.93665,586.56494,118764.36,30.0,Other
2025-01-08 22:16:17.136449024,34.420370131036144,-118.22453322248396,362.02527,728.52124,22842.82,30.0,Other
2025-01-08 22:16:17.136449024,34.42292252196298,-118.26215247422599,374.1835,869.1592,10280.939,30.0,Other
2025-01-08 22:16:17.136449024,34.07656001637729,-118.63195172314548,501.02505,664.1355,51808.32,30.0,Palisades
2025-01-08 22:16:17.136449024,34.18510935004094,-118.04111019501573,270.70883,438.29086,500011.3,30.0,Eaton
2025-01-08 22:16:17.136449024,34.09499226178677,-118.53919286962353,3175.0984,797.02734,129009.0,30.0,Palisades
2025-01-08 22:16:17.136449024,34.09748567393056,-118.576825912057,2203.22,735.77295,132118.97,30.0,Palisades
2025-01-08 22:21:17.136136064,34.092446994292104,-118.50148076618906,1228.2343,,,33.0,Palisades
2025-01-08 22:21:17.136136064,34.07400704112978,-118.59415303589158,1039.9572,1124.34,10646.82,30.0,Palisades
2025-01-08 22:21:17.136136064,34.045389075623206,-118.53591232702891,636.69696,714.5674,44368.758,30.0,Palisades
2025-01-08 22:21:17.136136064,34.10003931690432,-118.6146118054029,721.2634,,,33.0,Palisades
2025-01-08 22:21:17.136136064,34.1235847076586,-118.59741155618087,229.23434,,,33.0,Palisades
2025-01-08 22:21:17.136136064,34.09499226178677,-118.53919286962353,2764.192,751.7595,148888.48,30.0,Palisades
2025-01-08 22:21:17.136136064,34.068969962321546,-118.51880459364624,2265.6223,916.34973,49917.94,30.0,Palisades
2025-01-08 22:21:17.136136064,34.07145843020336,-118.55640253905382,1898.3873,901.35205,44795.62,30.0,Palisades
2025-01-08 22:21:17.136136064,34.12108630986287,-118.55974309543153,316.15497,,,33.0,Palisades
2025-01-08 22:21:17.136136064,34.09748567393056,-118.576825912057,1962.7612,734.839,118459.46,30.0,Palisades
2025-01-08 22:21:17.136136064,34.4465974145791,-118.24516858070423,469.0821,524.047,215783.53,30.0,Other
2025-01-08 22:21:17.136136064,34.44915488348422,-118.28282343663373,466.64938,559.646,136875.42,30.0,Other
2025-01-08 22:21:17.136136064,34.21120025001673,-118.06133069778744,392.1368,560.1404,114373.8,30.0,Eaton
2025-01-08 22:26:17.137635968,34.07145843020336,-118.55640253905382,1899.4156,797.6316,76871.1,30.0,Palisades
2025-01-08 22:26:17.137635968,34.045389075623206,-118.53591232702891,669.3332,923.71124,14244.64,30.0,Palisades
2025-01-08 22:26:17.137635968,34.10516045887566,-118.69030956983735,287.77734,684.29724,25221.04,30.0,Palisades
2025-01-08 22:26:17.137635968,34.10003931690432,-118.6146118054029,1123.7852,928.16113,23513.6,30.0,Palisades
2025-01-08 22:26:17.137635968,34.09748567393056,-118.576825912057,2383.9932,742.14557,136875.42,30.0,Palisades
2025-01-08 22:26:17.137635968,34.09499226178677,-118.53919286962353,3110.059,768.8998,149925.14,30.0,Palisades
2025-01-08 22:26:17.137635968,34.07400704112978,-118.59415303589158,1284.3301,853.9417,38148.8,30.0,Palisades
2025-01-08 22:26:17.137635968,34.1025973383188,-118.65244600542098,585.8817,1497.6896,4000.0,30.0,Palisades
2025-01-08 22:26:17.137635968,34.07911807667682,-118.66977967232299,415.11057,601.45276,76810.12,30.0,Palisades
2025-01-08 22:26:17.137635968,34.068969962321546,-118.51880459364624,1598.6165,1103.6289,17415.6,30.0,Palisades
2025-01-08 22:26:17.137635968,34.21120025001673,-118.06133069778744,314.1161,529.8703,133704.47,30.0,Eaton
2025-01-08 22:26:17.137635968,34.4465974145791,-118.24516858070423,324.77365,493.66702,230906.58,30.0,Other
2025-01-08 22:26:17.137635968,34.44915488348422,-118.28282343663373,290.18033,515.2022,150717.88,30.0,Other
2025-01-08 22:26:17.137635968,34.092446994292104,-118.50148076618906,1398.5771,,,33.0,Palisades
2025-01-08 22:31:17.137331968,34.4465974145791,-118.24516858070423,242.37346,471.36273,246029.62,30.0,Other
2025-01-08 22:31:17.137331968,34.10003931690432,-118.6146118054029,693.3507,1046.4398,9122.32,30.0,Palisades
2025-01-08 22:31:17.137331968,34.092446994292104,-118.50148076618906,997.69055,2200.1099,4000.0,30.0,Palisades
2025-01-08 22:31:17.137331968,34.09499226178677,-118.53919286962353,3507.6604,808.7288,133155.64,30.0,Palisades
2025-01-08 22:31:17.137331968,34.09748567393056,-118.576825912057,2373.7158,758.0772,122667.08,30.0,Palisades
2025-01-08 22:31:17.137331968,34.1025973383188,-118.65244600542098,288.13892,,,33.0,Palisades
2025-01-08 22:31:17.137331968,34.07911807667682,-118.66977967232299,406.33255,729.51013,25464.959,30.0,Palisades
2025-01-08 22:31:17.137331968,34.07656001637729,-118.63195172314548,611.2653,724.0714,39795.258,30.0,Palisades
2025-01-08 22:31:17.137331968,34.068969962321546,-118.51880459364624,1530.5161,808.01465,58333.18,30.0,Palisades
2025-01-08 22:31:17.137331968,34.066429700418006,-118.48112767526477,458.8061,983.09784,7658.8,30.0,Palisades
2025-01-08 22:31:17.137331968,34.045389075623206,-118.53591232702891,643.9329,723.2474,42173.48,30.0,Palisades
2025-01-08 22:31:17.137331968,34.07400704112978,-118.59415303589158,1239.9664,785.8202,53881.64,30.0,Palisades
2025-01-08 22:31:17.137331968,34.420370131036144,-118.22453322248396,228.33684,1055.0099,4000.0,30.0,Other
2025-01-08 22:31:17.137331968,34.21120025001673,-118.06133069778744,312.87256,584.9168,68882.72,30.0,Eaton
2025-01-08 22:31:17.137331968,34.18510935004094,-118.04111019501573,299.56735,454.05768,411651.3,30.0,Eaton
2025-01-08 22:31:17.137331968,34.07145843020336,-118.55640253905382,2251.9,733.41064,137241.3,30.0,Palisades
2025-01-08 22:36:17.137017984,34.068969962321546,-118.51880459364624,1726.1719,733.5205,105104.836,30.0,Palisades
2025-01-08 22:36:17.137017984,34.07656001637729,-118.63195172314548,670.08606,1061.1628,8390.561,30.0,Palisades
2025-01-08 22:36:17.137017984,34.09499226178677,-118.53919286962353,2546.2075,752.9132,136082.67,30.0,Palisades
2025-01-08 22:36:17.137017984,34.07911807667682,-118.66977967232299,728.728,862.402,20769.5,30.0,Palisades
2025-01-08 22:36:17.137017984,34.10003931690432,-118.6146118054029,444.44598,2248.619,4000.0,30.0,Palisades
2025-01-08 22:36:17.137017984,34.09748567393056,-118.576825912057,1779.5033,707.37067,130716.44,30.0,Palisades
2025-01-08 22:36:17.137017984,34.07145843020336,-118.55640253905382,1934.0391,708.4144,140961.08,30.0,Palisades
2025-01-08 22:36:17.137017984,34.18510935004094,-118.04111019501573,275.10364,456.0354,364879.62,30.0,Eaton
2025-01-08 22:36:17.137017984,34.21120025001673,-118.06133069778744,295.47952,580.7966,68089.984,30.0,Eaton
2025-01-08 22:36:17.137017984,34.07400704112978,-118.59415303589158,1287.5541,731.70764,79432.26,30.0,Palisades
2025-01-08 22:41:17.136697088,34.10516045887566,-118.69030956983735,280.35193,1805.28,4000.0,30.0,Palisades
2025-01-08 22:41:17.136697088,34.4465974145791,-118.24516858070423,202.00697,489.7665,152547.28,30.0,Other
2025-01-08 22:41:17.136697088,34.21120025001673,-118.06133069778744,355.24078,558.4923,105653.66,30.0,Eaton
2025-01-08 22:41:17.136697088,34.09499226178677,-118.53919286962353,1998.8335,680.89124,180110.23,30.0,Palisades
2025-01-08 22:41:17.136697088,34.12108630986287,-118.55974309543153,281.89883,,,33.0,Palisades
2025-01-08 22:41:17.136697088,34.10003931690432,-118.6146118054029,489.6032,,,33.0,Palisades
2025-01-08 22:41:17.136697088,34.18510935004094,-118.04111019501573,271.43616,456.8045,355122.84,30.0,Eaton
2025-01-08 22:41:17.136697088,34.07145843020336,-118.55640253905382,1638.0814,693.08716,134070.34,30.0,Palisades
2025-01-08 22:41:17.136697088,34.07911807667682,-118.66977967232299,728.23566,654.96106,81444.6,30.0,Palisades
2025-01-08 22:41:17.136697088,34.07656001637729,-118.63195172314548,568.7313,687.26385,48698.34,30.0,Palisades
2025-01-08 22:41:17.136697088,34.07400704112978,-118.59415303589158,1034.7162,691.2193,85957.12,30.0,Palisades
2025-01-08 22:41:17.136697088,34.068969962321546,-118.51880459364624,1645.6481,715.1167,114190.86,30.0,Palisades
2025-01-08 22:41:17.136697088,34.066429700418006,-118.48112767526477,559.31824,1111.1553,5951.36,30.0,Palisades
2025-01-08 22:41:17.136697088,34.09748567393056,-118.576825912057,1491.9834,697.9765,117666.72,30.0,Palisades
2025-01-08 22:46:17.136385024,34.44915488348422,-118.28282343663373,160.91559,474.65894,154742.56,30.0,Other
2025-01-08 22:46:17.136385024,34.4465974145791,-118.24516858070423,163.35788,470.75842,167487.38,30.0,Other
2025-01-08 22:46:17.136385024,34.18510935004094,-118.04111019501573,323.0547,518.11383,161328.4,30.0,Eaton
2025-01-08 22:46:17.136385024,34.09748567393056,-118.576825912057,1341.2875,664.3552,138460.9,30.0,Palisades
2025-01-08 22:46:17.136385024,34.068969962321546,-118.51880459364624,1354.1785,706.93115,99799.58,30.0,Palisades
2025-01-08 22:46:17.136385024,34.09499226178677,-118.53919286962353,1686.4678,656.44434,186147.27,30.0,Palisades
2025-01-08 22:46:17.136385024,34.10516045887566,-118.69030956983735,328.29697,632.60187,44856.6,30.0,Palisades
2025-01-08 22:46:17.136385024,34.045389075623206,-118.53591232702891,414.74658,593.70667,83213.016,30.0,Palisades
2025-01-08 22:46:17.136385024,34.12108630986287,-118.55974309543153,270.45816,,,33.0,Palisades
2025-01-08 22:46:17.136385024,34.10003931690432,-118.6146118054029,496.00742,936.0171,10037.02,30.0,Palisades
2025-01-08 22:46:17.136385024,34.066429700418006,-118.48112767526477,439.9932,791.42377,18452.26,30.0,Palisades
2025-01-08 22:46:17.136385024,34.1025973383188,-118.65244600542098,255.26215,809.2782,9671.141,30.0,Palisades
2025-01-08 22:51:17.136073984,34.10003931690432,-118.6146118054029,507.22287,671.16736,49430.1,30.0,Palisades
2025-01-08 22:51:17.136073984,34.1025973383188,-118.65244600542098,274.28735,668.8051,27294.36,30.0,Palisades
2025-01-08 22:51:17.136073984,34.07145843020336,-118.55640253905382,1112.9957,628.9761,157303.72,30.0,Palisades
2025-01-08 22:51:17.136073984,34.07656001637729,-118.63195172314548,580.743,647.7644,69187.625,30.0,Palisades
2025-01-08 22:51:17.136073984,34.09499226178677,-118.53919286962353,2215.3481,703.30536,167792.28,30.0,Palisades
2025-01-08 22:51:17.136073984,34.09748567393056,-118.576825912057,1362.7101,659.356,146693.2,30.0,Palisades
2025-01-08 22:56:17.137555968,34.10516045887566,-118.69030956983735,338.52112,565.4143,92847.86,30.0,Palisades
2025-01-08 22:56:17.137555968,34.4465974145791,-118.24516858070423,114.27423,439.7192,205112.03,30.0,Other
2025-01-08 22:56:17.137555968,34.09748567393056,-118.576825912057,1281.9453,650.56616,148949.45,30.0,Palisades
2025-01-08 22:56:17.137555968,34.1025973383188,-118.65244600542098,286.34753,,,33.0,Palisades
2025-01-08 22:56:17.137555968,34.066429700418006,-118.48112767526477,336.36462,758.1871,17354.621,30.0,Palisades
2025-01-08 22:56:17.137555968,34.07400704112978,-118.59415303589158,875.6489,630.5143,121935.32,30.0,Palisades
2025-01-08 22:56:17.137555968,34.07656001637729,-118.63195172314548,474.07614,623.7571,70407.22,30.0,Palisades
2025-01-08 22:56:17.137555968,34.09499226178677,-118.53919286962353,1698.2051,665.0145,174317.14,30.0,Palisades
2025-01-08 22:56:17.137555968,34.12108630986287,-118.55974309543153,229.41357,2126.165,4000.0,30.0,Palisades
2025-01-08 22:56:17.137555968,34.092446994292104,-118.50148076618906,406.7236,777.8544,18574.219,30.0,Palisades
2025-01-08 22:56:17.137555968,34.10003931690432,-118.6146118054029,652.1077,848.8876,19915.781,30.0,Palisades
2025-01-08 23:01:17.137227008,34.092446994292104,-118.50148076618906,456.21527,829.11035,15464.24,30.0,Palisades
2025-01-08 23:01:17.137227008,34.07911807667682,-118.66977967232299,625.9939,604.74896,112056.56,30.0,Palisades
2025-01-08 23:01:17.137227008,34.07656001637729,-118.63195172314548,459.5017,622.7682,68882.72,30.0,Palisades
2025-01-08 23:01:17.137227008,34.07400704112978,-118.59415303589158,915.3415,663.2016,95409.016,30.0,Palisades
2025-01-08 23:01:17.137227008,34.10003931690432,-118.6146118054029,680.1323,1124.5049,6927.04,30.0,Palisades
2025-01-08 23:01:17.137227008,34.09748567393056,-118.576825912057,1435.066,720.3357,95896.86,30.0,Palisades
2025-01-08 23:01:17.137227008,34.09499226178677,-118.53919286962353,1889.5962,670.28845,185598.44,30.0,Palisades
2025-01-08 23:06:17.136905984,34.4465974145791,-118.24516858070423,103.09997,464.11108,118398.48,30.0,Other
2025-01-08 23:06:17.136905984,34.07656001637729,-118.63195172314548,333.5128,570.74316,86018.1,30.0,Palisades
2025-01-08 23:06:17.136905984,34.10003931690432,-118.6146118054029,674.02545,885.4204,17110.7,30.0,Palisades
2025-01-08 23:06:17.136905984,34.09748567393056,-118.576825912057,1233.9048,653.9722,139192.66,30.0,Palisades
2025-01-08 23:06:17.136905984,34.12108630986287,-118.55974309543153,320.1541,,,33.0,Palisades
2025-01-08 23:06:17.136905984,34.092446994292104,-118.50148076618906,444.42056,779.063,20098.719,30.0,Palisades
2025-01-08 23:06:17.136905984,34.09499226178677,-118.53919286962353,1729.956,638.0955,224747.6,30.0,Palisades
2025-01-08 23:06:17.136905984,34.10516045887566,-118.69030956983735,251.3279,568.8753,66260.58,30.0,Palisades
2025-01-08 23:11:17.136589056,34.4465974145791,-118.24516858070423,89.46502,427.02884,206636.53,30.0,Other
2025-01-08 23:11:17.136589056,34.44915488348422,-118.28282343663373,94.49568,423.23822,236211.84,30.0,Other
2025-01-08 23:11:17.136589056,34.09748567393056,-118.576825912057,1142.4309,665.454,116873.98,30.0,Palisades
2025-01-08 23:11:17.136589056,34.10003931690432,-118.6146118054029,511.86862,1103.2444,5585.48,30.0,Palisades
2025-01-08 23:11:17.136589056,34.09499226178677,-118.53919286962353,1863.1888,661.2239,197428.56,30.0,Palisades
2025-01-08 23:11:17.136589056,34.092446994292104,-118.50148076618906,342.67587,921.8984,7353.9,30.0,Palisades
2025-01-08 23:11:17.136589056,34.07656001637729,-118.63195172314548,371.99548,633.8654,50222.84,30.0,Palisades
2025-01-08 23:11:17.136589056,34.066429700418006,-118.48112767526477,282.24994,678.0894,26013.78,30.0,Palisades
2025-01-08 23:16:17.136263040,34.10003931690432,-118.6146118054029,632.7364,913.4381,14122.68,30.0,Palisades
2025-01-08 23:16:17.136263040,34.092446994292104,-118.50148076618906,302.81296,661.33374,32050.799,30.0,Palisades
2025-01-08 23:16:17.136263040,34.09499226178677,-118.53919286962353,1702.8307,660.0702,182244.53,30.0,Palisades
2025-01-08 23:16:17.136263040,34.07656001637729,-118.63195172314548,309.58823,589.25684,65101.96,30.0,Palisades
2025-01-08 23:16:17.136263040,34.4465974145791,-118.24516858070423,60.897392,424.33694,148644.56,30.0,Other
2025-01-08 23:16:17.136263040,34.09748567393056,-118.576825912057,1243.1857,685.0664,108397.76,30.0,Palisades
2025-01-08 23:21:17.135932032,34.4465974145791,-118.24516858070423,71.37278,435.70883,138399.92,30.0,Other
2025-01-08 23:21:17.135932032,34.07656001637729,-118.63195172314548,241.87611,575.6875,59003.96,30.0,Palisades
2025-01-08 23:21:17.135932032,34.092446994292104,-118.50148076618906,326.77145,783.6228,14366.6,30.0,Palisades
2025-01-08 23:21:17.135932032,34.10003931690432,-118.6146118054029,585.47327,1088.3564,6683.12,30.0,Palisades
2025-01-08 23:21:17.135932032,34.09748567393056,-118.576825912057,1074.0061,686.275,92725.9,30.0,Palisades
2025-01-08 23:21:17.135932032,34.09499226178677,-118.53919286962353,1309.7471,641.6664,164743.28,30.0,Palisades
2025-01-08 23:26:17.137411968,34.092446994292104,-118.50148076618906,277.74265,637.8758,36136.46,30.0,Palisades
2025-01-08 23:26:17.137411968,34.07656001637729,-118.63195172314548,254.37723,587.4439,54552.418,30.0,Palisades
2025-01-08 23:26:17.137411968,34.09499226178677,-118.53919286962353,1500.8632,649.68713,175719.67,30.0,Palisades
2025-01-08 23:26:17.137411968,34.09748567393056,-118.576825912057,1065.4584,662.817,111446.76,30.0,Palisades
2025-01-08 23:26:17.137411968,34.10003931690432,-118.6146118054029,543.4264,897.83606,13025.04,30.0,Palisades
2025-01-08 23:31:17.137092992,34.07656001637729,-118.63195172314548,263.0362,884.2118,6744.1,30.0,Palisades
2025-01-08 23:31:17.137092992,34.10003931690432,-118.6146118054029,301.43262,799.55444,12049.359,30.0,Palisades
2025-01-08 23:31:17.137092992,34.092446994292104,-118.50148076618906,252.70761,655.51044,28148.08,30.0,Palisades
2025-01-08 23:31:17.137092992,34.09499226178677,-118.53919286962353,1279.9982,629.5254,179927.3,30.0,Palisades
2025-01-08 23:31:17.137092992,34.09748567393056,-118.576825912057,947.6074,649.19275,111446.76,30.0,Palisades
2025-01-08 23:36:17.136765056,34.07656001637729,-118.63195172314548,239.79758,586.18036,52113.22,30.0,Palisades
2025-01-08 23:36:17.136765056,34.07911807667682,-118.66977967232299,231.58353,497.51257,155474.31,30.0,Palisades
2025-01-08 23:36:17.136765056,34.09499226178677,-118.53919286962353,1451.8812,618.3733,226942.88,30.0,Palisades
2025-01-08 23:36:17.136765056,34.09748567393056,-118.576825912057,905.9988,644.0836,111507.74,30.0,Palisades
2025-01-08 23:36:17.136765056,34.10003931690432,-118.6146118054029,281.21704,807.5202,10768.779,30.0,Palisades
2025-01-08 23:41:17.136432000,34.10003931690432,-118.6146118054029,303.86676,879.59717,7963.7,30.0,Palisades
2025-01-08 23:41:17.136432000,34.09748567393056,-118.576825912057,875.4466,621.94415,132240.94,30.0,Palisades
2025-01-08 23:46:17.136107008,34.10003931690432,-118.6146118054029,265.07248,709.62305,19123.04,30.0,Palisades
2025-01-08 23:46:17.136107008,34.09748567393056,-118.576825912057,1168.3695,630.5143,162730.94,30.0,Palisades
2025-01-08 23:51:17.137588992,34.09748567393056,-118.576825912057,979.778,664.4651,101019.18,30.0,Palisades
2025-01-08 23:56:17.137258112,34.09748567393056,-118.576825912057,755.1956,607.7156,131143.3,30.0,Palisades
2025-01-09 00:01:17.136924928,34.09499226178677,-118.53919286962353,1247.8994,606.1773,220174.1,30.0,Palisades
2025-01-09 00:01:17.136924928,34.09748567393056,-118.576825912057,851.0957,639.74365,108885.6,30.0,Palisades
2025-01-09 00:01:17.136924928,34.07400704112978,-118.59415303589158,340.5608,523.6075,157669.6,30.0,Palisades
2025-01-09 00:06:17.136600960,34.09748567393056,-118.576825912057,1148.0393,701.4375,88152.4,30.0,Palisades
2025-01-09 00:06:17.136600960,34.09499226178677,-118.53919286962353,1492.6543,640.29297,189989.0,30.0,Palisades
2025-01-09 00:11:17.136278016,34.09748567393056,-118.576825912057,1020.05566,658.9165,110227.16,30.0,Palisades
2025-01-09 00:11:17.136278016,34.09499226178677,-118.53919286962353,1371.0962,610.9568,230601.67,30.0,Palisades
2025-01-09 00:16:17.135944960,34.09748567393056,-118.576825912057,861.27374,621.6145,130472.516,30.0,Palisades
2025-01-09 00:16:17.135944960,34.09499226178677,-118.53919286962353,1276.8403,641.7213,160474.67,30.0,Palisades
2025-01-09 00:16:17.135944960,34.07911807667682,-118.66977967232299,205.0296,502.1822,128399.195,30.0,Palisades
2025-01-09 00:21:17.137415040,34.09748567393056,-118.576825912057,698.8485,618.81274,108824.62,30.0,Palisades
2025-01-09 00:21:17.137415040,34.09499226178677,-118.53919286962353,970.75616,604.58417,174012.23,30.0,Palisades
2025-01-09 00:26:17.137091968,34.09499226178677,-118.53919286962353,1071.7516,622.6034,160840.56,30.0,Palisades
2025-01-09 00:26:17.137091968,34.09748567393056,-118.576825912057,728.0387,621.4497,110532.06,30.0,Palisades
2025-01-09 00:26:17.137091968,34.07400704112978,-118.59415303589158,295.9956,519.2675,145351.64,30.0,Palisades
2025-01-09 00:31:17.136765952,34.19264378683706,-118.15314315385929,179.12906,497.29285,120654.74,30.0,Eaton
2025-01-09 00:31:17.136765952,34.09748567393056,-118.576825912057,584.8151,587.2242,125716.08,30.0,Palisades
2025-01-09 00:31:17.136765952,34.07145843020336,-118.55640253905382,506.6509,580.6318,116995.94,30.0,Palisades
2025-01-09 00:31:17.136765952,34.068969962321546,-118.51880459364624,383.25555,588.10315,81566.56,30.0,Palisades
2025-01-09 00:31:17.136765952,34.07400704112978,-118.59415303589158,267.87836,564.0958,74553.86,30.0,Palisades
2025-01-09 00:31:17.136765952,34.09499226178677,-118.53919286962353,792.8972,589.8062,165718.95,30.0,Palisades
2025-01-09 00:36:17.136433024,34.19264378683706,-118.15314315385929,171.94492,484.21793,141570.88,30.0,Eaton
2025-01-09 00:36:17.136433024,34.09748567393056,-118.576825912057,580.68134,585.24646,127484.5,30.0,Palisades
2025-01-09 00:36:17.136433024,34.045389075623206,-118.53591232702891,305.10025,546.90063,104434.06,30.0,Palisades
2025-01-09 00:36:17.136433024,34.09499226178677,-118.53919286962353,767.93506,592.99255,155230.4,30.0,Palisades
2025-01-09 00:36:17.136433024,34.07145843020336,-118.55640253905382,459.77847,582.6644,103763.28,30.0,Palisades
2025-01-09 00:36:17.136433024,34.068969962321546,-118.51880459364624,413.59225,634.7444,55406.14,30.0,Palisades
2025-01-09 00:41:17.136104960,34.09748567393056,-118.576825912057,525.30225,582.0601,119374.16,30.0,Palisades
2025-01-09 00:41:17.136104960,34.19264378683706,-118.15314315385929,186.73985,488.00854,144924.78,30.0,Eaton
2025-01-09 00:41:17.136104960,34.07400704112978,-118.59415303589158,305.7939,570.7981,78822.46,30.0,Palisades
2025-01-09 00:41:17.136104960,34.07145843020336,-118.55640253905382,488.1127,580.02747,113398.12,30.0,Palisades
2025-01-09 00:41:17.136104960,34.07911807667682,-118.66977967232299,129.2574,568.93024,34002.16,30.0,Palisades
2025-01-09 00:41:17.136104960,34.09499226178677,-118.53919286962353,835.1588,595.9591,163584.66,30.0,Palisades
2025-01-09 00:46:17.137586048,34.068969962321546,-118.51880459364624,435.00336,603.7052,78700.5,30.0,Palisades
2025-01-09 00:46:17.137586048,34.045389075623206,-118.53591232702891,301.54068,529.1561,129557.82,30.0,Palisades
2025-01-09 00:46:17.137586048,34.09499226178677,-118.53919286962353,772.70026,594.0363,154437.66,30.0,Palisades
2025-01-09 00:46:17.137586048,34.19264378683706,-118.15314315385929,159.09544,467.13263,173524.4,30.0,Eaton
2025-01-09 00:46:17.137586048,34.09748567393056,-118.576825912057,571.75183,589.2019,120288.86,30.0,Palisades
2025-01-09 00:46:17.137586048,34.07145843020336,-118.55640253905382,471.1841,582.0601,107056.2,30.0,Palisades
2025-01-09 00:51:17.137258112,34.19264378683706,-118.15314315385929,149.6078,455.32123,200599.52,30.0,Eaton
2025-01-09 00:51:17.137258112,34.09499226178677,-118.53919286962353,825.5548,594.2011,164682.3,30.0,Palisades
2025-01-09 00:51:17.137258112,34.07400704112978,-118.59415303589158,255.15103,542.286,92481.98,30.0,Palisades
2025-01-09 00:51:17.137258112,34.068969962321546,-118.51880459364624,269.79016,535.96826,106019.54,30.0,Palisades
2025-01-09 00:51:17.137258112,34.09748567393056,-118.576825912057,546.47046,597.9368,104860.92,30.0,Palisades
2025-01-09 00:51:17.137258112,34.07145843020336,-118.55640253905382,478.84857,583.70825,106873.26,30.0,Palisades
2025-01-09 00:56:17.136928000,34.045389075623206,-118.53591232702891,281.40045,521.24524,134497.19,30.0,Palisades
2025-01-09 00:56:17.136928000,34.068969962321546,-118.51880459364624,262.15454,538.66016,99494.68,30.0,Palisades
2025-01-09 00:56:17.136928000,34.09748567393056,-118.576825912057,488.54745,583.70825,109068.54,30.0,Palisades
2025-01-09 00:56:17.136928000,34.09499226178677,-118.53919286962353,720.5803,606.6168,126569.8,30.0,Palisades
2025-01-09 00:56:17.136928000,34.07145843020336,-118.55640253905382,477.17728,580.19226,110715.0,30.0,Palisades
2025-01-09 00:56:17.136928000,34.19264378683706,-118.15314315385929,171.16092,463.12222,200050.7,30.0,Eaton
2025-01-09 01:01:17.136607104,34.09499226178677,-118.53919286962353,633.4938,576.7862,152547.28,30.0,Palisades
2025-01-09 01:01:17.136607104,34.09748567393056,-118.576825912057,463.11472,566.07355,125960.0,30.0,Palisades
2025-01-09 01:01:17.136607104,34.19264378683706,-118.15314315385929,166.69722,462.1883,197916.4,30.0,Eaton
2025-01-09 01:01:17.136607104,34.07145843020336,-118.55640253905382,436.22455,560.41504,126752.74,30.0,Palisades
2025-01-09 01:06:17.136286976,34.07400704112978,-118.59415303589158,286.8416,550.03204,94494.32,30.0,Palisades
2025-01-09 01:06:17.136286976,34.09499226178677,-118.53919286962353,652.8164,584.80695,144010.08,30.0,Palisades
2025-01-09 01:06:17.136286976,34.09748567393056,-118.576825912057,439.9336,572.06165,111751.66,30.0,Palisades
2025-01-09 01:06:17.136286976,34.19264378683706,-118.15314315385929,164.23631,459.38654,204868.12,30.0,Eaton
2025-01-09 01:06:17.136286976,34.18510935004094,-118.04111019501573,145.13559,490.15106,108885.6,30.0,Eaton
2025-01-09 01:06:17.136286976,34.07145843020336,-118.55640253905382,450.6983,577.006,108275.8,30.0,Palisades
2025-01-09 01:11:17.135963008,34.19264378683706,-118.15314315385929,129.85207,434.06073,260055.02,30.0,Eaton
2025-01-09 01:11:17.135963008,34.09499226178677,-118.53919286962353,523.2608,551.95483,168341.1,30.0,Palisades
2025-01-09 01:11:17.135963008,34.09748567393056,-118.576825912057,393.8013,565.0847,108397.76,30.0,Palisades
2025-01-09 01:11:17.135963008,34.07145843020336,-118.55640253905382,414.5249,566.29333,112483.42,30.0,Palisades
2025-01-09 01:16:17.137447936,34.07145843020336,-118.55640253905382,409.41455,561.6786,117178.88,30.0,Palisades
2025-01-09 01:16:17.137447936,34.09499226178677,-118.53919286962353,567.7679,561.9533,161999.17,30.0,Palisades
2025-01-09 01:16:17.137447936,34.18510935004094,-118.04111019501573,167.66032,491.964,122362.18,30.0,Eaton
2025-01-09 01:16:17.137447936,34.19264378683706,-118.15314315385929,129.4245,439.33466,233833.62,30.0,Eaton
2025-01-09 01:16:17.137447936,34.09748567393056,-118.576825912057,366.1907,553.93256,114922.62,30.0,Palisades
2025-01-09 01:21:17.137131008,34.19264378683706,-118.15314315385929,118.25266,431.86328,247554.12,30.0,Eaton
2025-01-09 01:21:17.137131008,34.09499226178677,-118.53919286962353,426.15216,539.8688,159316.06,30.0,Palisades
2025-01-09 01:21:17.137131008,34.09748567393056,-118.576825912057,365.36774,534.8695,145656.53,30.0,Palisades
2025-01-09 01:21:17.137131008,34.07145843020336,-118.55640253905382,361.66922,540.9675,133338.58,30.0,Palisades
2025-01-09 01:21:17.137131008,34.068969962321546,-118.51880459364624,260.97076,543.165,93518.64,30.0,Palisades
2025-01-09 01:26:17.136809984,34.09499226178677,-118.53919286962353,442.23547,554.31714,138216.98,30.0,Palisades
2025-01-09 01:26:17.136809984,34.09748567393056,-118.576825912057,389.08377,572.611,98214.1,30.0,Palisades
2025-01-09 01:26:17.136809984,34.07145843020336,-118.55640253905382,371.46472,551.6802,119862.0,30.0,Palisades
2025-01-09 01:26:17.136809984,34.068969962321546,-118.51880459364624,295.15765,573.21533,74005.04,30.0,Palisades
2025-01-09 01:26:17.136809984,34.18510935004094,-118.04111019501573,164.06065,495.31512,113703.016,30.0,Eaton
2025-01-09 01:26:17.136809984,34.19264378683706,-118.15314315385929,118.48217,435.10452,232431.08,30.0,Eaton
2025-01-09 01:31:17.136494976,34.09748567393056,-118.576825912057,384.46838,551.845,123764.72,30.0,Palisades
2025-01-09 01:31:17.136494976,34.19264378683706,-118.15314315385929,122.44348,439.05997,222308.39,30.0,Eaton
2025-01-09 01:31:17.136494976,34.09499226178677,-118.53919286962353,481.5045,563.2718,135350.92,30.0,Palisades
2025-01-09 01:31:17.136494976,34.07145843020336,-118.55640253905382,374.9831,545.4723,130655.46,30.0,Palisades
2025-01-09 01:31:17.136494976,34.18510935004094,-118.04111019501573,233.202,523.55255,107909.92,30.0,Eaton
2025-01-09 01:36:17.136183040,34.18510935004094,-118.04111019501573,269.94492,541.18726,99189.78,30.0,Eaton
2025-01-09 01:36:17.136183040,34.07145843020336,-118.55640253905382,337.13373,530.52954,142180.67,30.0,Palisades
2025-01-09 01:36:17.136183040,34.09748567393056,-118.576825912057,414.02362,565.63403,113215.18,30.0,Palisades
2025-01-09 01:36:17.136183040,34.09499226178677,-118.53919286962353,530.19165,570.13885,137607.17,30.0,Palisades
2025-01-09 01:36:17.136183040,34.19264378683706,-118.15314315385929,121.21684,433.841,243895.31,30.0,Eaton
2025-01-09 01:41:17.135865984,34.07145843020336,-118.55640253905382,366.4392,548.71356,122667.08,30.0,Palisades
2025-01-09 01:41:17.135865984,34.068969962321546,-118.51880459364624,262.19827,534.7047,104677.98,30.0,Palisades
2025-01-09 01:41:17.135865984,34.09499226178677,-118.53919286962353,468.18872,549.3728,155352.36,30.0,Palisades
2025-01-09 01:41:17.135865984,34.10590391569991,-118.3339734215937,72.83935,451.80527,104129.16,10.0,Other
2025-01-09 01:41:17.135865984,34.10843350189725,-118.37152421585598,71.85728,478.99893,64370.2,10.0,Other
2025-01-09 01:41:17.135865984,34.09748567393056,-118.576825912057,331.267,557.3386,99860.56,30.0,Palisades
2025-01-09 01:41:17.135865984,34.19264378683706,-118.15314315385929,100.33062,418.1291,279019.8,30.0,Eaton
2025-01-09 01:41:17.135865984,34.18510935004094,-118.04111019501573,175.40796,488.503,134985.03,30.0,Eaton
2025-01-09 01:46:17.137358976,34.09748567393056,-118.576825912057,367.0437,554.48193,114495.76,30.0,Palisades
2025-01-09 01:46:17.137358976,34.09499226178677,-118.53919286962353,548.7637,568.38086,145351.64,30.0,Palisades
2025-01-09 01:46:17.137358976,34.07145843020336,-118.55640253905382,315.358,525.5303,142180.67,30.0,Palisades
2025-01-09 01:46:17.137358976,34.18510935004094,-118.04111019501573,180.17577,498.7212,118642.4,30.0,Eaton
2025-01-09 01:46:17.137358976,34.19264378683706,-118.15314315385929,105.48423,429.00656,233833.62,30.0,Eaton
2025-01-09 01:46:17.137358976,34.10843350189725,-118.37152421585598,126.088066,522.8933,58882.0,30.0,Other
2025-01-09 01:51:17.137048960,34.09748567393056,-118.576825912057,340.70163,554.9763,105592.68,30.0,Palisades
2025-01-09 01:51:17.137048960,34.09499226178677,-118.53919286962353,565.4798,573.98444,140534.22,30.0,Palisades
2025-01-09 01:51:17.137048960,34.07145843020336,-118.55640253905382,369.03098,552.17456,118337.5,30.0,Palisades
2025-01-09 01:51:17.137048960,34.18510935004094,-118.04111019501573,145.87456,471.143,148644.56,30.0,Eaton
2025-01-09 01:51:17.137048960,34.19264378683706,-118.15314315385929,111.3771,439.66428,199745.8,30.0,Eaton
2025-01-09 01:51:17.137048960,34.10590391569991,-118.3339734215937,241.17188,560.7447,69797.42,30.0,Other
2025-01-09 01:51:17.137048960,34.10843350189725,-118.37152421585598,247.43536,586.56494,53515.758,30.0,Other
2025-01-09 01:56:17.136737024,34.09748567393056,-118.576825912057,359.76263,554.3721,112361.46,30.0,Palisades
2025-01-09 01:56:17.136737024,34.09499226178677,-118.53919286962353,462.39594,558.6022,137241.3,30.0,Palisades
2025-01-09 01:56:17.136737024,34.18510935004094,-118.04111019501573,130.3181,462.7926,153035.12,30.0,Eaton
2025-01-09 01:56:17.136737024,34.19264378683706,-118.15314315385929,95.58398,425.65543,226820.92,30.0,Eaton
2025-01-09 01:56:17.136737024,34.10843350189725,-118.37152421585598,312.0625,593.70667,62601.78,30.0,Other
2025-01-09 01:56:17.136737024,34.068969962321546,-118.51880459364624,280.28357,568.21606,74370.92,30.0,Palisades
2025-01-09 01:56:17.136737024,34.07145843020336,-118.55640253905382,311.36047,534.15533,125228.24,30.0,Palisades
2025-01-09 02:01:17.136430976,34.09748567393056,-118.576825912057,371.9136,558.4374,110654.016,30.0,Palisades
2025-01-09 02:01:17.136430976,34.07145843020336,-118.55640253905382,348.6247,537.0121,135107.0,30.0,Palisades
2025-01-09 02:01:17.136430976,34.09499226178677,-118.53919286962353,520.8265,568.8753,137180.31,30.0,Palisades
2025-01-09 02:01:17.136430976,34.10843350189725,-118.37152421585598,264.9171,571.51227,67663.125,30.0,Other
2025-01-09 02:06:17.136126976,34.07145843020336,-118.55640253905382,355.429,546.5161,122179.24,30.0,Palisades
2025-01-09 02:06:17.136126976,34.09748567393056,-118.576825912057,341.99222,553.6029,107787.96,30.0,Palisades
2025-01-09 02:06:17.136126976,34.10843350189725,-118.37152421585598,272.5283,571.6771,69492.516,30.0,Other
2025-01-09 02:06:17.136126976,34.10590391569991,-118.3339734215937,213.30464,541.7366,77846.78,30.0,Other
2025-01-09 02:06:17.136126976,34.09499226178677,-118.53919286962353,427.70837,551.0758,139009.72,30.0,Palisades
2025-01-09 02:06:17.136126976,34.19264378683706,-118.15314315385929,94.00457,422.41415,238590.06,30.0,Eaton
2025-01-09 02:11:17.137620992,34.07145843020336,-118.55640253905382,346.99185,545.96674,120105.92,30.0,Palisades
2025-01-09 02:11:17.137620992,34.09499226178677,-118.53919286962353,555.52014,572.9407,139619.52,30.0,Palisades
2025-01-09 02:11:17.137620992,34.09748567393056,-118.576825912057,321.92444,556.8991,97543.32,30.0,Palisades
2025-01-09 02:11:17.137620992,34.10590391569991,-118.3339734215937,247.5048,545.03284,86688.88,30.0,Other
2025-01-09 02:11:17.137620992,34.10843350189725,-118.37152421585598,288.79837,584.6971,63760.4,30.0,Other
2025-01-09 02:11:17.137620992,34.19264378683706,-118.15314315385929,102.050255,432.3577,211392.98,30.0,Eaton
2025-01-09 02:16:17.137315968,34.19264378683706,-118.15314315385929,102.00606,434.39035,202794.8,30.0,Eaton
2025-01-09 02:16:17.137315968,34.07145843020336,-118.55640253905382,372.76004,559.09656,109983.24,30.0,Palisades
2025-01-09 02:16:17.137315968,34.10590391569991,-118.3339734215937,181.22966,509.48877,101994.86,30.0,Other
2025-01-09 02:16:17.137315968,34.10843350189725,-118.37152421585598,188.31674,524.15686,86505.94,30.0,Other
2025-01-09 02:16:17.137315968,34.09499226178677,-118.53919286962353,524.5306,574.97327,128887.04,30.0,Palisades
2025-01-09 02:16:17.137315968,34.09748567393056,-118.576825912057,326.8909,548.9883,109007.56,30.0,Palisades
2025-01-09 02:21:17.137020032,34.09748567393056,-118.576825912057,322.3607,550.80115,105104.836,30.0,Palisades
2025-01-09 02:21:17.137020032,34.10590391569991,-118.3339734215937,163.35663,512.18066,88518.28,30.0,Other
2025-01-09 02:21:17.137020032,34.10843350189725,-118.37152421585598,180.10675,528.5518,77968.74,30.0,Other
2025-01-09 02:21:17.137020032,34.07145843020336,-118.55640253905382,387.45816,559.2614,114129.88,30.0,Palisades
2025-01-09 02:21:17.137020032,34.19264378683706,-118.15314315385929,90.44592,423.23822,225662.3,30.0,Eaton
2025-01-09 02:21:17.137020032,34.09499226178677,-118.53919286962353,439.6204,551.0209,142912.44,30.0,Palisades
2025-01-09 02:26:17.136721024,34.10843350189725,-118.37152421585598,159.06435,516.63055,80956.76,30.0,Other
2025-01-09 02:26:17.136721024,34.09499226178677,-118.53919286962353,629.2392,591.83887,128643.12,30.0,Palisades
2025-01-09 02:26:17.136721024,34.07145843020336,-118.55640253905382,345.7931,534.9794,137607.17,30.0,Palisades
2025-01-09 02:26:17.136721024,34.19264378683706,-118.15314315385929,99.03001,438.51062,181634.73,30.0,Eaton
2025-01-09 02:26:17.136721024,34.09748567393056,-118.576825912057,368.95737,554.8115,114556.74,30.0,Palisades
2025-01-09 02:31:17.136417024,34.07145843020336,-118.55640253905382,373.3297,545.80194,129496.836,30.0,Palisades
2025-01-09 02:31:17.136417024,34.09499226178677,-118.53919286962353,744.06067,613.42896,122057.28,30.0,Palisades
2025-01-09 02:31:17.136417024,34.09748567393056,-118.576825912057,411.33273,564.70013,113642.04,30.0,Palisades
2025-01-09 02:31:17.136417024,34.19264378683706,-118.15314315385929,99.57234,441.75186,171634.02,30.0,Eaton
2025-01-09 02:31:17.136417024,34.10843350189725,-118.37152421585598,112.6001,480.09766,99006.836,30.0,Other
2025-01-09 02:36:17.136119040,34.09499226178677,-118.53919286962353,833.82806,624.9107,122423.16,30.0,Palisades
2025-01-09 02:36:17.136119040,34.09748567393056,-118.576825912057,473.8079,584.64215,104677.98,30.0,Palisades
2025-01-09 02:36:17.136119040,34.07145843020336,-118.55640253905382,371.8719,546.18646,128338.22,30.0,Palisades
2025-01-09 02:36:17.136119040,34.19264378683706,-118.15314315385929,97.24677,439.8291,173829.3,30.0,Eaton
2025-01-09 02:36:17.136119040,34.10843350189725,-118.37152421585598,97.70611,463.61667,113215.18,30.0,Other
2025-01-09 02:41:17.137633024,34.10843350189725,-118.37152421585598,119.65954,487.73386,93274.72,30.0,Other
2025-01-09 02:41:17.137633024,34.10590391569991,-118.3339734215937,115.79096,478.22983,104921.9,30.0,Other
2025-01-09 02:41:17.137633024,34.09499226178677,-118.53919286962353,1050.2314,640.29297,133704.47,30.0,Palisades
2025-01-09 02:41:17.137633024,34.19264378683706,-118.15314315385929,92.13118,436.14832,177000.27,30.0,Eaton
2025-01-09 02:41:17.137633024,34.09748567393056,-118.576825912057,436.85242,582.994,98275.08,30.0,Palisades
2025-01-09 02:41:17.137633024,34.07145843020336,-118.55640253905382,363.58395,548.6037,121813.36,30.0,Palisades
2025-01-09 02:46:17.137337984,34.09748567393056,-118.576825912057,427.29596,567.9414,113703.016,30.0,Palisades
2025-01-09 02:46:17.137337984,34.09499226178677,-118.53919286962353,817.93353,609.36365,139741.48,30.0,Palisades
2025-01-09 02:46:17.137337984,34.07145843020336,-118.55640253905382,382.48044,544.9779,134009.36,30.0,Palisades
2025-01-09 02:46:17.137337984,34.19264378683706,-118.15314315385929,89.67596,438.8402,163401.72,30.0,Eaton
2025-01-09 02:46:17.137337984,34.10590391569991,-118.3339734215937,105.45342,480.1526,92664.92,30.0,Other
2025-01-09 02:46:17.137337984,34.10843350189725,-118.37152421585598,109.31019,476.36197,102177.8,30.0,Other
2025-01-09 02:51:17.137037952,34.10843350189725,-118.37152421585598,93.17984,455.4311,124679.42,30.0,Other
2025-01-09 02:51:17.137037952,34.19264378683706,-118.15314315385929,90.41663,441.97162,155047.45,30.0,Eaton
2025-01-09 02:51:17.137037952,34.09748567393056,-118.576825912057,484.63736,581.01636,111385.78,30.0,Palisades
2025-01-09 02:51:17.137037952,34.09499226178677,-118.53919286962353,792.3096,603.7052,143278.31,30.0,Palisades
2025-01-09 02:51:17.137037952,34.07145843020336,-118.55640253905382,348.8138,532.1227,144132.03,30.0,Palisades
2025-01-09 02:56:17.136742912,34.10843350189725,-118.37152421585598,72.00832,436.91745,136387.58,30.0,Other
2025-01-09 02:56:17.136742912,34.07145843020336,-118.55640253905382,362.99432,537.28674,140229.31,30.0,Palisades
2025-01-09 02:56:17.136742912,34.07911807667682,-118.66977967232299,118.835236,519.70703,57967.3,30.0,Palisades
2025-01-09 02:56:17.136742912,34.09748567393056,-118.576825912057,482.28662,585.3563,105714.64,30.0,Palisades
2025-01-09 02:56:17.136742912,34.19264378683706,-118.15314315385929,92.69843,442.63086,157120.78,30.0,Eaton
2025-01-09 02:56:17.136742912,34.09499226178677,-118.53919286962353,750.5981,599.8596,141144.02,30.0,Palisades
2025-01-09 03:01:17.136457984,34.09748567393056,-118.576825912057,539.5346,607.331,94067.46,30.0,Palisades
2025-01-09 03:01:17.136457984,34.09499226178677,-118.53919286962353,1150.9546,644.52313,141022.06,30.0,Palisades
2025-01-09 03:01:17.136457984,34.07400704112978,-118.59415303589158,278.16257,535.74854,109556.38,30.0,Palisades
2025-01-09 03:01:17.136457984,34.07911807667682,-118.66977967232299,104.04399,498.77612,68455.86,30.0,Palisades
2025-01-09 03:01:17.136457984,34.07145843020336,-118.55640253905382,398.11536,558.6022,118154.56,30.0,Palisades
2025-01-09 03:01:17.136457984,34.19264378683706,-118.15314315385929,94.19015,441.53214,162913.88,30.0,Eaton
2025-01-09 03:01:17.136457984,34.10843350189725,-118.37152421585598,82.10215,455.8706,109007.56,30.0,Other
2025-01-09 03:06:17.137972992,34.09748567393056,-118.576825912057,548.7106,590.3556,113946.94,30.0,Palisades
2025-01-09 03:06:17.137972992,34.19264378683706,-118.15314315385929,89.578384,446.09186,142180.67,30.0,Eaton
2025-01-09 03:06:17.137972992,34.10843350189725,-118.37152421585598,66.74612,429.88556,145290.66,30.0,Other
2025-01-09 03:06:17.137972992,34.09499226178677,-118.53919286962353,889.1997,612.4401,147303.0,30.0,Palisades
2025-01-09 03:06:17.137972992,34.07145843020336,-118.55640253905382,379.51416,541.68164,138643.84,30.0,Palisades
2025-01-09 03:11:17.137676032,34.19264378683706,-118.15314315385929,79.96442,431.7534,167548.36,30.0,Eaton
2025-01-09 03:11:17.137676032,34.09748567393056,-118.576825912057,509.38956,588.6525,107787.96,30.0,Palisades
2025-01-09 03:11:17.137676032,34.09499226178677,-118.53919286962353,897.3584,613.26416,147485.94,30.0,Palisades
2025-01-09 03:11:17.137676032,34.068969962321546,-118.51880459364624,271.73123,537.89105,104190.14,30.0,Palisades
2025-01-09 03:11:17.137676032,34.07145843020336,-118.55640253905382,333.26746,533.27637,135594.84,30.0,Palisades
2025-01-09 03:16:17.137382016,34.09748567393056,-118.576825912057,464.66583,569.8642,120959.64,30.0,Palisades
2025-01-09 03:16:17.137382016,34.07145843020336,-118.55640253905382,345.15244,531.73816,143278.31,30.0,Palisades
2025-01-09 03:16:17.137382016,34.10843350189725,-118.37152421585598,45.747364,401.6481,184378.84,30.0,Other
2025-01-09 03:16:17.137382016,34.19264378683706,-118.15314315385929,82.00122,434.33542,163096.81,30.0,Eaton
2025-01-09 03:16:17.137382016,34.09499226178677,-118.53919286962353,850.7873,603.4854,154193.73,30.0,Palisades
2025-01-09 03:21:17.137094912,34.07145843020336,-118.55640253905382,298.04526,516.02625,153035.12,30.0,Palisades
2025-01-09 03:21:17.137094912,34.09748567393056,-118.576825912057,496.8061,581.67554,113398.12,30.0,Palisades
2025-01-09 03:21:17.137094912,34.09499226178677,-118.53919286962353,827.29663,602.7163,151083.77,30.0,Palisades
2025-01-09 03:26:17.136817024,34.19264378683706,-118.15314315385929,75.44803,421.91974,193403.88,30.0,Eaton
2025-01-09 03:26:17.136817024,34.09748567393056,-118.576825912057,462.341,587.6637,98823.9,30.0,Palisades
2025-01-09 03:26:17.136817024,34.09499226178677,-118.53919286962353,837.0301,606.7267,146815.16,30.0,Palisades
2025-01-09 03:26:17.136817024,34.07145843020336,-118.55640253905382,311.32608,531.1888,130106.64,30.0,Palisades
2025-01-09 03:31:17.136540032,34.09748567393056,-118.576825912057,389.30862,550.3617,127667.44,30.0,Palisades
2025-01-09 03:31:17.136540032,34.09499226178677,-118.53919286962353,771.95123,585.41125,169133.84,30.0,Palisades
2025-01-09 03:31:17.136540032,34.07145843020336,-118.55640253905382,354.4847,538.5503,134741.12,30.0,Palisades
2025-01-09 03:36:17.138056064,34.07145843020336,-118.55640253905382,312.5527,511.63132,170658.34,30.0,Palisades
2025-01-09 03:36:17.138056064,34.09499226178677,-118.53919286962353,723.86005,573.10547,181634.73,30.0,Palisades
2025-01-09 03:36:17.138056064,34.09748567393056,-118.576825912057,429.1804,556.6794,130350.56,30.0,Palisades
2025-01-09 03:41:17.137768960,34.09748567393056,-118.576825912057,433.9641,548.93335,144802.81,30.0,Palisades
2025-01-09 03:41:17.137768960,34.09499226178677,-118.53919286962353,631.871,593.15735,127423.516,30.0,Palisades
2025-01-09 03:41:17.137768960,34.07911807667682,-118.66977967232299,84.222244,406.4825,302131.22,30.0,Palisades
2025-01-09 03:41:17.137768960,34.07145843020336,-118.55640253905382,274.37704,521.5199,130533.5,30.0,Palisades
2025-01-09 03:46:17.137489024,34.07145843020336,-118.55640253905382,276.3032,525.75006,124191.58,30.0,Palisades
2025-01-09 03:46:17.137489024,34.09748567393056,-118.576825912057,373.4202,585.24646,81932.44,30.0,Palisades
2025-01-09 03:46:17.137489024,34.09499226178677,-118.53919286962353,609.8776,565.0298,167853.27,30.0,Palisades
2025-01-09 03:46:17.137489024,34.068969962321546,-118.51880459364624,295.26318,535.74854,116264.18,30.0,Palisades
2025-01-09 03:51:17.137216000,34.09499226178677,-118.53919286962353,790.1416,587.2242,169743.64,30.0,Palisades
2025-01-09 03:51:17.137216000,34.07911807667682,-118.66977967232299,85.0355,446.91592,132789.75,30.0,Palisades
2025-01-09 03:51:17.137216000,34.09748567393056,-118.576825912057,372.55038,557.39355,112178.516,30.0,Palisades
2025-01-09 03:56:17.136947072,34.09748567393056,-118.576825912057,349.41235,511.35663,191391.53,30.0,Palisades
2025-01-09 03:56:17.136947072,34.07145843020336,-118.55640253905382,268.42853,537.3417,103580.336,30.0,Palisades
2025-01-09 03:56:17.136947072,34.09499226178677,-118.53919286962353,788.29755,569.6444,205721.84,30.0,Palisades
2025-01-09 04:01:17.136667904,34.09748567393056,-118.576825912057,373.71,577.50037,89250.04,30.0,Palisades
2025-01-09 04:01:17.136667904,34.09499226178677,-118.53919286962353,787.33514,592.00366,160657.62,30.0,Palisades
2025-01-09 04:06:17.138185088,34.09748567393056,-118.576825912057,476.62064,579.2034,111751.66,30.0,Palisades
2025-01-09 04:06:17.138185088,34.09499226178677,-118.53919286962353,909.9027,612.3302,150900.81,30.0,Palisades
2025-01-09 04:11:17.137900928,34.07145843020336,-118.55640253905382,296.1303,541.4619,108397.76,30.0,Palisades
2025-01-09 04:11:17.137900928,34.068969962321546,-118.51880459364624,402.9486,559.4262,118398.48,30.0,Palisades
2025-01-09 04:11:17.137900928,34.09748567393056,-118.576825912057,472.86707,606.0125,83517.92,30.0,Palisades
2025-01-09 04:11:17.137900928,34.09499226178677,-118.53919286962353,859.077,592.9376,173646.36,30.0,Palisades
2025-01-09 04:16:17.137624064,34.09748567393056,-118.576825912057,544.11475,639.6338,69675.46,30.0,Palisades
2025-01-09 04:16:17.137624064,34.068969962321546,-118.51880459364624,346.41702,564.75507,95652.94,30.0,Palisades
2025-01-09 04:16:17.137624064,34.07145843020336,-118.55640253905382,271.81525,541.0774,100043.5,30.0,Palisades
2025-01-09 04:16:17.137624064,34.09499226178677,-118.53919286962353,1032.9847,634.6345,138399.92,30.0,Palisades
2025-01-09 04:21:17.137353984,34.068969962321546,-118.51880459364624,282.2423,572.3363,71443.88,30.0,Palisades
2025-01-09 04:21:17.137353984,34.07145843020336,-118.55640253905382,270.31897,572.39124,68394.875,30.0,Palisades
2025-01-09 04:21:17.137353984,34.09499226178677,-118.53919286962353,1463.3672,700.55853,113154.195,30.0,Palisades
2025-01-09 04:21:17.137353984,34.09748567393056,-118.576825912057,586.8073,725.7744,37721.94,30.0,Palisades
2025-01-09 04:26:17.137084928,34.09748567393056,-118.576825912057,608.5763,725.17017,39307.418,30.0,Palisades
2025-01-09 04:26:17.137084928,34.09499226178677,-118.53919286962353,1315.7297,681.44055,118032.6,30.0,Palisades
2025-01-09 04:26:17.137084928,34.07145843020336,-118.55640253905382,289.61826,558.8219,85713.2,30.0,Palisades
2025-01-09 04:26:17.137084928,34.092446994292104,-118.50148076618906,299.36798,630.5143,41685.64,30.0,Palisades
2025-01-09 04:31:17.138606976,34.07145843020336,-118.55640253905382,291.25934,632.6568,39795.258,30.0,Palisades
2025-01-09 04:31:17.138606976,34.09499226178677,-118.53919286962353,1117.5925,610.8469,187976.66,30.0,Palisades
2025-01-09 04:31:17.138606976,34.09748567393056,-118.576825912057,562.5988,603.81506,101568.0,30.0,Palisades
2025-01-09 04:36:17.138322944,34.068969962321546,-118.51880459364624,344.35645,,,33.0,Palisades
2025-01-09 04:36:17.138322944,34.09748567393056,-118.576825912057,423.16147,,,33.0,Palisades
2025-01-09 04:36:17.138322944,34.09499226178677,-118.53919286962353,779.324,754.06683,41319.758,30.0,Palisades
2025-01-09 04:41:17.138041984,34.09748567393056,-118.576825912057,453.7831,,,33.0,Palisades
2025-01-09 04:41:17.138041984,34.09499226178677,-118.53919286962353,819.0867,879.8718,21379.3,30.0,Palisades
2025-01-09 04:46:17.137768064,34.09748567393056,-118.576825912057,379.8698,706.76636,28026.12,30.0,Palisades
2025-01-09 04:46:17.137768064,34.09499226178677,-118.53919286962353,929.68146,659.9054,99616.64,30.0,Palisades
2025-01-09 04:46:17.137768064,34.068969962321546,-118.51880459364624,306.79828,564.31555,85164.38,30.0,Palisades
2025-01-09 04:51:17.137500032,34.09748567393056,-118.576825912057,443.584,648.6983,52357.14,30.0,Palisades
2025-01-09 04:51:17.137500032,34.09499226178677,-118.53919286962353,810.7303,656.0598,89798.86,30.0,Palisades
2025-01-09 04:56:17.137239040,34.09499226178677,-118.53919286962353,946.9528,597.6072,182244.53,30.0,Palisades
2025-01-09 04:56:17.137239040,34.09748567393056,-118.576825912057,367.00766,593.9814,73395.24,30.0,Palisades
2025-01-09 05:01:17.138775936,34.09499226178677,-118.53919286962353,781.3932,617.6041,123032.96,30.0,Palisades
2025-01-09 05:01:17.138775936,34.09748567393056,-118.576825912057,390.7588,,,33.0,Palisades
2025-01-09 05:06:17.138497920,34.09499226178677,-118.53919286962353,841.01917,595.5745,165292.1,30.0,Palisades
2025-01-09 05:06:17.138497920,34.09748567393056,-118.576825912057,386.66064,552.33936,123703.74,30.0,Palisades
2025-01-09 05:11:17.138217984,34.09748567393056,-118.576825912057,326.82822,575.96216,79432.26,30.0,Palisades
2025-01-09 05:11:17.138217984,34.09499226178677,-118.53919286962353,756.54346,590.5204,156876.86,30.0,Palisades
2025-01-09 05:16:17.137942016,34.09748567393056,-118.576825912057,328.15228,617.32947,51808.32,30.0,Palisades
2025-01-09 05:16:17.137942016,34.068969962321546,-118.51880459364624,274.09933,505.42346,163584.66,30.0,Palisades
2025-01-09 05:16:17.137942016,34.09499226178677,-118.53919286962353,715.29517,559.75586,209441.62,30.0,Palisades
2025-01-09 05:21:17.137671040,34.09748567393056,-118.576825912057,386.49982,531.07886,161816.23,30.0,Palisades
2025-01-09 05:21:17.137671040,34.09499226178677,-118.53919286962353,896.7813,590.4105,186147.27,30.0,Palisades
2025-01-09 05:21:17.137671040,34.07400704112978,-118.59415303589158,334.48056,519.8718,162669.95,30.0,Palisades
2025-01-09 05:26:17.139209088,34.09499226178677,-118.53919286962353,930.627,597.77203,178829.66,30.0,Palisades
2025-01-09 05:26:17.139209088,34.12108630986287,-118.55974309543153,284.36438,,,33.0,Palisades
2025-01-09 05:26:17.139209088,34.09748567393056,-118.576825912057,366.0781,611.1766,61382.18,30.0,Palisades
2025-01-09 05:26:17.139209088,34.068969962321546,-118.51880459364624,300.20312,519.6521,146510.27,30.0,Palisades
2025-01-09 05:31:17.138950016,34.09499226178677,-118.53919286962353,1067.5461,641.7763,134070.34,30.0,Palisades
2025-01-09 05:31:17.138950016,34.092446994292104,-118.50148076618906,286.79547,563.21686,80651.86,30.0,Palisades
2025-01-09 05:31:17.138950016,34.09748567393056,-118.576825912057,440.4687,636.1178,58211.22,30.0,Palisades
2025-01-09 05:36:17.138697984,34.09748567393056,-118.576825912057,473.02533,635.953,62601.78,30.0,Palisades
2025-01-09 05:36:17.138697984,34.09499226178677,-118.53919286962353,1037.9893,636.7221,136509.53,30.0,Palisades
2025-01-09 05:41:17.138445952,34.09499226178677,-118.53919286962353,1068.6746,613.9234,174439.1,30.0,Palisades
2025-01-09 05:41:17.138445952,34.09748567393056,-118.576825912057,508.70352,592.9376,102848.58,30.0,Palisades
2025-01-09 05:46:17.138182016,34.09748567393056,-118.576825912057,438.75418,588.43274,93030.8,30.0,Palisades
2025-01-09 05:46:17.138182016,34.09499226178677,-118.53919286962353,1143.5714,625.9545,166206.8,30.0,Palisades
2025-01-09 05:46:17.138182016,34.068969962321546,-118.51880459364624,288.32498,516.46576,147059.08,30.0,Palisades
2025-01-09 05:51:17.137910912,34.07400704112978,-118.59415303589158,254.41858,533.22144,103580.336,30.0,Palisades
2025-01-09 05:51:17.137910912,34.09748567393056,-118.576825912057,412.8248,605.68286,73151.32,30.0,Palisades
2025-01-09 05:51:17.137910912,34.09499226178677,-118.53919286962353,1261.7339,624.5811,185842.36,30.0,Palisades
2025-01-09 05:56:17.139446016,34.09499226178677,-118.53919286962353,1471.197,647.5446,175536.73,30.0,Palisades
2025-01-09 05:56:17.139446016,34.09748567393056,-118.576825912057,492.11948,622.4935,73944.06,30.0,Palisades
2025-01-09 06:01:17.139181952,34.09499226178677,-118.53919286962353,1469.6669,645.2373,178951.62,30.0,Palisades
2025-01-09 06:01:17.139181952,34.09748567393056,-118.576825912057,668.6629,645.51196,81200.68,30.0,Palisades
2025-01-09 06:06:17.138924928,34.09499226178677,-118.53919286962353,1475.0421,652.9284,167792.28,30.0,Palisades
2025-01-09 06:06:17.138924928,34.09748567393056,-118.576825912057,509.43643,619.1973,79005.4,30.0,Palisades
2025-01-09 06:06:17.138924928,34.068969962321546,-118.51880459364624,269.29846,512.0708,146022.42,30.0,Palisades
2025-01-09 06:11:17.138674944,34.09499226178677,-118.53919286962353,1367.9004,643.4244,169316.78,30.0,Palisades
2025-01-09 06:11:17.138674944,34.09748567393056,-118.576825912057,551.3969,629.91,77236.98,30.0,Palisades
2025-01-09 06:16:17.138432000,34.09748567393056,-118.576825912057,463.98566,616.56036,73822.1,30.0,Palisades
2025-01-09 06:16:17.138432000,34.07145843020336,-118.55640253905382,274.2695,505.1488,164316.42,30.0,Palisades
2025-01-09 06:16:17.138432000,34.09499226178677,-118.53919286962353,1475.0334,643.754,182061.6,30.0,Palisades
2025-01-09 06:21:17.138195968,34.09499226178677,-118.53919286962353,1447.6447,642.2707,181024.94,30.0,Palisades
2025-01-09 06:21:17.138195968,34.09748567393056,-118.576825912057,486.81845,623.0978,72724.46,30.0,Palisades
2025-01-09 06:21:17.138195968,34.092446994292104,-118.50148076618906,266.65753,541.18726,97970.18,30.0,Palisades
2025-01-09 06:21:17.138195968,34.07145843020336,-118.55640253905382,314.59454,520.25635,152303.36,30.0,Palisades
2025-01-09 06:26:17.139769984,34.09748567393056,-118.576825912057,635.00476,639.3591,81505.58,30.0,Palisades
2025-01-09 06:26:17.139769984,34.07145843020336,-118.55640253905382,305.61932,510.47766,169621.67,30.0,Palisades
2025-01-09 06:26:17.139769984,34.068969962321546,-118.51880459364624,395.58453,547.2303,134802.1,30.0,Palisades
2025-01-09 06:26:17.139769984,34.09499226178677,-118.53919286962353,1341.3145,633.6456,181390.81,30.0,Palisades
2025-01-09 06:31:17.139547904,34.07145843020336,-118.55640253905382,359.82608,525.4204,162365.06,30.0,Palisades
2025-01-09 06:31:17.139547904,34.07400704112978,-118.59415303589158,293.7744,552.72394,93579.62,30.0,Palisades
2025-01-09 06:31:17.139547904,34.092446994292104,-118.50148076618906,413.0412,611.45123,69126.64,30.0,Palisades
2025-01-09 06:31:17.139547904,34.09499226178677,-118.53919286962353,2464.6897,703.30536,186574.12,30.0,Palisades
2025-01-09 06:31:17.139547904,34.09748567393056,-118.576825912057,925.972,699.3499,72236.62,30.0,Palisades
2025-01-09 06:31:17.139547904,34.068969962321546,-118.51880459364624,343.7963,537.89105,131753.1,30.0,Palisades
2025-01-09 06:36:17.139332096,34.09748567393056,-118.576825912057,875.2977,693.4717,71443.88,30.0,Palisades
2025-01-09 06:36:17.139332096,34.092446994292104,-118.50148076618906,441.30276,613.6487,72236.62,30.0,Palisades
2025-01-09 06:36:17.139332096,34.09499226178677,-118.53919286962353,2430.8965,705.8324,180598.08,30.0,Palisades
2025-01-09 06:36:17.139332096,34.07400704112978,-118.59415303589158,291.0648,552.99866,92421.0,30.0,Palisades
2025-01-09 06:36:17.139332096,34.068969962321546,-118.51880459364624,349.5682,535.0343,138948.73,30.0,Palisades
2025-01-09 06:36:17.139332096,34.07145843020336,-118.55640253905382,360.10718,524.047,165597.0,30.0,Palisades
2025-01-09 06:41:17.139122944,34.09748567393056,-118.576825912057,823.34174,655.4006,91689.24,30.0,Palisades
2025-01-09 06:41:17.139122944,34.09499226178677,-118.53919286962353,2233.7593,685.7805,193525.84,30.0,Palisades
2025-01-09 06:41:17.139122944,34.07400704112978,-118.59415303589158,310.89948,553.8776,97604.3,30.0,Palisades
2025-01-09 06:41:17.139122944,34.07145843020336,-118.55640253905382,381.12308,527.83765,166511.7,30.0,Palisades
2025-01-09 06:41:17.139122944,34.092446994292104,-118.50148076618906,652.81726,640.84235,82664.2,30.0,Palisades
2025-01-09 06:46:17.138919040,34.068969962321546,-118.51880459364624,306.9646,512.34546,165901.9,30.0,Palisades
2025-01-09 06:46:17.138919040,34.09748567393056,-118.576825912057,765.80945,1063.3054,9549.18,30.0,Palisades
2025-01-09 06:46:17.138919040,34.092446994292104,-118.50148076618906,512.17566,612.82465,84493.6,30.0,Palisades
2025-01-09 06:46:17.138919040,34.09499226178677,-118.53919286962353,2458.2878,688.63727,208283.0,30.0,Palisades
2025-01-09 06:51:17.140524928,34.068969962321546,-118.51880459364624,328.42563,512.89484,176024.58,30.0,Palisades
2025-01-09 06:51:17.140524928,34.092446994292104,-118.50148076618906,535.35675,620.6257,81871.46,30.0,Palisades
2025-01-09 06:51:17.140524928,34.09499226178677,-118.53919286962353,2344.5337,679.90234,212917.48,30.0,Palisades
2025-01-09 06:51:17.140524928,34.09748567393056,-118.576825912057,628.9043,937.3356,12659.16,30.0,Palisades
2025-01-09 06:56:17.140333952,34.12108630986287,-118.55974309543153,264.69742,581.4009,60528.46,30.0,Palisades
2025-01-09 06:56:17.140333952,34.09748567393056,-118.576825912057,540.66656,,,33.0,Palisades
2025-01-09 06:56:17.140333952,34.092446994292104,-118.50148076618906,681.3911,637.8758,88701.22,30.0,Palisades
2025-01-09 06:56:17.140333952,34.09499226178677,-118.53919286962353,2293.2405,664.24536,236821.64,30.0,Palisades
2025-01-09 07:01:17.140148992,34.12108630986287,-118.55974309543153,384.501,697.86664,30343.36,30.0,Palisades
2025-01-09 07:01:17.140148992,34.068969962321546,-118.51880459364624,535.853,563.8761,149498.28,30.0,Palisades
2025-01-09 07:01:17.140148992,34.09499226178677,-118.53919286962353,1718.8326,620.296,263652.84,30.0,Palisades
2025-01-09 07:01:17.140148992,34.092446994292104,-118.50148076618906,532.45874,591.6741,109129.516,30.0,Palisades
2025-01-09 07:01:17.140148992,34.09748567393056,-118.576825912057,515.7638,734.7291,31136.1,30.0,Palisades
2025-01-09 07:06:17.139969024,34.092446994292104,-118.50148076618906,398.4825,548.71356,133277.6,30.0,Palisades
2025-01-09 07:06:17.139969024,34.09499226178677,-118.53919286962353,1548.982,611.0117,260176.98,30.0,Palisades
2025-01-09 07:06:17.139969024,34.09748567393056,-118.576825912057,492.4274,595.7943,96628.62,30.0,Palisades
2025-01-09 07:06:17.139969024,34.068969962321546,-118.51880459364624,676.4012,597.6072,130228.6,30.0,Palisades
2025-01-09 07:06:17.139969024,34.12108630986287,-118.55974309543153,366.944,761.59314,18513.24,30.0,Palisades
2025-01-09 07:06:17.139969024,34.07145843020336,-118.55640253905382,280.21942,538.4404,106629.336,30.0,Palisades
2025-01-09 07:11:17.139794944,34.09499226178677,-118.53919286962353,1724.0829,633.31604,233894.6,30.0,Palisades
2025-01-09 07:11:17.139794944,34.07911807667682,-118.66977967232299,88.46336,508.39005,50588.72,30.0,Palisades
2025-01-09 07:11:17.139794944,34.068969962321546,-118.51880459364624,374.04868,560.0305,109190.5,30.0,Palisades
2025-01-09 07:11:17.139794944,34.092446994292104,-118.50148076618906,508.1802,600.1892,95226.08,30.0,Palisades
2025-01-09 07:11:17.139794944,34.09748567393056,-118.576825912057,475.03882,598.2664,90835.516,30.0,Palisades
2025-01-09 07:11:17.139794944,34.07145843020336,-118.55640253905382,281.8398,509.2141,159255.08,30.0,Palisades
2025-01-09 07:16:17.139628032,34.092446994292104,-118.50148076618906,552.05304,603.76013,99738.6,30.0,Palisades
2025-01-09 07:16:17.139628032,34.068969962321546,-118.51880459364624,333.30783,544.04395,118154.56,30.0,Palisades
2025-01-09 07:16:17.139628032,34.07911807667682,-118.66977967232299,65.94106,479.43842,58577.098,30.0,Palisades
2025-01-09 07:16:17.139628032,34.09499226178677,-118.53919286962353,1583.1477,623.70215,235114.2,30.0,Palisades
2025-01-09 07:16:17.139628032,34.09748567393056,-118.576825912057,448.09622,597.77203,86140.06,30.0,Palisades
2025-01-09 07:21:17.141268992,34.09499226178677,-118.53919286962353,1325.3561,604.0897,238651.03,30.0,Palisades
2025-01-09 07:21:17.141268992,34.068969962321546,-118.51880459364624,361.8776,559.2065,106629.336,30.0,Palisades
2025-01-09 07:21:17.141268992,34.10003931690432,-118.6146118054029,239.57123,632.8216,32660.6,30.0,Palisades
2025-01-09 07:21:17.141268992,34.09748567393056,-118.576825912057,415.09695,585.1366,91201.4,30.0,Palisades
2025-01-09 07:21:17.141268992,34.092446994292104,-118.50148076618906,428.5317,575.19305,105043.86,30.0,Palisades
2025-01-09 07:26:17.141113984,34.09748567393056,-118.576825912057,371.50314,568.21606,98579.98,30.0,Palisades
2025-01-09 07:26:17.141113984,34.07911807667682,-118.66977967232299,76.72922,508.0055,44124.84,30.0,Palisades
2025-01-09 07:26:17.141113984,34.068969962321546,-118.51880459364624,476.94968,593.32214,96018.82,30.0,Palisades
2025-01-09 07:26:17.141113984,34.092446994292104,-118.50148076618906,356.94922,540.19836,132850.75,30.0,Palisades
2025-01-09 07:26:17.141113984,34.09499226178677,-118.53919286962353,1200.5443,590.5204,249017.64,30.0,Palisades
2025-01-09 07:31:17.140964992,34.09499226178677,-118.53919286962353,1050.9872,574.75354,258835.42,30.0,Palisades
2025-01-09 07:31:17.140964992,34.092446994292104,-118.50148076618906,330.12793,525.4204,148949.45,30.0,Palisades
2025-01-09 07:31:17.140964992,34.09748567393056,-118.576825912057,430.26538,599.6399,81078.72,30.0,Palisades
2025-01-09 07:31:17.140964992,34.068969962321546,-118.51880459364624,371.2221,563.052,104556.016,30.0,Palisades
2025-01-09 07:36:17.140823936,34.09499226178677,-118.53919286962353,1057.5433,576.8411,254566.81,30.0,Palisades
2025-01-09 07:36:17.140823936,34.092446994292104,-118.50148076618906,298.48825,523.99207,137302.28,30.0,Palisades
2025-01-09 07:36:17.140823936,34.068969962321546,-118.51880459364624,466.14935,575.0831,114434.78,30.0,Palisades
2025-01-09 07:36:17.140823936,34.09748567393056,-118.576825912057,358.34848,566.7877,96628.62,30.0,Palisades
2025-01-09 07:41:17.140691072,34.07911807667682,-118.66977967232299,56.75346,498.4465,37539.0,30.0,Palisades
2025-01-09 07:41:17.140691072,34.09748567393056,-118.576825912057,311.3676,559.92065,91018.46,30.0,Palisades
2025-01-09 07:41:17.140691072,34.09499226178677,-118.53919286962353,964.247,563.60144,269872.8,30.0,Palisades
2025-01-09 07:41:17.140691072,34.068969962321546,-118.51880459364624,410.60925,576.1819,99494.68,30.0,Palisades
2025-01-09 07:41:17.140691072,34.092446994292104,-118.50148076618906,306.33325,534.59485,122484.14,30.0,Palisades
2025-01-09 07:46:17.140564992,34.09748567393056,-118.576825912057,342.22195,593.2672,68943.7,30.0,Palisades
2025-01-09 07:46:17.140564992,34.07911807667682,-118.66977967232299,47.105003,510.86218,26013.78,30.0,Palisades
2025-01-09 07:46:17.140564992,34.092446994292104,-118.50148076618906,444.16092,592.8826,89798.86,30.0,Palisades
2025-01-09 07:46:17.140564992,34.068969962321546,-118.51880459364624,458.2633,596.23376,89493.96,30.0,Palisades
2025-01-09 07:46:17.140564992,34.09499226178677,-118.53919286962353,1486.1731,648.4786,175780.66,30.0,Palisades
2025-01-09 07:51:17.142251008,34.12108630986287,-118.55974309543153,378.47452,853.2825,11256.62,30.0,Palisades
2025-01-09 07:51:17.142251008,34.09748567393056,-118.576825912057,332.66287,601.8923,61260.22,30.0,Palisades
2025-01-09 07:51:17.142251008,34.092446994292104,-118.50148076618906,328.66943,536.188,128704.1,30.0,Palisades
2025-01-09 07:51:17.142251008,34.09499226178677,-118.53919286962353,1153.1027,593.32214,232065.2,30.0,Palisades
2025-01-09 07:51:17.142251008,34.068969962321546,-118.51880459364624,440.21176,604.14465,79249.32,30.0,Palisades
2025-01-09 07:56:17.142140928,34.092446994292104,-118.50148076618906,339.7937,556.8442,103031.516,30.0,Palisades
2025-01-09 07:56:17.142140928,34.12108630986287,-118.55974309543153,342.9749,855.58984,10098.0,30.0,Palisades
2025-01-09 07:56:17.142140928,34.068969962321546,-118.51880459364624,373.2047,587.16925,80225.0,30.0,Palisades
2025-01-09 07:56:17.142140928,34.09748567393056,-118.576825912057,319.84888,563.76624,89311.016,30.0,Palisades
2025-01-09 07:56:17.142140928,34.09499226178677,-118.53919286962353,1026.4149,578.26953,243041.6,30.0,Palisades
2025-01-09 08:01:17.142024960,34.09748567393056,-118.576825912057,343.71378,586.78467,74187.98,30.0,Palisades
2025-01-09 08:01:17.142024960,34.092446994292104,-118.50148076618906,286.69833,544.5933,100897.22,30.0,Palisades
2025-01-09 08:01:17.142024960,34.09499226178677,-118.53919286962353,1125.6622,613.4839,184500.8,30.0,Palisades
2025-01-09 08:06:17.141901056,34.092446994292104,-118.50148076618906,294.34573,558.2176,87786.516,30.0,Palisades
2025-01-09 08:06:17.141901056,34.09499226178677,-118.53919286962353,1089.1149,607.99023,188586.45,30.0,Palisades
2025-01-09 08:11:17.141779968,34.09499226178677,-118.53919286962353,748.7092,544.7581,262982.06,30.0,Palisades
2025-01-09 08:11:17.141779968,34.09748567393056,-118.576825912057,277.79175,602.44165,50893.62,30.0,Palisades
2025-01-09 08:16:17.143468032,34.09748567393056,-118.576825912057,287.79578,598.4862,54918.3,30.0,Palisades
2025-01-09 08:16:17.143468032,34.09499226178677,-118.53919286962353,778.5275,569.7543,202855.78,30.0,Palisades
2025-01-09 08:21:17.143361024,34.09499226178677,-118.53919286962353,811.1382,578.3794,191879.38,30.0,Palisades
2025-01-09 08:21:17.143361024,34.09748567393056,-118.576825912057,295.70874,587.60876,63211.58,30.0,Palisades
2025-01-09 08:26:17.143262080,34.09499226178677,-118.53919286962353,762.697,570.0839,198099.34,30.0,Palisades
2025-01-09 08:31:17.143172992,34.09499226178677,-118.53919286962353,605.03296,541.7366,220722.92,30.0,Palisades
2025-01-09 08:31:17.143172992,34.07911807667682,-118.66977967232299,113.77173,628.53656,16135.02,30.0,Palisades
2025-01-09 08:36:17.143092992,34.09499226178677,-118.53919286962353,638.25146,547.8346,215905.5,30.0,Palisades
2025-01-09 08:41:17.143022976,34.07911807667682,-118.66977967232299,66.75589,547.8895,22537.92,30.0,Palisades
2025-01-09 08:41:17.143022976,34.09499226178677,-118.53919286962353,452.6813,499.1607,296033.22,30.0,Palisades
2025-01-09 08:46:17.144761984,34.09748567393056,-118.576825912057,373.51312,599.6399,70407.22,30.0,Palisades
2025-01-09 08:46:17.144761984,34.09499226178677,-118.53919286962353,569.2482,547.8346,192428.2,30.0,Palisades
2025-01-09 08:51:17.144691968,34.09499226178677,-118.53919286962353,455.40134,516.4108,232492.06,30.0,Palisades
2025-01-09 08:51:17.144691968,34.09748567393056,-118.576825912057,308.64084,581.8953,70224.28,30.0,Palisades
2025-01-09 08:56:17.144616960,34.09748567393056,-118.576825912057,299.77524,577.5553,71565.836,30.0,Palisades
2025-01-09 08:56:17.144616960,34.07911807667682,-118.66977967232299,44.653385,501.08347,28392.0,30.0,Palisades
2025-01-09 08:56:17.144616960,34.09499226178677,-118.53919286962353,407.39233,503.88525,248590.78,30.0,Palisades
2025-01-09 09:01:17.144546048,34.09748567393056,-118.576825912057,267.9466,547.8895,90530.62,30.0,Palisades
2025-01-09 09:01:17.144546048,34.09499226178677,-118.53919286962353,390.34427,500.58905,249871.36,30.0,Palisades
2025-01-09 09:06:17.144484096,34.09499226178677,-118.53919286962353,419.94913,498.50146,277312.34,30.0,Palisades
2025-01-09 09:06:17.144484096,34.09748567393056,-118.576825912057,244.97139,555.03125,75895.42,30.0,Palisades
2025-01-09 09:11:17.146233984,34.09748567393056,-118.576825912057,298.06897,563.7113,83334.98,30.0,Palisades
2025-01-09 09:11:17.146233984,34.09499226178677,-118.53919286962353,416.47406,504.87408,250481.16,30.0,Palisades
2025-01-09 09:16:17.146190976,34.09748567393056,-118.576825912057,351.80838,572.1166,89311.016,30.0,Palisades
2025-01-09 09:16:17.146190976,34.09499226178677,-118.53919286962353,531.6591,521.9045,251517.81,30.0,Palisades
2025-01-09 09:21:17.146152960,34.09748567393056,-118.576825912057,371.4749,566.67786,100348.4,30.0,Palisades
2025-01-09 09:21:17.146152960,34.09499226178677,-118.53919286962353,592.594,546.0766,204746.16,30.0,Palisades
2025-01-09 09:26:17.146107008,34.09499226178677,-118.53919286962353,746.54767,562.5027,211636.9,30.0,Palisades
2025-01-09 09:26:17.146107008,34.09748567393056,-118.576825912057,326.42426,560.0305,95287.06,30.0,Palisades
2025-01-09 09:31:17.146057984,34.09748567393056,-118.576825912057,356.41217,563.7113,99555.66,30.0,Palisades
2025-01-09 09:31:17.146057984,34.09499226178677,-118.53919286962353,549.2243,530.91406,230296.78,30.0,Palisades
2025-01-09 09:36:17.146013952,34.09499226178677,-118.53919286962353,632.80426,545.19763,221088.8,30.0,Palisades
2025-01-09 09:36:17.146013952,34.09748567393056,-118.576825912057,343.32495,559.0416,101324.08,30.0,Palisades
2025-01-09 09:41:17.147783936,34.09748567393056,-118.576825912057,334.57434,548.10925,112788.32,30.0,Palisades
2025-01-09 09:41:17.147783936,34.09499226178677,-118.53919286962353,602.4654,542.0662,218954.5,30.0,Palisades
2025-01-09 09:46:17.147760000,34.09748567393056,-118.576825912057,302.5999,536.7923,117605.74,30.0,Palisades
2025-01-09 09:46:17.147760000,34.09499226178677,-118.53919286962353,619.91187,546.2414,213710.22,30.0,Palisades
2025-01-09 09:51:17.147742976,34.09499226178677,-118.53919286962353,527.9908,519.4323,258408.56,30.0,Palisades
2025-01-09 09:56:17.147716992,34.09748567393056,-118.576825912057,274.14145,528.16724,119252.195,30.0,Palisades
2025-01-09 09:56:17.147716992,34.09499226178677,-118.53919286962353,465.5603,510.4227,258530.52,30.0,Palisades
2025-01-09 10:01:17.147690112,34.09748567393056,-118.576825912057,249.65129,510.80725,137790.12,30.0,Palisades
2025-01-09 10:01:17.147690112,34.09499226178677,-118.53919286962353,519.8488,524.15686,238529.08,30.0,Palisades
2025-01-09 10:06:17.147670016,34.09499226178677,-118.53919286962353,472.69705,505.5883,281337.03,30.0,Palisades
2025-01-09 10:06:17.147670016,34.21371265897895,-118.09866985760715,89.2544,,,33.0,Eaton
2025-01-09 10:11:17.149463040,34.09499226178677,-118.53919286962353,474.22794,508.93942,268958.1,30.0,Palisades
2025-01-09 10:16:17.149459968,34.09499226178677,-118.53919286962353,331.06378,473.9997,321217.97,30.0,Palisades
2025-01-09 10:21:17.149449984,34.09499226178677,-118.53919286962353,432.5609,500.80878,276031.78,30.0,Palisades
2025-01-09 10:26:17.149438080,34.09499226178677,-118.53919286962353,428.78714,501.52295,270848.47,30.0,Palisades
2025-01-09 10:31:17.149432960,34.09499226178677,-118.53919286962353,356.00143,486.85486,280971.16,30.0,Palisades
2025-01-09 10:36:17.151240960,34.09499226178677,-118.53919286962353,418.26526,507.2364,242980.62,30.0,Palisades
2025-01-09 10:41:17.151255040,34.21371265897895,-118.09866985760715,80.971245,,,33.0,Eaton
2025-01-09 10:41:17.151255040,34.09499226178677,-118.53919286962353,410.51047,505.0389,246273.53,30.0,Palisades
2025-01-09 10:46:17.151262976,34.21371265897895,-118.09866985760715,88.81366,,,33.0,Eaton
2025-01-09 10:46:17.151262976,34.09499226178677,-118.53919286962353,373.5735,496.35892,254871.72,30.0,Palisades
2025-01-09 10:51:17.151265920,34.09499226178677,-118.53919286962353,338.29175,486.25058,269567.9,30.0,Palisades
2025-01-09 10:51:17.151265920,34.21371265897895,-118.09866985760715,64.673355,,,33.0,Eaton
2025-01-09 10:56:17.151275008,34.21371265897895,-118.09866985760715,57.202427,,,33.0,Eaton
2025-01-09 10:56:17.151275008,34.09499226178677,-118.53919286962353,376.6521,502.6217,233955.58,30.0,Palisades
2025-01-09 11:01:17.151293056,34.09499226178677,-118.53919286962353,361.8688,497.12802,243956.3,30.0,Palisades
2025-01-09 11:06:17.153120000,34.09499226178677,-118.53919286962353,380.72845,502.95132,235480.08,30.0,Palisades
2025-01-09 11:06:17.153120000,34.21371265897895,-118.09866985760715,80.84811,,,33.0,Eaton
2025-01-09 11:11:17.153136000,34.09499226178677,-118.53919286962353,349.49307,496.52374,237736.34,30.0,Palisades
2025-01-09 11:16:17.153150976,34.09499226178677,-118.53919286962353,379.9934,504.87408,228528.36,30.0,Palisades
2025-01-09 11:21:17.153174016,34.092446994292104,-118.50148076618906,286.21503,539.7589,107117.18,30.0,Palisades
2025-01-09 11:21:17.153174016,34.09499226178677,-118.53919286962353,696.1548,562.8323,196574.84,30.0,Palisades
2025-01-09 11:26:17.153206016,34.092446994292104,-118.50148076618906,264.8842,532.50726,108824.62,30.0,Palisades
2025-01-09 11:26:17.153206016,34.21371265897895,-118.09866985760715,58.217915,,,33.0,Eaton
2025-01-09 11:26:17.153206016,34.09499226178677,-118.53919286962353,761.33185,583.43353,170414.42,30.0,Palisades
2025-01-09 11:31:17.155037952,34.09499226178677,-118.53919286962353,850.033,587.1143,182793.36,30.0,Palisades
2025-01-09 11:31:17.155037952,34.092446994292104,-118.50148076618906,311.05197,569.2599,81566.56,30.0,Palisades
2025-01-09 11:36:17.155058944,34.09499226178677,-118.53919286962353,1398.791,649.6322,163767.6,30.0,Palisades
2025-01-09 11:36:17.155058944,34.092446994292104,-118.50148076618906,434.29965,599.8596,81688.516,30.0,Palisades
2025-01-09 11:41:17.155082880,34.092446994292104,-118.50148076618906,510.43793,602.44165,93457.66,30.0,Palisades
2025-01-09 11:41:17.155082880,34.09748567393056,-118.576825912057,342.69696,542.7804,123398.836,30.0,Palisades
2025-01-09 11:41:17.155082880,34.09499226178677,-118.53919286962353,1272.9703,625.9545,185049.62,30.0,Palisades
2025-01-09 11:46:17.155117952,34.09748567393056,-118.576825912057,348.07565,540.6928,128643.12,30.0,Palisades
2025-01-09 11:46:17.155117952,34.092446994292104,-118.50148076618906,382.27612,558.1077,114129.88,30.0,Palisades
2025-01-09 11:46:17.155117952,34.09499226178677,-118.53919286962353,1274.6716,628.9211,180171.22,30.0,Palisades
2025-01-09 11:51:17.155154944,34.09499226178677,-118.53919286962353,1093.6365,605.2434,194623.48,30.0,Palisades
2025-01-09 11:51:17.155154944,34.09748567393056,-118.576825912057,359.79956,537.1769,139131.67,30.0,Palisades
2025-01-09 11:51:17.155154944,34.092446994292104,-118.50148076618906,356.4735,543.27484,127545.48,30.0,Palisades
2025-01-09 11:56:17.155181952,34.09499226178677,-118.53919286962353,863.43616,555.7455,265116.38,30.0,Palisades
2025-01-09 11:56:17.155181952,34.09748567393056,-118.576825912057,301.79306,506.8518,176390.45,30.0,Palisades
2025-01-09 11:56:17.155181952,34.12108630986287,-118.55974309543153,457.11264,620.2411,70163.3,30.0,Palisades
2025-01-09 11:56:17.155181952,34.092446994292104,-118.50148076618906,284.15833,510.58752,157303.72,30.0,Palisades
2025-01-09 12:01:17.157013120,34.09499226178677,-118.53919286962353,970.604,576.8411,233528.72,30.0,Palisades
2025-01-09 12:01:17.157013120,34.09748567393056,-118.576825912057,281.7879,505.69815,167365.42,30.0,Palisades
2025-01-09 12:01:17.157013120,34.092446994292104,-118.50148076618906,310.28116,527.508,136143.66,30.0,Palisades
2025-01-09 12:06:17.157047936,34.09499226178677,-118.53919286962353,932.1795,573.9295,231699.31,30.0,Palisades
2025-01-09 12:06:17.157047936,34.09748567393056,-118.576825912057,355.153,528.0574,154681.58,30.0,Palisades
2025-01-09 12:06:17.157047936,34.092446994292104,-118.50148076618906,307.08554,517.8392,153583.94,30.0,Palisades
2025-01-09 12:11:17.157091968,34.092446994292104,-118.50148076618906,322.18448,531.2437,134558.19,30.0,Palisades
2025-01-09 12:11:17.157091968,34.09499226178677,-118.53919286962353,1135.6967,597.38745,219137.44,30.0,Palisades
2025-01-09 12:11:17.157091968,34.09748567393056,-118.576825912057,372.49722,530.91406,156267.06,30.0,Palisades
2025-01-09 12:16:17.157127936,34.092446994292104,-118.50148076618906,425.7039,566.1834,115593.4,30.0,Palisades
2025-01-09 12:16:17.157127936,34.12108630986287,-118.55974309543153,269.36545,495.8645,185049.62,30.0,Palisades
2025-01-09 12:16:17.157127936,34.09499226178677,-118.53919286962353,1626.023,643.4793,201148.34,30.0,Palisades
2025-01-09 12:16:17.157127936,34.09748567393056,-118.576825912057,553.81396,571.6222,141326.95,30.0,Palisades
2025-01-09 12:21:17.157160064,34.092446994292104,-118.50148076618906,324.2186,541.407,118825.336,30.0,Palisades
2025-01-09 12:21:17.157160064,34.09499226178677,-118.53919286962353,1798.7028,635.5684,238955.94,30.0,Palisades
2025-01-09 12:21:17.157160064,34.21371265897895,-118.09866985760715,64.61921,,,33.0,Eaton
2025-01-09 12:21:17.157160064,34.12108630986287,-118.55974309543153,410.7106,570.6333,106019.54,30.0,Palisades
2025-01-09 12:21:17.157160064,34.09748567393056,-118.576825912057,679.58105,599.3652,128399.195,30.0,Palisades
2025-01-09 12:26:17.157197056,34.09499226178677,-118.53919286962353,1547.1305,618.64795,241151.22,30.0,Palisades
2025-01-09 12:26:17.157197056,34.09748567393056,-118.576825912057,553.1925,572.7758,139314.62,30.0,Palisades
2025-01-09 12:26:17.157197056,34.12108630986287,-118.55974309543153,442.36853,581.73047,100836.24,30.0,Palisades
2025-01-09 12:31:17.159047936,34.09748567393056,-118.576825912057,433.2205,542.9452,155718.23,30.0,Palisades
2025-01-09 12:31:17.159047936,34.09499226178677,-118.53919286962353,1475.71,622.8231,220905.86,30.0,Palisades
2025-01-09 12:31:17.159047936,34.092446994292104,-118.50148076618906,338.63947,540.6379,125228.24,30.0,Palisades
2025-01-09 12:36:17.159090944,34.09748567393056,-118.576825912057,462.29706,542.286,167548.36,30.0,Palisades
2025-01-09 12:36:17.159090944,34.09499226178677,-118.53919286962353,1398.5101,610.4624,236272.81,30.0,Palisades
2025-01-09 12:36:17.159090944,34.092446994292104,-118.50148076618906,440.9953,562.28296,125289.22,30.0,Palisades
2025-01-09 12:41:17.159123968,34.09748567393056,-118.576825912057,561.3757,566.67786,151510.62,30.0,Palisades
2025-01-09 12:41:17.159123968,34.092446994292104,-118.50148076618906,325.85815,544.48346,114861.64,30.0,Palisades
2025-01-09 12:41:17.159123968,34.09499226178677,-118.53919286962353,1392.9612,620.4609,213283.36,30.0,Palisades
2025-01-09 12:46:17.159160064,34.12108630986287,-118.55974309543153,369.87198,556.13,113032.24,30.0,Palisades
2025-01-09 12:46:17.159160064,34.092446994292104,-118.50148076618906,392.90576,557.5034,118154.56,30.0,Palisades
2025-01-09 12:46:17.159160064,34.09499226178677,-118.53919286962353,1383.5455,604.96875,246883.34,30.0,Palisades
2025-01-09 12:46:17.159160064,34.09748567393056,-118.576825912057,494.10913,548.87836,164926.22,30.0,Palisades
2025-01-09 12:51:17.159204992,34.09748567393056,-118.576825912057,441.1237,550.4166,144497.92,30.0,Palisades
2025-01-09 12:51:17.159204992,34.09499226178677,-118.53919286962353,1548.4049,622.2188,233223.81,30.0,Palisades
2025-01-09 12:51:17.159204992,34.092446994292104,-118.50148076618906,295.49228,542.67053,106507.38,30.0,Palisades
2025-01-09 12:56:17.161054976,34.12108630986287,-118.55974309543153,292.01175,525.75006,131143.3,30.0,Palisades
2025-01-09 12:56:17.161054976,34.09748567393056,-118.576825912057,397.62753,539.8688,148522.6,30.0,Palisades
2025-01-09 12:56:17.161054976,34.09499226178677,-118.53919286962353,1367.6322,599.8047,257371.89,30.0,Palisades
2025-01-09 12:56:17.161054976,34.092446994292104,-118.50148076618906,345.92615,551.79004,111446.76,30.0,Palisades
2025-01-09 13:01:17.161092096,34.092446994292104,-118.50148076618906,338.39545,558.71204,100348.4,30.0,Palisades
2025-01-09 13:01:17.161092096,34.09748567393056,-118.576825912057,441.13895,552.5042,140839.12,30.0,Palisades
2025-01-09 13:01:17.161092096,34.09499226178677,-118.53919286962353,1372.9786,600.6287,256213.28,30.0,Palisades
2025-01-09 13:06:17.161126912,34.092446994292104,-118.50148076618906,277.33115,532.23254,114312.82,30.0,Palisades
2025-01-09 13:06:17.161126912,34.09499226178677,-118.53919286962353,1095.1317,574.75354,269689.84,30.0,Palisades
2025-01-09 13:06:17.161126912,34.09748567393056,-118.576825912057,462.21848,538.7151,175231.84,30.0,Palisades
2025-01-09 13:06:17.161126912,34.12108630986287,-118.55974309543153,348.69852,561.40393,100104.48,30.0,Palisades
2025-01-09 13:11:17.161169024,34.09499226178677,-118.53919286962353,1402.1702,612.9895,231028.53,30.0,Palisades
2025-01-09 13:11:17.161169024,34.09748567393056,-118.576825912057,474.3153,562.0632,135107.0,30.0,Palisades
2025-01-09 13:16:17.161216000,34.09499226178677,-118.53919286962353,1284.0088,593.1024,259079.34,30.0,Palisades
2025-01-09 13:16:17.161216000,34.09748567393056,-118.576825912057,408.5638,553.71277,128582.14,30.0,Palisades
2025-01-09 13:16:17.161216000,34.12108630986287,-118.55974309543153,292.11768,544.20874,103275.44,30.0,Palisades
2025-01-09 13:21:17.161255040,34.09748567393056,-118.576825912057,423.1763,553.1085,134131.31,30.0,Palisades
2025-01-09 13:21:17.161255040,34.09499226178677,-118.53919286962353,1290.4231,599.3652,243895.31,30.0,Palisades
2025-01-09 13:21:17.161255040,34.092446994292104,-118.50148076618906,309.30396,549.48267,102421.72,30.0,Palisades
2025-01-09 13:21:17.161255040,34.21371265897895,-118.09866985760715,165.86351,,,33.0,Eaton
2025-01-09 13:26:17.163092992,34.092446994292104,-118.50148076618906,288.31238,522.8384,134619.16,30.0,Palisades
2025-01-09 13:26:17.163092992,34.12108630986287,-118.55974309543153,470.94952,608.155,81444.6,30.0,Palisades
2025-01-09 13:26:17.163092992,34.09499226178677,-118.53919286962353,1062.3661,570.029,276031.78,30.0,Palisades
2025-01-09 13:26:17.163092992,34.09748567393056,-118.576825912057,502.92908,552.669,160291.73,30.0,Palisades
2025-01-09 13:26:17.163092992,34.21371265897895,-118.09866985760715,128.33965,,,33.0,Eaton
2025-01-09 13:31:17.163133952,34.09748567393056,-118.576825912057,526.4905,558.4374,156510.98,30.0,Palisades
2025-01-09 13:31:17.163133952,34.07145843020336,-118.55640253905382,281.76068,506.687,164987.2,30.0,Palisades
2025-01-09 13:31:17.163133952,34.09499226178677,-118.53919286962353,1315.7374,604.6391,235602.03,30.0,Palisades
2025-01-09 13:31:17.163133952,34.21371265897895,-118.09866985760715,103.90742,,,33.0,Eaton
2025-01-09 13:31:17.163133952,34.092446994292104,-118.50148076618906,352.29507,549.208,117117.9,30.0,Palisades
2025-01-09 13:36:17.163180032,34.21371265897895,-118.09866985760715,285.45438,606.8915,49978.918,30.0,Eaton
2025-01-09 13:36:17.163180032,34.12108630986287,-118.55974309543153,276.52786,504.87408,166267.78,30.0,Palisades
2025-01-09 13:36:17.163180032,34.09748567393056,-118.576825912057,607.4446,569.15,159438.02,30.0,Palisades
2025-01-09 13:36:17.163180032,34.09499226178677,-118.53919286962353,1417.387,616.72516,225113.48,30.0,Palisades
2025-01-09 13:36:17.163180032,34.092446994292104,-118.50148076618906,371.02808,559.591,108824.62,30.0,Palisades
2025-01-09 13:41:17.163216000,34.21371265897895,-118.09866985760715,168.48622,547.6698,57052.598,30.0,Eaton
2025-01-09 13:41:17.163216000,34.092446994292104,-118.50148076618906,399.2286,569.3148,104556.016,30.0,Palisades
2025-01-09 13:41:17.163216000,34.12108630986287,-118.55974309543153,450.82077,585.1915,99006.836,30.0,Palisades
2025-01-09 13:41:17.163216000,34.09499226178677,-118.53919286962353,1943.7451,649.35754,228223.45,30.0,Palisades
2025-01-09 13:41:17.163216000,34.09748567393056,-118.576825912057,703.4942,613.97833,114739.68,30.0,Palisades
2025-01-09 13:46:17.163246080,34.092446994292104,-118.50148076618906,444.05322,601.12317,82420.28,30.0,Palisades
2025-01-09 13:46:17.163246080,34.1235847076586,-118.59741155618087,455.89758,705.5028,33941.18,30.0,Palisades
2025-01-09 13:46:17.163246080,34.068969962321546,-118.51880459364624,429.44846,638.0955,55772.02,30.0,Palisades
2025-01-09 13:46:17.163246080,34.12108630986287,-118.55974309543153,1227.6766,800.5982,48820.3,30.0,Palisades
2025-01-09 13:46:17.163246080,34.09499226178677,-118.53919286962353,2027.6014,622.8231,303594.75,30.0,Palisades
2025-01-09 13:46:17.163246080,34.09748567393056,-118.576825912057,855.1561,637.4363,111751.66,30.0,Palisades
2025-01-09 13:46:17.163246080,34.21371265897895,-118.09866985760715,196.88765,549.1531,65528.82,30.0,Eaton
2025-01-09 13:46:17.163246080,34.11853599500932,-118.52199548498274,281.48175,562.0632,80164.016,30.0,Palisades
2025-01-09 13:51:17.165081984,34.21371265897895,-118.09866985760715,189.7945,542.6156,68455.86,30.0,Eaton
2025-01-09 13:51:17.165081984,34.09748567393056,-118.576825912057,843.3151,659.5208,90652.58,30.0,Palisades
2025-01-09 13:51:17.165081984,34.12108630986287,-118.55974309543153,525.3281,591.6741,107605.016,30.0,Palisades
2025-01-09 13:51:17.165081984,34.07400704112978,-118.59415303589158,276.7229,528.60675,119618.08,30.0,Palisades
2025-01-09 13:51:17.165081984,34.09499226178677,-118.53919286962353,2555.6914,693.74634,208100.06,30.0,Palisades
2025-01-09 13:51:17.165081984,34.092446994292104,-118.50148076618906,489.84293,596.3436,95530.98,30.0,Palisades
2025-01-09 13:51:17.165081984,34.07145843020336,-118.55640253905382,299.94467,512.94977,160596.64,30.0,Palisades
2025-01-09 13:56:17.165122944,34.21371265897895,-118.09866985760715,143.69208,507.29132,83395.96,30.0,Eaton
2025-01-09 13:56:17.165122944,34.07400704112978,-118.59415303589158,326.08032,553.16345,103275.44,30.0,Palisades
2025-01-09 13:56:17.165122944,34.10003931690432,-118.6146118054029,373.41324,605.9576,65955.68,30.0,Palisades
2025-01-09 13:56:17.165122944,34.09499226178677,-118.53919286962353,2019.8325,667.212,203465.58,30.0,Palisades
2025-01-09 13:56:17.165122944,34.07145843020336,-118.55640253905382,446.8193,570.0839,116020.26,30.0,Palisades
2025-01-09 13:56:17.165122944,34.12108630986287,-118.55974309543153,372.19263,531.1888,155535.3,30.0,Palisades
2025-01-09 13:56:17.165122944,34.092446994292104,-118.50148076618906,536.58777,597.82697,103031.516,30.0,Palisades
2025-01-09 13:56:17.165122944,34.09748567393056,-118.576825912057,905.01227,650.8408,104860.92,30.0,Palisades
2025-01-09 14:01:17.165160960,34.09748567393056,-118.576825912057,905.43317,644.13855,111324.8,30.0,Palisades
2025-01-09 14:01:17.165160960,34.09499226178677,-118.53919286962353,1712.7239,614.3629,278349.03,30.0,Palisades
2025-01-09 14:01:17.165160960,34.092446994292104,-118.50148076618906,439.5606,555.41583,135533.86,30.0,Palisades
2025-01-09 14:01:17.165160960,34.07400704112978,-118.59415303589158,493.799,590.7401,102116.82,30.0,Palisades
2025-01-09 14:01:17.165160960,34.07145843020336,-118.55640253905382,696.3722,614.0882,113459.1,30.0,Palisades
2025-01-09 14:01:17.165160960,34.21371265897895,-118.09866985760715,200.26895,536.4077,78212.66,30.0,Eaton
2025-01-09 14:01:17.165160960,34.12108630986287,-118.55974309543153,577.44055,635.01904,77115.016,30.0,Palisades
2025-01-09 14:01:17.165160960,34.10003931690432,-118.6146118054029,393.38217,603.87,71017.016,30.0,Palisades
2025-01-09 14:06:17.165186944,34.21371265897895,-118.09866985760715,286.4947,583.6533,63943.34,30.0,Eaton
2025-01-09 14:06:17.165186944,34.09748567393056,-118.576825912057,928.2248,606.8915,162487.02,30.0,Palisades
2025-01-09 14:06:17.165186944,34.07145843020336,-118.55640253905382,566.6127,574.0943,140595.2,30.0,Palisades
2025-01-09 14:06:17.165186944,34.10003931690432,-118.6146118054029,292.89545,569.2599,76749.14,30.0,Palisades
2025-01-09 14:06:17.165186944,34.09499226178677,-118.53919286962353,1594.3302,614.253,259384.23,30.0,Palisades
2025-01-09 14:06:17.165186944,34.092446994292104,-118.50148076618906,373.0091,538.49536,141814.8,30.0,Palisades
2025-01-09 14:06:17.165186944,34.12108630986287,-118.55974309543153,390.60284,540.58295,144558.9,30.0,Palisades
2025-01-09 14:06:17.165186944,34.07400704112978,-118.59415303589158,384.82144,561.8984,109861.28,30.0,Palisades
2025-01-09 14:11:17.165213952,34.07145843020336,-118.55640253905382,529.2325,561.40393,151998.45,30.0,Palisades
2025-01-09 14:11:17.165213952,34.21371265897895,-118.09866985760715,191.6161,529.6505,81749.5,30.0,Eaton
2025-01-09 14:11:17.165213952,34.09748567393056,-118.576825912057,837.005,599.2004,158462.34,30.0,Palisades
2025-01-09 14:11:17.165213952,34.09499226178677,-118.53919286962353,1460.9862,609.1439,250054.3,30.0,Palisades
2025-01-09 14:11:17.165213952,34.07400704112978,-118.59415303589158,327.90176,544.42847,115654.38,30.0,Palisades
2025-01-09 14:11:17.165213952,34.092446994292104,-118.50148076618906,377.23807,536.29785,147546.92,30.0,Palisades
2025-01-09 14:16:17.165246976,34.092446994292104,-118.50148076618906,375.77988,545.08777,131387.22,30.0,Palisades
2025-01-09 14:16:17.165246976,34.09499226178677,-118.53919286962353,1458.2115,601.7274,269080.06,30.0,Palisades
2025-01-09 14:16:17.165246976,34.09748567393056,-118.576825912057,900.2817,625.40515,131509.19,30.0,Palisades
2025-01-09 14:16:17.165246976,34.10003931690432,-118.6146118054029,387.1896,621.3948,58760.04,30.0,Palisades
2025-01-09 14:16:17.165246976,34.12108630986287,-118.55974309543153,421.9969,565.5791,115410.46,30.0,Palisades
2025-01-09 14:16:17.165246976,34.07145843020336,-118.55640253905382,344.14868,527.23334,151510.62,30.0,Palisades
2025-01-09 14:16:17.165246976,34.21371265897895,-118.09866985760715,112.40576,474.7688,107666.0,30.0,Eaton
2025-01-09 14:21:17.167080064,34.07400704112978,-118.59415303589158,279.93393,518.0589,139619.52,30.0,Palisades
2025-01-09 14:21:17.167080064,34.092446994292104,-118.50148076618906,451.9391,548.4389,151693.56,30.0,Palisades
2025-01-09 14:21:17.167080064,34.09499226178677,-118.53919286962353,1527.0355,601.28796,282983.5,30.0,Palisades
2025-01-09 14:21:17.167080064,34.21371265897895,-118.09866985760715,220.34056,535.2541,87298.68,30.0,Eaton
2025-01-09 14:21:17.167080064,34.09748567393056,-118.576825912057,689.2573,589.86115,143888.12,30.0,Palisades
2025-01-09 14:21:17.167080064,34.12108630986287,-118.55974309543153,413.79794,569.20496,108519.72,30.0,Palisades
2025-01-09 14:21:17.167080064,34.07145843020336,-118.55640253905382,456.33746,546.5161,156754.9,30.0,Palisades
2025-01-09 14:26:17.167099904,34.12108630986287,-118.55974309543153,553.7929,667.2669,55772.02,30.0,Palisades
2025-01-09 14:26:17.167099904,34.21371265897895,-118.09866985760715,225.55852,554.9763,69858.4,30.0,Eaton
2025-01-09 14:26:17.167099904,34.092446994292104,-118.50148076618906,328.4626,526.68396,145656.53,30.0,Palisades
2025-01-09 14:26:17.167099904,34.09499226178677,-118.53919286962353,1310.107,574.5338,323474.22,30.0,Palisades
2025-01-09 14:26:17.167099904,34.07145843020336,-118.55640253905382,346.28958,513.1146,184988.64,30.0,Palisades
2025-01-09 14:26:17.167099904,34.09748567393056,-118.576825912057,651.90857,577.9948,154864.52,30.0,Palisades
2025-01-09 14:31:17.167120000,34.21371265897895,-118.09866985760715,259.52933,572.7209,65406.86,30.0,Eaton
2025-01-09 14:31:17.167120000,34.092446994292104,-118.50148076618906,493.44827,589.147,103824.26,30.0,Palisades
2025-01-09 14:31:17.167120000,34.09499226178677,-118.53919286962353,1581.946,621.5596,239809.66,30.0,Palisades
2025-01-09 14:31:17.167120000,34.09748567393056,-118.576825912057,568.4273,572.50116,143644.2,30.0,Palisades
2025-01-09 14:31:17.167120000,34.12108630986287,-118.55974309543153,316.08353,508.11536,181268.86,30.0,Palisades
2025-01-09 14:31:17.167120000,34.07145843020336,-118.55640253905382,333.7388,524.87103,151693.56,30.0,Palisades
2025-01-09 14:36:17.167145984,34.21371265897895,-118.09866985760715,387.3013,595.19,76444.24,30.0,Eaton
2025-01-09 14:36:17.167145984,34.10003931690432,-118.6146118054029,253.0363,578.04974,60101.598,30.0,Palisades
2025-01-09 14:36:17.167145984,34.12108630986287,-118.55974309543153,454.6729,601.45276,84066.74,30.0,Palisades
2025-01-09 14:36:17.167145984,34.092446994292104,-118.50148076618906,463.2818,569.4796,121142.58,30.0,Palisades
2025-01-09 14:36:17.167145984,34.09499226178677,-118.53919286962353,1329.8203,590.46545,275909.8,30.0,Palisades
2025-01-09 14:36:17.167145984,34.09748567393056,-118.576825912057,660.2438,593.5419,132545.84,30.0,Palisades
2025-01-09 14:36:17.167145984,34.23982112289933,-118.11896947613783,359.0259,624.1416,53088.9,30.0,Eaton
2025-01-09 14:36:17.167145984,34.07145843020336,-118.55640253905382,281.12915,498.39157,185903.34,30.0,Palisades
2025-01-09 14:41:17.167170048,34.21371265897895,-118.09866985760715,507.42914,624.9657,74431.9,30.0,Eaton
2025-01-09 14:41:17.167170048,34.092446994292104,-118.50148076618906,625.25616,613.2092,102787.6,30.0,Palisades
2025-01-09 14:41:17.167170048,34.12108630986287,-118.55974309543153,344.23782,513.71893,182427.48,30.0,Palisades
2025-01-09 14:41:17.167170048,34.09499226178677,-118.53919286962353,1593.6367,624.1416,235602.03,30.0,Palisades
2025-01-09 14:41:17.167170048,34.07145843020336,-118.55640253905382,351.805,528.5518,152303.36,30.0,Palisades
2025-01-09 14:41:17.167170048,34.09748567393056,-118.576825912057,528.06134,564.31555,146571.23,30.0,Palisades
2025-01-09 14:46:17.167184000,34.12108630986287,-118.55974309543153,354.7235,556.02014,108580.695,30.0,Palisades
2025-01-09 14:46:17.167184000,34.09748567393056,-118.576825912057,548.6242,568.16113,145656.53,30.0,Palisades
2025-01-09 14:46:17.167184000,34.09499226178677,-118.53919286962353,1536.2118,623.5373,228467.38,30.0,Palisades
2025-01-09 14:46:17.167184000,34.21371265897895,-118.09866985760715,364.3303,592.1135,74309.94,30.0,Eaton
2025-01-09 14:46:17.167184000,34.092446994292104,-118.50148076618906,485.03513,578.26953,114861.64,30.0,Palisades
2025-01-09 14:51:17.169000064,34.21371265897895,-118.09866985760715,1299.2186,747.6393,71870.74,30.0,Eaton
2025-01-09 14:51:17.169000064,34.23982112289933,-118.11896947613783,367.16138,574.4789,90713.56,30.0,Eaton
2025-01-09 14:51:17.169000064,34.21622840368383,-118.13604847045053,288.3616,,,33.0,Eaton
2025-01-09 14:51:17.169000064,34.09499226178677,-118.53919286962353,1548.8029,623.1528,231150.5,30.0,Palisades
2025-01-09 14:51:17.169000064,34.09748567393056,-118.576825912057,482.47308,552.55914,153949.81,30.0,Palisades
2025-01-09 14:51:17.169000064,34.092446994292104,-118.50148076618906,473.6398,587.8285,101080.16,30.0,Palisades
2025-01-09 14:51:17.169000064,34.12108630986287,-118.55974309543153,337.70853,527.5629,148034.77,30.0,Palisades
2025-01-09 14:56:17.169019008,34.09748567393056,-118.576825912057,506.4652,556.5695,154010.8,30.0,Palisades
2025-01-09 14:56:17.169019008,34.09499226178677,-118.53919286962353,1643.1545,633.2611,222979.17,30.0,Palisades
2025-01-09 14:56:17.169019008,34.092446994292104,-118.50148076618906,528.3023,591.8938,107970.9,30.0,Palisades
2025-01-09 14:56:17.169019008,34.12108630986287,-118.55974309543153,369.71344,528.6617,159742.92,30.0,Palisades
2025-01-09 14:56:17.169019008,34.21622840368383,-118.13604847045053,382.97922,,,33.0,Eaton
2025-01-09 14:56:17.169019008,34.21120025001673,-118.06133069778744,321.7585,629.08594,45405.418,30.0,Eaton
2025-01-09 14:56:17.169019008,34.21371265897895,-118.09866985760715,1662.9685,756.37415,86871.82,30.0,Eaton
2025-01-09 14:56:17.169019008,34.23982112289933,-118.11896947613783,568.6457,605.3533,101080.16,30.0,Eaton
2025-01-09 15:01:17.169035008,34.21120025001673,-118.06133069778744,321.8242,608.20996,55589.08,30.0,Eaton
2025-01-09 15:01:17.169035008,34.21622840368383,-118.13604847045053,431.69162,715.3914,29916.5,30.0,Eaton
2025-01-09 15:01:17.169035008,34.24234182591638,-118.1563828282276,324.87756,609.52844,55406.14,30.0,Eaton
2025-01-09 15:01:17.169035008,34.23982112289933,-118.11896947613783,975.1085,651.06055,112788.32,30.0,Eaton
2025-01-09 15:01:17.169035008,34.21371265897895,-118.09866985760715,1958.7797,747.74915,108275.8,30.0,Eaton
2025-01-09 15:01:17.169035008,34.09748567393056,-118.576825912057,450.6232,549.9771,148339.66,30.0,Palisades
2025-01-09 15:01:17.169035008,34.092446994292104,-118.50148076618906,471.70776,579.4781,110227.16,30.0,Palisades
2025-01-09 15:01:17.169035008,34.09499226178677,-118.53919286962353,1577.7444,626.00946,229199.14,30.0,Palisades
2025-01-09 15:01:17.169035008,34.12108630986287,-118.55974309543153,348.58423,546.626,119679.06,30.0,Palisades
2025-01-09 15:06:17.169038976,34.09499226178677,-118.53919286962353,1230.9197,581.51074,281215.06,30.0,Palisades
2025-01-09 15:06:17.169038976,34.092446994292104,-118.50148076618906,490.55264,558.9867,144924.78,30.0,Palisades
2025-01-09 15:06:17.169038976,34.21120025001673,-118.06133069778744,573.9136,771.2071,27294.36,30.0,Eaton
2025-01-09 15:06:17.169038976,34.23982112289933,-118.11896947613783,925.03735,675.17773,87237.7,30.0,Eaton
2025-01-09 15:06:17.169038976,34.21371265897895,-118.09866985760715,2098.7773,711.4909,149498.28,30.0,Eaton
2025-01-09 15:06:17.169038976,34.21622840368383,-118.13604847045053,568.506,,,33.0,Eaton
2025-01-09 15:06:17.169038976,34.12108630986287,-118.55974309543153,460.88187,597.77203,88518.28,30.0,Palisades
2025-01-09 15:06:17.169038976,34.09748567393056,-118.576825912057,426.15872,542.8353,153340.02,30.0,Palisades
2025-01-09 15:11:17.169043968,34.21371265897895,-118.09866985760715,1380.2292,683.14355,122118.26,30.0,Eaton
2025-01-09 15:11:17.169043968,34.21120025001673,-118.06133069778744,329.32022,607.00134,57601.418,30.0,Eaton
2025-01-09 15:11:17.169043968,34.23982112289933,-118.11896947613783,588.85205,599.2004,111446.76,30.0,Eaton
2025-01-09 15:11:17.169043968,34.21622840368383,-118.13604847045053,331.0657,,,33.0,Eaton
2025-01-09 15:11:17.169043968,34.09748567393056,-118.576825912057,470.64,558.1077,140473.23,30.0,Palisades
2025-01-09 15:11:17.169043968,34.09499226178677,-118.53919286962353,1442.8232,615.6814,231455.39,30.0,Palisades
2025-01-09 15:11:17.169043968,34.092446994292104,-118.50148076618906,499.21024,572.2814,126447.836,30.0,Palisades
2025-01-09 15:11:17.169043968,34.12108630986287,-118.55974309543153,301.79327,517.94904,150717.88,30.0,Palisades
2025-01-09 15:16:17.170859008,34.21371265897895,-118.09866985760715,1953.4001,738.355,115044.58,30.0,Eaton
2025-01-09 15:16:17.170859008,34.23982112289933,-118.11896947613783,629.1886,596.17883,122911.0,30.0,Eaton
2025-01-09 15:16:17.170859008,34.09499226178677,-118.53919286962353,1588.1571,616.28564,253225.27,30.0,Palisades
2025-01-09 15:16:17.170859008,34.21120025001673,-118.06133069778744,461.31665,625.3502,67419.2,30.0,Eaton
2025-01-09 15:16:17.170859008,34.09748567393056,-118.576825912057,390.74976,550.03204,128582.14,30.0,Palisades
2025-01-09 15:16:17.170859008,34.092446994292104,-118.50148076618906,452.2291,571.29254,115837.32,30.0,Palisades
2025-01-09 15:16:17.170859008,34.12108630986287,-118.55974309543153,369.19986,549.42773,122423.16,30.0,Palisades
2025-01-09 15:21:17.170869888,34.12108630986287,-118.55974309543153,432.8007,575.35785,105897.58,30.0,Palisades
2025-01-09 15:21:17.170869888,34.23730376774444,-118.08159568065504,360.15,645.89655,43576.02,30.0,Eaton
2025-01-09 15:21:17.170869888,34.21622840368383,-118.13604847045053,405.30045,,,33.0,Eaton
2025-01-09 15:21:17.170869888,34.21371265897895,-118.09866985760715,2316.977,743.84863,131448.19,30.0,Eaton
2025-01-09 15:21:17.170869888,34.092446994292104,-118.50148076618906,459.83875,562.1181,130960.36,30.0,Palisades
2025-01-09 15:21:17.170869888,34.09499226178677,-118.53919286962353,1317.3755,591.39935,270543.56,30.0,Palisades
2025-01-09 15:21:17.170869888,34.09748567393056,-118.576825912057,413.46432,544.04395,146510.27,30.0,Palisades
2025-01-09 15:21:17.170869888,34.21120025001673,-118.06133069778744,559.7387,638.53503,72358.58,30.0,Eaton
2025-01-09 15:21:17.170869888,34.23982112289933,-118.11896947613783,1146.6898,661.993,120715.72,30.0,Eaton
2025-01-09 15:26:17.170868096,34.09499226178677,-118.53919286962353,1064.8749,557.5034,320242.28,30.0,Palisades
2025-01-09 15:26:17.170868096,34.21120025001673,-118.06133069778744,375.05728,578.3794,88701.22,30.0,Eaton
2025-01-09 15:26:17.170868096,34.23982112289933,-118.11896947613783,1215.9255,705.4479,90591.6,30.0,Eaton
2025-01-09 15:26:17.170868096,34.23730376774444,-118.08159568065504,278.12646,589.8062,58089.258,30.0,Eaton
2025-01-09 15:26:17.170868096,34.21622840368383,-118.13604847045053,289.13702,651.4451,33331.38,30.0,Eaton
2025-01-09 15:26:17.170868096,34.21371265897895,-118.09866985760715,1740.2657,727.64233,110410.1,30.0,Eaton
2025-01-09 15:26:17.170868096,34.09748567393056,-118.576825912057,365.67325,527.3432,160840.56,30.0,Palisades
2025-01-09 15:26:17.170868096,34.12108630986287,-118.55974309543153,634.6805,688.9669,53637.72,30.0,Palisades
2025-01-09 15:26:17.170868096,34.092446994292104,-118.50148076618906,307.26315,529.04626,132058.0,30.0,Palisades
2025-01-09 15:31:17.170866048,34.09499226178677,-118.53919286962353,1137.0914,581.78546,259140.31,30.0,Palisades
2025-01-09 15:31:17.170866048,34.09748567393056,-118.576825912057,312.5963,528.8265,134863.08,30.0,Palisades
2025-01-09 15:31:17.170866048,34.092446994292104,-118.50148076618906,468.91956,561.7885,134009.36,30.0,Palisades
2025-01-09 15:31:17.170866048,34.12108630986287,-118.55974309543153,301.34286,519.76196,146815.16,30.0,Palisades
2025-01-09 15:36:17.170868096,34.23730376774444,-118.08159568065504,345.84174,622.87805,51747.34,30.0,Eaton
2025-01-09 15:36:17.170868096,34.21120025001673,-118.06133069778744,623.58307,735.5532,37417.04,30.0,Eaton
2025-01-09 15:36:17.170868096,34.09748567393056,-118.576825912057,284.5057,544.2637,100592.32,30.0,Palisades
2025-01-09 15:36:17.170868096,34.092446994292104,-118.50148076618906,382.85114,551.2956,124069.62,30.0,Palisades
2025-01-09 15:36:17.170868096,34.12108630986287,-118.55974309543153,449.24445,595.24493,88640.24,30.0,Palisades
2025-01-09 15:41:17.170871936,34.092446994292104,-118.50148076618906,361.661,543.43964,129130.96,30.0,Palisades
2025-01-09 15:41:17.170871936,34.09748567393056,-118.576825912057,343.31454,530.4197,144985.77,30.0,Palisades
2025-01-09 15:41:17.170871936,34.12108630986287,-118.55974309543153,308.99774,521.7946,146449.28,30.0,Palisades
2025-01-09 15:41:17.170871936,34.21120025001673,-118.06133069778744,359.33328,561.349,103275.44,30.0,Eaton
2025-01-09 15:46:17.172667008,34.09748567393056,-118.576825912057,372.52325,540.6928,137729.14,30.0,Palisades
2025-01-09 15:46:17.172667008,34.21120025001673,-118.06133069778744,324.15033,571.9518,82420.28,30.0,Eaton
2025-01-09 15:46:17.172667008,34.12108630986287,-118.55974309543153,426.46362,583.2138,95713.92,30.0,Palisades
2025-01-09 15:46:17.172667008,34.092446994292104,-118.50148076618906,325.00427,544.5933,114434.78,30.0,Palisades
2025-01-09 15:51:17.172654976,34.21120025001673,-118.06133069778744,358.13602,593.92645,71626.82,30.0,Eaton
2025-01-09 15:51:17.172654976,34.23730376774444,-118.08159568065504,590.88086,827.13257,20220.68,30.0,Eaton
2025-01-09 15:51:17.172654976,34.24234182591638,-118.1563828282276,397.01572,731.8175,24489.28,30.0,Eaton
2025-01-09 15:51:17.172654976,34.12108630986287,-118.55974309543153,289.3383,503.61057,177366.14,30.0,Palisades
2025-01-09 15:51:17.172654976,34.092446994292104,-118.50148076618906,424.3944,585.85077,92542.96,30.0,Palisades
2025-01-09 15:51:17.172654976,34.09748567393056,-118.576825912057,418.00235,579.0386,98153.12,30.0,Palisades
2025-01-09 15:56:17.172647936,34.24234182591638,-118.1563828282276,390.25977,864.21484,11012.699,30.0,Eaton
2025-01-09 15:56:17.172647936,34.23982112289933,-118.11896947613783,1598.0806,660.01526,171085.2,30.0,Eaton
2025-01-09 15:56:17.172647936,34.23730376774444,-118.08159568065504,448.07498,765.10913,22111.06,30.0,Eaton
2025-01-09 15:56:17.172647936,34.092446994292104,-118.50148076618906,436.6395,602.77124,79676.18,30.0,Palisades
2025-01-09 15:56:17.172647936,34.12108630986287,-118.55974309543153,371.5491,553.8227,116813.0,30.0,Palisades
2025-01-09 15:56:17.172647936,34.09748567393056,-118.576825912057,396.2052,581.51074,90591.6,30.0,Palisades
2025-01-09 15:56:17.172647936,34.21120025001673,-118.06133069778744,427.55072,589.3667,89798.86,30.0,Eaton
2025-01-09 16:01:17.172643968,34.21120025001673,-118.06133069778744,324.97275,566.4581,87969.46,30.0,Eaton
2025-01-09 16:01:17.172643968,34.12108630986287,-118.55974309543153,352.64432,537.67126,135533.86,30.0,Palisades
2025-01-09 16:01:17.172643968,34.23730376774444,-118.08159568065504,391.79218,630.45935,54613.4,30.0,Eaton
2025-01-09 16:01:17.172643968,34.092446994292104,-118.50148076618906,636.0931,666.4978,64492.16,30.0,Palisades
2025-01-09 16:01:17.172643968,34.09748567393056,-118.576825912057,424.8698,627.8224,60711.4,30.0,Palisades
2025-01-09 16:01:17.172643968,34.24234182591638,-118.1563828282276,591.7465,3014.1064,4000.0,30.0,Eaton
2025-01-09 16:06:17.172626944,34.09748567393056,-118.576825912057,567.69714,669.2446,56198.88,30.0,Palisades
2025-01-09 16:06:17.172626944,34.092446994292104,-118.50148076618906,669.4946,646.66565,80529.9,30.0,Palisades
2025-01-09 16:06:17.172626944,34.23730376774444,-118.08159568065504,305.2435,658.80664,33026.48,30.0,Eaton
2025-01-09 16:06:17.172626944,34.24234182591638,-118.1563828282276,469.44138,1013.6426,6988.02,30.0,Eaton
2025-01-09 16:06:17.172626944,34.21120025001673,-118.06133069778744,333.13977,543.43964,119069.26,30.0,Eaton
2025-01-09 16:06:17.172626944,34.12108630986287,-118.55974309543153,559.1353,613.86847,91323.36,30.0,Palisades
2025-01-09 16:11:17.172605056,34.21120025001673,-118.06133069778744,431.93124,589.147,90896.5,30.0,Eaton
2025-01-09 16:11:17.172605056,34.23730376774444,-118.08159568065504,284.288,606.7267,49856.96,30.0,Eaton
2025-01-09 16:11:17.172605056,34.24234182591638,-118.1563828282276,457.3363,1804.3461,4000.0,30.0,Eaton
2025-01-09 16:11:17.172605056,34.12108630986287,-118.55974309543153,756.143,655.8401,83883.8,30.0,Palisades
2025-01-09 16:11:17.172605056,34.11853599500932,-118.52199548498274,306.23154,554.31714,95652.94,30.0,Palisades
2025-01-09 16:11:17.172605056,34.092446994292104,-118.50148076618906,973.3158,675.5624,91567.28,30.0,Palisades
2025-01-09 16:11:17.172605056,34.09748567393056,-118.576825912057,534.7109,719.182,36014.5,30.0,Palisades
2025-01-09 16:16:17.174390016,34.092446994292104,-118.50148076618906,656.69696,603.9249,118459.46,30.0,Palisades
2025-01-09 16:16:17.174390016,34.23730376774444,-118.08159568065504,387.3718,727.69727,24550.26,30.0,Eaton
2025-01-09 16:16:17.174390016,34.24234182591638,-118.1563828282276,626.7589,1059.5146,7902.7197,30.0,Eaton
2025-01-09 16:16:17.174390016,34.21120025001673,-118.06133069778744,457.60333,619.7467,70590.16,30.0,Eaton
2025-01-09 16:16:17.174390016,34.068969962321546,-118.51880459364624,260.69208,528.9364,112300.48,30.0,Palisades
2025-01-09 16:16:17.174390016,34.1235847076586,-118.59741155618087,259.11395,926.7328,5463.52,30.0,Palisades
2025-01-09 16:16:17.174390016,34.12108630986287,-118.55974309543153,1083.8398,788.12756,46442.08,30.0,Palisades
2025-01-09 16:16:17.174390016,34.11853599500932,-118.52199548498274,435.32724,641.0072,55040.258,30.0,Palisades
2025-01-09 16:21:17.174376960,34.092446994292104,-118.50148076618906,505.22333,605.46313,89737.88,30.0,Palisades
2025-01-09 16:21:17.174376960,34.1235847076586,-118.59741155618087,244.21936,716.4352,16805.8,30.0,Palisades
2025-01-09 16:21:17.174376960,34.12108630986287,-118.55974309543153,967.3726,792.35767,40405.06,30.0,Palisades
2025-01-09 16:21:17.174376960,34.11853599500932,-118.52199548498274,310.16455,553.16345,98336.06,30.0,Palisades
2025-01-09 16:21:17.174376960,34.24234182591638,-118.1563828282276,583.6485,1179.002,5097.64,30.0,Eaton
2025-01-09 16:21:17.174376960,34.21120025001673,-118.06133069778744,395.0377,568.21606,104860.92,30.0,Eaton
2025-01-09 16:21:17.174376960,34.23730376774444,-118.08159568065504,307.32498,689.95575,25769.86,30.0,Eaton
2025-01-09 16:21:17.174376960,34.23982112289933,-118.11896947613783,1651.5198,669.79395,162852.9,30.0,Eaton
2025-01-09 16:21:17.174376960,34.09748567393056,-118.576825912057,558.36053,617.8239,87725.54,30.0,Palisades
2025-01-09 16:26:17.174357120,34.11853599500932,-118.52199548498274,283.02496,549.8123,93457.66,30.0,Palisades
2025-01-09 16:26:17.174357120,34.068969962321546,-118.51880459364624,303.2522,570.0839,78761.48,30.0,Palisades
2025-01-09 16:26:17.174357120,34.09748567393056,-118.576825912057,570.1135,650.56616,66260.58,30.0,Palisades
2025-01-09 16:26:17.174357120,34.12108630986287,-118.55974309543153,739.289,698.03143,58272.2,30.0,Palisades
2025-01-09 16:26:17.174357120,34.09499226178677,-118.53919286962353,1687.2268,598.70593,321156.97,30.0,Palisades
2025-01-09 16:26:17.174357120,34.23730376774444,-118.08159568065504,575.48096,866.7969,16013.06,30.0,Eaton
2025-01-09 16:26:17.174357120,34.24234182591638,-118.1563828282276,965.3241,2707.6697,4000.0,30.0,Eaton
2025-01-09 16:26:17.174357120,34.092446994292104,-118.50148076618906,478.14465,595.02515,94616.28,30.0,Palisades
2025-01-09 16:26:17.174357120,34.23982112289933,-118.11896947613783,2600.8235,752.3638,139436.58,30.0,Eaton
2025-01-09 16:26:17.174357120,34.21120025001673,-118.06133069778744,390.2073,574.8085,96079.8,30.0,Eaton
2025-01-09 16:31:17.174325888,34.09748567393056,-118.576825912057,500.3686,748.5182,27538.28,30.0,Palisades
2025-01-09 16:31:17.174325888,34.092446994292104,-118.50148076618906,504.72415,599.8596,94982.16,30.0,Palisades
2025-01-09 16:31:17.174325888,34.09499226178677,-118.53919286962353,1771.3955,602.3318,324937.75,30.0,Palisades
2025-01-09 16:31:17.174325888,34.23730376774444,-118.08159568065504,328.33768,708.1947,23940.459,30.0,Eaton
2025-01-09 16:31:17.174325888,34.23982112289933,-118.11896947613783,1401.4852,678.74866,128521.16,30.0,Eaton
2025-01-09 16:31:17.174325888,34.12108630986287,-118.55974309543153,517.8177,614.4728,84127.72,30.0,Palisades
2025-01-09 16:31:17.174325888,34.21120025001673,-118.06133069778744,541.087,614.6376,87725.54,30.0,Eaton
2025-01-09 16:36:17.174296064,34.21120025001673,-118.06133069778744,924.0359,723.1924,60528.46,30.0,Eaton
2025-01-09 16:36:17.174296064,34.23982112289933,-118.11896947613783,1658.7704,672.2112,160352.72,30.0,Eaton
2025-01-09 16:36:17.174296064,34.09748567393056,-118.576825912057,495.5076,772.3058,23391.64,30.0,Palisades
2025-01-09 16:36:17.174296064,34.092446994292104,-118.50148076618906,511.97498,592.4432,104068.18,30.0,Palisades
2025-01-09 16:36:17.174296064,34.12108630986287,-118.55974309543153,523.49945,616.56036,83274.0,30.0,Palisades
2025-01-09 16:36:17.174296064,34.23730376774444,-118.08159568065504,446.7371,711.2712,31867.86,30.0,Eaton
2025-01-09 16:36:17.174296064,34.09499226178677,-118.53919286962353,1693.1053,599.52997,319571.5,30.0,Palisades
2025-01-09 16:41:17.176072960,34.092446994292104,-118.50148076618906,508.26413,605.2434,90530.62,30.0,Palisades
2025-01-09 16:41:17.176072960,34.09748567393056,-118.576825912057,513.65247,745.0023,28940.82,30.0,Palisades
2025-01-09 16:41:17.176072960,34.12108630986287,-118.55974309543153,364.50732,531.9579,150961.8,30.0,Palisades
2025-01-09 16:41:17.176072960,34.09499226178677,-118.53919286962353,1659.2593,625.73474,241700.03,30.0,Palisades
2025-01-09 16:41:17.176072960,34.23982112289933,-118.11896947613783,2247.2974,742.69495,128521.16,30.0,Eaton
2025-01-09 16:41:17.176072960,34.23730376774444,-118.08159568065504,511.29056,718.90735,34490.0,30.0,Eaton
2025-01-09 16:41:17.176072960,34.21120025001673,-118.06133069778744,674.44183,667.32184,67907.04,30.0,Eaton
2025-01-09 16:46:17.176044928,34.12108630986287,-118.55974309543153,497.8213,600.1892,93396.68,30.0,Palisades
2025-01-09 16:46:17.176044928,34.092446994292104,-118.50148076618906,467.7586,579.25836,109617.36,30.0,Palisades
2025-01-09 16:46:17.176044928,34.23982112289933,-118.11896947613783,1580.0587,706.7114,116630.06,30.0,Eaton
2025-01-09 16:46:17.176044928,34.23730376774444,-118.08159568065504,512.6108,704.40405,38514.68,30.0,Eaton
2025-01-09 16:46:17.176044928,34.21120025001673,-118.06133069778744,926.4904,727.917,58699.06,30.0,Eaton
2025-01-09 16:46:17.176044928,34.09499226178677,-118.53919286962353,1556.1189,605.9576,275117.06,30.0,Palisades
2025-01-09 16:46:17.176044928,34.09748567393056,-118.576825912057,523.05817,728.52124,32965.5,30.0,Palisades
2025-01-09 16:51:17.176002048,34.12108630986287,-118.55974309543153,519.9556,623.4274,77419.92,30.0,Palisades
2025-01-09 16:51:17.176002048,34.09748567393056,-118.576825912057,545.37616,689.8458,45771.3,30.0,Palisades
2025-01-09 16:51:17.176002048,34.092446994292104,-118.50148076618906,452.28662,577.1708,108519.72,30.0,Palisades
2025-01-09 16:51:17.176002048,34.09499226178677,-118.53919286962353,1458.5249,601.06824,270970.44,30.0,Palisades
2025-01-09 16:51:17.176002048,34.21120025001673,-118.06133069778744,846.6513,649.5773,99189.78,30.0,Eaton
2025-01-09 16:51:17.176002048,34.23730376774444,-118.08159568065504,601.28546,873.93866,16135.02,30.0,Eaton
2025-01-09 16:51:17.176002048,34.23982112289933,-118.11896947613783,1550.5111,713.35876,108946.58,30.0,Eaton
2025-01-09 16:56:17.175956992,34.21120025001673,-118.06133069778744,790.2766,636.61224,104007.2,30.0,Eaton
2025-01-09 16:56:17.175956992,34.23730376774444,-118.08159568065504,774.2582,894.8695,18818.14,30.0,Eaton
2025-01-09 16:56:17.175956992,34.23982112289933,-118.11896947613783,1996.2303,789.6658,84737.516,30.0,Eaton
2025-01-09 16:56:17.175956992,34.092446994292104,-118.50148076618906,363.495,586.51,78700.5,30.0,Palisades
2025-01-09 16:56:17.175956992,34.09748567393056,-118.576825912057,562.127,697.0426,44612.68,30.0,Palisades
2025-01-09 16:56:17.175956992,34.12108630986287,-118.55974309543153,473.85062,588.10315,100897.22,30.0,Palisades
2025-01-09 16:56:17.175956992,34.09499226178677,-118.53919286962353,1493.3497,607.00134,261213.64,30.0,Palisades
2025-01-09 17:01:17.175915904,34.092446994292104,-118.50148076618906,352.86795,568.0513,93823.54,30.0,Palisades
2025-01-09 17:01:17.175915904,34.23982112289933,-118.11896947613783,2452.0137,825.8141,84554.58,30.0,Eaton
2025-01-09 17:01:17.175915904,34.09499226178677,-118.53919286962353,1447.6333,602.5515,264872.44,30.0,Palisades
2025-01-09 17:01:17.175915904,34.12108630986287,-118.55974309543153,390.42752,562.5027,110715.0,30.0,Palisades
2025-01-09 17:01:17.175915904,34.09748567393056,-118.576825912057,522.9846,680.177,47417.758,30.0,Palisades
2025-01-09 17:01:17.175915904,34.21120025001673,-118.06133069778744,996.6575,701.54736,76505.22,30.0,Eaton
2025-01-09 17:01:17.175915904,34.23730376774444,-118.08159568065504,939.584,961.7824,17049.719,30.0,Eaton
2025-01-09 17:06:17.175876992,34.09499226178677,-118.53919286962353,1339.4515,584.5872,296094.2,30.0,Palisades
2025-01-09 17:06:17.175876992,34.12108630986287,-118.55974309543153,426.26062,606.67175,74858.76,30.0,Palisades
2025-01-09 17:06:17.175876992,34.09748567393056,-118.576825912057,441.4199,717.6438,30099.44,30.0,Palisades
2025-01-09 17:06:17.175876992,34.23730376774444,-118.08159568065504,1133.7822,935.96216,22903.8,30.0,Eaton
2025-01-09 17:06:17.175876992,34.21120025001673,-118.06133069778744,1338.0682,813.45337,49430.1,30.0,Eaton
2025-01-09 17:06:17.175876992,34.23982112289933,-118.11896947613783,2639.736,1170.1572,23635.56,30.0,Eaton
2025-01-09 17:06:17.175876992,34.092446994292104,-118.50148076618906,376.81335,547.5599,127972.336,30.0,Palisades
2025-01-09 17:11:17.177629952,34.09499226178677,-118.53919286962353,1376.5771,593.2123,277617.25,30.0,Palisades
2025-01-09 17:11:17.177629952,34.09748567393056,-118.576825912057,484.8095,709.4033,35099.797,30.0,Palisades
2025-01-09 17:11:17.177629952,34.12108630986287,-118.55974309543153,323.4653,544.48346,114190.86,30.0,Palisades
2025-01-09 17:11:17.177629952,34.23982112289933,-118.11896947613783,3090.9355,1019.41095,44856.6,30.0,Eaton
2025-01-09 17:11:17.177629952,34.21120025001673,-118.06133069778744,1029.6122,730.2793,64126.28,30.0,Eaton
2025-01-09 17:11:17.177629952,34.23730376774444,-118.08159568065504,1340.8898,878.6632,35221.758,30.0,Eaton
2025-01-09 17:11:17.177629952,34.092446994292104,-118.50148076618906,349.74667,560.85455,101141.14,30.0,Palisades
2025-01-09 17:16:17.177570048,34.09499226178677,-118.53919286962353,1086.7587,558.76697,322132.66,30.0,Palisades
2025-01-09 17:16:17.177570048,34.092446994292104,-118.50148076618906,346.812,529.6505,148095.73,30.0,Palisades
2025-01-09 17:16:17.177570048,34.09748567393056,-118.576825912057,479.24774,698.96533,37539.0,30.0,Palisades
2025-01-09 17:16:17.177570048,34.263369639591915,-118.1017955211367,285.31152,1007.59955,4304.9,30.0,Eaton
2025-01-09 17:16:17.177570048,34.12108630986287,-118.55974309543153,508.4994,674.4087,48271.48,30.0,Palisades
2025-01-09 17:16:17.177570048,34.23982112289933,-118.11896947613783,2954.8323,814.22253,108702.66,30.0,Eaton
2025-01-09 17:16:17.177570048,34.23730376774444,-118.08159568065504,1619.6582,1006.1163,24672.22,30.0,Eaton
2025-01-09 17:16:17.177570048,34.21120025001673,-118.06133069778744,1082.5776,698.5808,84920.46,30.0,Eaton
2025-01-09 17:21:17.177511040,34.21120025001673,-118.06133069778744,964.9825,695.5593,77480.9,30.0,Eaton
2025-01-09 17:21:17.177511040,34.23730376774444,-118.08159568065504,1651.4347,987.16315,27050.44,30.0,Eaton
2025-01-09 17:21:17.177511040,34.12108630986287,-118.55974309543153,296.44388,544.37354,104738.96,30.0,Palisades
2025-01-09 17:21:17.177511040,34.09748567393056,-118.576825912057,646.4817,787.6881,27782.2,30.0,Palisades
2025-01-09 17:21:17.177511040,34.07145843020336,-118.55640253905382,238.36264,472.6812,237187.52,30.0,Palisades
2025-01-09 17:21:17.177511040,34.092446994292104,-118.50148076618906,404.3006,560.7447,117117.9,30.0,Palisades
2025-01-09 17:21:17.177511040,34.09499226178677,-118.53919286962353,1458.7566,609.2538,249505.48,30.0,Palisades
2025-01-09 17:26:17.177456000,34.21120025001673,-118.06133069778744,958.8997,679.2431,87542.6,30.0,Eaton
2025-01-09 17:26:17.177456000,34.23730376774444,-118.08159568065504,1483.5359,855.2602,43758.96,30.0,Eaton
2025-01-09 17:26:17.177456000,34.23982112289933,-118.11896947613783,3574.9475,788.3473,152913.16,30.0,Eaton
2025-01-09 17:26:17.177456000,34.12108630986287,-118.55974309543153,418.4223,616.0659,66931.36,30.0,Palisades
2025-01-09 17:26:17.177456000,34.09499226178677,-118.53919286962353,1413.59,598.0467,271092.4,30.0,Palisades
2025-01-09 17:26:17.177456000,34.092446994292104,-118.50148076618906,339.88254,572.7758,85652.22,30.0,Palisades
2025-01-09 17:26:17.177456000,34.09748567393056,-118.576825912057,596.0066,713.194,41929.56,30.0,Palisades
2025-01-09 17:31:17.177398016,34.092446994292104,-118.50148076618906,318.5988,567.6118,85164.38,30.0,Palisades
2025-01-09 17:31:17.177398016,34.23730376774444,-118.08159568065504,1288.5985,1094.5094,14488.56,30.0,Eaton
2025-01-09 17:31:17.177398016,34.23982112289933,-118.11896947613783,2714.8726,759.89014,138643.84,30.0,Eaton
2025-01-09 17:31:17.177398016,34.21120025001673,-118.06133069778744,834.3669,635.7333,110775.98,30.0,Eaton
2025-01-09 17:31:17.177398016,34.09748567393056,-118.576825912057,534.6554,661.993,56320.84,30.0,Palisades
2025-01-09 17:31:17.177398016,34.09499226178677,-118.53919286962353,1216.0901,583.6533,271641.22,30.0,Palisades
2025-01-09 17:31:17.177398016,34.12108630986287,-118.55974309543153,332.0335,593.5968,66687.44,30.0,Palisades
2025-01-09 17:36:17.179127040,34.23730376774444,-118.08159568065504,1080.8539,818.50757,38819.58,30.0,Eaton
2025-01-09 17:36:17.179127040,34.21120025001673,-118.06133069778744,981.28723,707.4805,72053.68,30.0,Eaton
2025-01-09 17:36:17.179127040,34.23982112289933,-118.11896947613783,2673.3225,772.3058,126203.92,30.0,Eaton
2025-01-09 17:36:17.179127040,34.092446994292104,-118.50148076618906,359.3626,582.88416,80956.76,30.0,Palisades
2025-01-09 17:36:17.179127040,34.12108630986287,-118.55974309543153,483.22415,678.8585,44246.8,30.0,Palisades
2025-01-09 17:36:17.179127040,34.09499226178677,-118.53919286962353,1257.3451,578.1047,298594.38,30.0,Palisades
2025-01-09 17:36:17.179127040,34.09748567393056,-118.576825912057,449.3947,669.62915,44368.758,30.0,Palisades
2025-01-09 17:41:17.179047936,34.23982112289933,-118.11896947613783,2256.1975,712.0403,160169.78,30.0,Eaton
2025-01-09 17:41:17.179047936,34.09748567393056,-118.576825912057,488.11688,658.5869,52905.96,30.0,Palisades
2025-01-09 17:41:17.179047936,34.092446994292104,-118.50148076618906,357.94513,603.81506,64675.098,30.0,Palisades
2025-01-09 17:41:17.179047936,34.07400704112978,-118.59415303589158,211.91982,526.1895,94799.22,30.0,Palisades
2025-01-09 17:41:17.179047936,34.21120025001673,-118.06133069778744,729.79004,625.40515,106690.32,30.0,Eaton
2025-01-09 17:41:17.179047936,34.09499226178677,-118.53919286962353,1299.0396,594.25604,259201.3,30.0,Palisades
2025-01-09 17:41:17.179047936,34.12108630986287,-118.55974309543153,325.01645,595.4097,64065.3,30.0,Palisades
2025-01-09 17:41:17.179047936,34.23730376774444,-118.08159568065504,916.62537,1000.4578,14244.64,30.0,Eaton
2025-01-09 17:46:17.178971008,34.12108630986287,-118.55974309543153,310.55496,564.0958,86505.94,30.0,Palisades
2025-01-09 17:46:17.178971008,34.092446994292104,-118.50148076618906,353.47714,602.60645,64675.098,30.0,Palisades
2025-01-09 17:46:17.178971008,34.09499226178677,-118.53919286962353,1277.6807,599.74976,240785.34,30.0,Palisades
2025-01-09 17:46:17.178971008,34.09748567393056,-118.576825912057,404.13327,663.2016,42112.5,30.0,Palisades
2025-01-09 17:46:17.178971008,34.21120025001673,-118.06133069778744,758.6269,653.6975,85774.18,30.0,Eaton
2025-01-09 17:46:17.178971008,34.23730376774444,-118.08159568065504,847.2648,883.99207,21684.2,30.0,Eaton
2025-01-09 17:51:17.178899072,34.21120025001673,-118.06133069778744,691.03595,667.5416,69431.54,30.0,Eaton
2025-01-09 17:51:17.178899072,34.23730376774444,-118.08159568065504,941.0032,846.30554,29062.78,30.0,Eaton
2025-01-09 17:51:17.178899072,34.07400704112978,-118.59415303589158,241.9313,532.1776,99982.516,30.0,Palisades
2025-01-09 17:51:17.178899072,34.07145843020336,-118.55640253905382,257.91174,492.78802,186330.2,30.0,Palisades
2025-01-09 17:51:17.178899072,34.092446994292104,-118.50148076618906,395.67523,608.92413,67907.04,30.0,Palisades
2025-01-09 17:51:17.178899072,34.09499226178677,-118.53919286962353,1160.3806,592.55304,235663.02,30.0,Palisades
2025-01-09 17:51:17.178899072,34.12108630986287,-118.55974309543153,334.6173,576.4016,80956.76,30.0,Palisades
2025-01-09 17:51:17.178899072,34.09748567393056,-118.576825912057,419.11908,690.56006,34977.84,30.0,Palisades
2025-01-09 17:56:17.178822016,34.23730376774444,-118.08159568065504,1048.8182,1124.1752,10707.8,30.0,Eaton
2025-01-09 17:56:17.178822016,34.21120025001673,-118.06133069778744,685.0119,631.39325,94616.28,30.0,Eaton
2025-01-09 17:56:17.178822016,34.092446994292104,-118.50148076618906,401.68646,613.59375,65833.72,30.0,Palisades
2025-01-09 17:56:17.178822016,34.12108630986287,-118.55974309543153,393.78055,635.8981,52174.2,30.0,Palisades
2025-01-09 17:56:17.178822016,34.09748567393056,-118.576825912057,515.80695,675.83704,48454.418,30.0,Palisades
2025-01-09 17:56:17.178822016,34.09499226178677,-118.53919286962353,1102.8842,590.79504,228162.48,30.0,Palisades
2025-01-09 17:56:17.178822016,34.07145843020336,-118.55640253905382,325.618,518.828,161084.48,30.0,Palisades
2025-01-09 17:56:17.178822016,34.07400704112978,-118.59415303589158,236.04266,529.54065,100958.2,30.0,Palisades
2025-01-09 18:01:17.178731008,34.21120025001673,-118.06133069778744,708.20605,669.3545,70102.32,30.0,Eaton
2025-01-09 18:01:17.178731008,34.23982112289933,-118.11896947613783,1805.5503,755.1106,95104.12,30.0,Eaton
2025-01-09 18:01:17.178731008,34.23730376774444,-118.08159568065504,898.64087,1162.4111,8207.62,30.0,Eaton
2025-01-09 18:01:17.178731008,34.09499226178677,-118.53919286962353,1265.9519,616.12085,202306.95,30.0,Palisades
2025-01-09 18:01:17.178731008,34.07400704112978,-118.59415303589158,271.45282,547.94446,91811.2,30.0,Palisades
2025-01-09 18:01:17.178731008,34.09748567393056,-118.576825912057,493.1322,702.20667,37660.96,30.0,Palisades
2025-01-09 18:01:17.178731008,34.12108630986287,-118.55974309543153,335.0876,621.33984,50954.6,30.0,Palisades
2025-01-09 18:01:17.178731008,34.092446994292104,-118.50148076618906,541.9956,655.8401,60162.58,30.0,Palisades
2025-01-09 18:06:17.180439040,34.12108630986287,-118.55974309543153,361.66644,607.8804,62723.74,30.0,Palisades
2025-01-09 18:06:17.180439040,34.21120025001673,-118.06133069778744,519.509,613.1543,85530.26,30.0,Eaton
2025-01-09 18:06:17.180439040,34.09748567393056,-118.576825912057,482.28134,625.07556,70712.12,30.0,Palisades
2025-01-09 18:06:17.180439040,34.07145843020336,-118.55640253905382,253.70271,494.4911,178585.73,30.0,Palisades
2025-01-09 18:06:17.180439040,34.23730376774444,-118.08159568065504,912.0735,2012.3912,4000.0,30.0,Eaton
2025-01-09 18:06:17.180439040,34.09499226178677,-118.53919286962353,1420.4518,645.2373,173036.56,30.0,Palisades
2025-01-09 18:06:17.180439040,34.092446994292104,-118.50148076618906,633.1799,695.2297,50954.6,30.0,Palisades
2025-01-09 18:11:17.180345088,34.12108630986287,-118.55974309543153,728.79584,948.6525,13939.74,30.0,Palisades
2025-01-09 18:11:17.180345088,34.11853599500932,-118.52199548498274,208.79123,655.78516,23208.7,30.0,Palisades
2025-01-09 18:11:17.180345088,34.1235847076586,-118.59741155618087,200.77676,861.02856,5768.42,30.0,Palisades
2025-01-09 18:11:17.180345088,34.09748567393056,-118.576825912057,508.55194,659.7406,54613.4,30.0,Palisades
2025-01-09 18:11:17.180345088,34.09499226178677,-118.53919286962353,1405.8201,607.331,245236.88,30.0,Palisades
2025-01-09 18:11:17.180345088,34.092446994292104,-118.50148076618906,414.10632,675.01294,39124.48,30.0,Palisades
2025-01-09 18:11:17.180345088,34.068969962321546,-118.51880459364624,209.80841,461.96857,250969.0,30.0,Palisades
2025-01-09 18:11:17.180345088,34.21120025001673,-118.06133069778744,714.5853,659.356,76993.06,30.0,Eaton
2025-01-09 18:11:17.180345088,34.23982112289933,-118.11896947613783,1615.8724,813.39844,59735.72,30.0,Eaton
2025-01-09 18:11:17.180345088,34.23730376774444,-118.08159568065504,808.35913,1260.0336,5707.44,30.0,Eaton
2025-01-09 18:16:17.180255104,34.12108630986287,-118.55974309543153,910.3144,968.155,16074.04,30.0,Palisades
2025-01-09 18:16:17.180255104,34.068969962321546,-118.51880459364624,201.91847,464.49567,231150.5,30.0,Palisades
2025-01-09 18:16:17.180255104,34.09499226178677,-118.53919286962353,1240.4276,584.36743,275117.06,30.0,Palisades
2025-01-09 18:16:17.180255104,34.11853599500932,-118.52199548498274,276.35425,756.3192,14427.58,30.0,Palisades
2025-01-09 18:16:17.180255104,34.092446994292104,-118.50148076618906,399.17764,663.4213,41563.68,30.0,Palisades
2025-01-09 18:16:17.180255104,34.21120025001673,-118.06133069778744,638.24615,673.8043,60894.34,30.0,Eaton
2025-01-09 18:16:17.180255104,34.23730376774444,-118.08159568065504,890.8994,1204.2728,7231.94,30.0,Eaton
2025-01-09 18:16:17.180255104,34.09748567393056,-118.576825912057,412.80087,639.13934,53149.88,30.0,Palisades
2025-01-09 18:21:17.180161920,34.23982112289933,-118.11896947613783,1832.4996,806.64124,70407.22,30.0,Eaton
2025-01-09 18:21:17.180161920,34.09499226178677,-118.53919286962353,1760.798,637.82086,229260.12,30.0,Palisades
2025-01-09 18:21:17.180161920,34.11853599500932,-118.52199548498274,262.2392,761.42834,13268.96,30.0,Palisades
2025-01-09 18:21:17.180161920,34.12108630986287,-118.55974309543153,831.6406,887.39813,20952.44,30.0,Palisades
2025-01-09 18:21:17.180161920,34.092446994292104,-118.50148076618906,550.6212,694.9,44490.72,30.0,Palisades
2025-01-09 18:21:17.180161920,34.23730376774444,-118.08159568065504,863.1716,1116.3192,9061.34,30.0,Eaton
2025-01-09 18:21:17.180161920,34.21120025001673,-118.06133069778744,751.9871,693.8562,61199.24,30.0,Eaton
2025-01-09 18:26:17.180052096,34.09499226178677,-118.53919286962353,1594.4236,633.70056,215722.56,30.0,Palisades
2025-01-09 18:26:17.180052096,34.11853599500932,-118.52199548498274,357.24368,905.08777,8268.6,30.0,Palisades
2025-01-09 18:26:17.180052096,34.12108630986287,-118.55974309543153,992.0817,1036.0568,13573.86,30.0,Palisades
2025-01-09 18:26:17.180052096,34.092446994292104,-118.50148076618906,567.3557,668.31067,56686.72,30.0,Palisades
2025-01-09 18:26:17.180052096,34.23730376774444,-118.08159568065504,1091.0966,1736.9388,4000.0,30.0,Eaton
2025-01-09 18:26:17.180052096,34.21120025001673,-118.06133069778744,672.29694,693.25195,54979.28,30.0,Eaton
2025-01-09 18:26:17.180052096,34.24234182591638,-118.1563828282276,1132.7056,3000.8667,4000.0,30.0,Eaton
2025-01-09 18:26:17.180052096,34.23982112289933,-118.11896947613783,2663.8044,827.13257,91262.38,30.0,Eaton
2025-01-09 18:31:17.179936000,34.23730376774444,-118.08159568065504,866.4464,,,33.0,Eaton
2025-01-09 18:31:17.179936000,34.21120025001673,-118.06133069778744,517.4738,637.9307,67358.22,30.0,Eaton
2025-01-09 18:31:17.179936000,34.24234182591638,-118.1563828282276,1465.7306,1129.8337,14732.4795,30.0,Eaton
2025-01-09 18:31:17.179936000,34.09499226178677,-118.53919286962353,2457.6206,712.4248,174012.23,30.0,Palisades
2025-01-09 18:31:17.179936000,34.11853599500932,-118.52199548498274,211.81934,611.8358,35343.72,30.0,Palisades
2025-01-09 18:31:17.179936000,34.092446994292104,-118.50148076618906,711.8479,787.57825,30587.28,30.0,Palisades
2025-01-09 18:31:17.179936000,34.07145843020336,-118.55640253905382,253.5376,476.91135,235724.0,30.0,Palisades
2025-01-09 18:31:17.179936000,34.12108630986287,-118.55974309543153,687.90466,764.99927,34002.16,30.0,Palisades
2025-01-09 18:36:17.181624064,34.11853599500932,-118.52199548498274,393.3367,695.834,31501.98,30.0,Palisades
2025-01-09 18:36:17.181624064,34.12108630986287,-118.55974309543153,1488.6727,826.0339,51320.48,30.0,Palisades
2025-01-09 18:36:17.181624064,34.09499226178677,-118.53919286962353,3153.0376,692.64764,259018.36,30.0,Palisades
2025-01-09 18:36:17.181624064,34.092446994292104,-118.50148076618906,800.52875,788.07263,34307.062,30.0,Palisades
2025-01-09 18:36:17.181624064,34.07145843020336,-118.55640253905382,218.92386,464.49567,250969.0,30.0,Palisades
2025-01-09 18:36:17.181624064,34.24234182591638,-118.1563828282276,957.983,2299.6,4000.0,30.0,Eaton
2025-01-09 18:36:17.181624064,34.23730376774444,-118.08159568065504,1026.9434,2277.6255,4000.0,30.0,Eaton
2025-01-09 18:36:17.181624064,34.21120025001673,-118.06133069778744,597.6963,650.0717,69736.44,30.0,Eaton
2025-01-09 18:36:17.181624064,34.21371265897895,-118.09866985760715,1826.1465,792.083,76383.26,30.0,Eaton
2025-01-09 18:36:17.181624064,34.23982112289933,-118.11896947613783,2419.8955,794.9946,99494.68,30.0,Eaton
2025-01-09 18:41:17.181511040,34.23730376774444,-118.08159568065504,1084.3639,1931.085,4000.0,30.0,Eaton
2025-01-09 18:41:17.181511040,34.21120025001673,-118.06133069778744,499.9242,629.1958,70529.18,30.0,Eaton
2025-01-09 18:41:17.181511040,34.07145843020336,-118.55640253905382,277.54056,485.7012,223954.86,30.0,Palisades
2025-01-09 18:41:17.181511040,34.23982112289933,-118.11896947613783,2199.0938,850.4807,66504.5,30.0,Eaton
2025-01-09 18:41:17.181511040,34.11853599500932,-118.52199548498274,359.0065,671.2773,34977.84,30.0,Palisades
2025-01-09 18:41:17.181511040,34.12108630986287,-118.55974309543153,1459.2584,783.67773,64187.258,30.0,Palisades
2025-01-09 18:41:17.181511040,34.09499226178677,-118.53919286962353,3372.5688,677.97955,311095.28,30.0,Palisades
2025-01-09 18:41:17.181511040,34.092446994292104,-118.50148076618906,795.5217,797.41187,32233.74,30.0,Palisades
2025-01-09 18:46:17.181390976,34.092446994292104,-118.50148076618906,804.9227,870.5875,21989.1,30.0,Palisades
2025-01-09 18:46:17.181390976,34.07145843020336,-118.55640253905382,332.013,531.7931,137973.06,30.0,Palisades
2025-01-09 18:46:17.181390976,34.12108630986287,-118.55974309543153,1745.3226,841.6908,55284.18,30.0,Palisades
2025-01-09 18:46:17.181390976,34.11853599500932,-118.52199548498274,548.98395,1028.2008,7719.7803,30.0,Palisades
2025-01-09 18:46:17.181390976,34.09499226178677,-118.53919286962353,2790.3723,596.3436,544831.6,30.0,Palisades
2025-01-09 18:46:17.181390976,34.068969962321546,-118.51880459364624,416.72156,526.07965,186818.03,30.0,Palisades
2025-01-09 18:46:17.181390976,34.09748567393056,-118.576825912057,2015.459,1141.8098,19549.898,30.0,Palisades
2025-01-09 18:46:17.181390976,34.23982112289933,-118.11896947613783,1767.2357,824.5506,61382.18,30.0,Eaton
2025-01-09 18:46:17.181390976,34.21120025001673,-118.06133069778744,481.72858,693.6365,39246.44,30.0,Eaton
2025-01-09 18:46:17.181390976,34.23730376774444,-118.08159568065504,781.96106,,,33.0,Eaton
2025-01-09 18:51:17.181256064,34.12108630986287,-118.55974309543153,1862.2933,901.35205,43941.9,30.0,Palisades
2025-01-09 18:51:17.181256064,34.09748567393056,-118.576825912057,2224.7937,979.80164,37539.0,30.0,Palisades
2025-01-09 18:51:17.181256064,34.068969962321546,-118.51880459364624,534.95215,555.3609,165353.08,30.0,Palisades
2025-01-09 18:51:17.181256064,34.07145843020336,-118.55640253905382,381.01758,554.8115,118520.44,30.0,Palisades
2025-01-09 18:51:17.181256064,34.092446994292104,-118.50148076618906,655.4425,955.29987,12232.3,30.0,Palisades
2025-01-09 18:51:17.181256064,34.09499226178677,-118.53919286962353,2996.864,598.54114,571723.8,30.0,Palisades
2025-01-09 18:51:17.181256064,34.11853599500932,-118.52199548498274,488.29218,961.9472,8878.4,30.0,Palisades
2025-01-09 18:51:17.181256064,34.23730376774444,-118.08159568065504,783.02325,,,33.0,Eaton
2025-01-09 18:51:17.181256064,34.21120025001673,-118.06133069778744,502.26663,740.6623,29123.76,30.0,Eaton
2025-01-09 18:51:17.181256064,34.23982112289933,-118.11896947613783,1479.0339,883.4427,37965.86,30.0,Eaton
2025-01-09 18:56:17.181117056,34.12108630986287,-118.55974309543153,1987.7511,961.6725,36075.48,30.0,Palisades
2025-01-09 18:56:17.181117056,34.21120025001673,-118.06133069778744,333.87253,611.89075,55650.06,30.0,Eaton
2025-01-09 18:56:17.181117056,34.23730376774444,-118.08159568065504,638.32764,,,33.0,Eaton
2025-01-09 18:56:17.181117056,34.092446994292104,-118.50148076618906,1008.9595,774.5033,46990.9,30.0,Palisades
2025-01-09 18:56:17.181117056,34.07145843020336,-118.55640253905382,462.54752,578.5442,109373.44,30.0,Palisades
2025-01-09 18:56:17.181117056,34.068969962321546,-118.51880459364624,335.37692,500.91867,214441.98,30.0,Palisades
2025-01-09 18:56:17.181117056,34.11853599500932,-118.52199548498274,708.8087,995.4036,11256.62,30.0,Palisades
2025-01-09 18:56:17.181117056,34.09499226178677,-118.53919286962353,2947.9434,627.6576,421895.94,30.0,Palisades
2025-01-09 19:01:17.182782976,34.09499226178677,-118.53919286962353,3304.2595,656.8289,363660.03,30.0,Palisades
2025-01-09 19:01:17.182782976,34.07145843020336,-118.55640253905382,523.8981,598.4862,100043.5,30.0,Palisades
2025-01-09 19:01:17.182782976,34.11853599500932,-118.52199548498274,468.7564,958.59607,8634.48,30.0,Palisades
2025-01-09 19:01:17.182782976,34.12108630986287,-118.55974309543153,1320.4829,758.0772,68211.94,30.0,Palisades
2025-01-09 19:01:17.182782976,34.263369639591915,-118.1017955211367,190.70934,,,33.0,Eaton
2025-01-09 19:01:17.182782976,34.1235847076586,-118.59741155618087,700.70374,,,33.0,Palisades
2025-01-09 19:01:17.182782976,34.23982112289933,-118.11896947613783,1535.1981,874.7627,41075.84,30.0,Eaton
2025-01-09 19:01:17.182782976,34.21120025001673,-118.06133069778744,377.23645,624.03174,55893.98,30.0,Eaton
2025-01-09 19:01:17.182782976,34.068969962321546,-118.51880459364624,236.86798,476.2521,222552.31,30.0,Palisades
2025-01-09 19:01:17.182782976,34.092446994292104,-118.50148076618906,1318.1172,879.6521,34429.02,30.0,Palisades
2025-01-09 19:06:17.182646016,34.068969962321546,-118.51880459364624,500.74026,567.5019,134131.31,30.0,Palisades
2025-01-09 19:06:17.182646016,34.263369639591915,-118.1017955211367,518.6219,,,33.0,Eaton
2025-01-09 19:06:17.182646016,34.21120025001673,-118.06133069778744,495.7357,681.11096,44612.68,30.0,Eaton
2025-01-09 19:06:17.182646016,34.26589193302861,-118.13920388116179,378.39987,,,33.0,Eaton
2025-01-09 19:06:17.182646016,34.23982112289933,-118.11896947613783,1675.2045,1086.7084,19305.98,30.0,Eaton
2025-01-09 19:06:17.182646016,34.21371265897895,-118.09866985760715,833.6854,880.09155,21745.18,30.0,Eaton
2025-01-09 19:06:17.182646016,34.12108630986287,-118.55974309543153,2687.7476,1239.0477,19976.76,30.0,Palisades
2025-01-09 19:06:17.182646016,34.11853599500932,-118.52199548498274,885.1564,1290.3037,5829.4,30.0,Palisades
2025-01-09 19:06:17.182646016,34.09499226178677,-118.53919286962353,3097.7617,708.1398,226333.08,30.0,Palisades
2025-01-09 19:06:17.182646016,34.092446994292104,-118.50148076618906,909.4756,849.98627,27599.26,30.0,Palisades
2025-01-09 19:06:17.182646016,34.07145843020336,-118.55640253905382,460.5608,589.42163,96750.58,30.0,Palisades
2025-01-09 19:11:17.182494976,34.09499226178677,-118.53919286962353,3441.7676,763.0764,172182.84,30.0,Palisades
2025-01-09 19:11:17.182494976,34.1235847076586,-118.59741155618087,934.5969,,,33.0,Palisades
2025-01-09 19:11:17.182494976,34.11853599500932,-118.52199548498274,472.19495,1049.7361,6134.3,30.0,Palisades
2025-01-09 19:11:17.182494976,34.092446994292104,-118.50148076618906,795.4406,1065.338,9854.08,30.0,Palisades
2025-01-09 19:11:17.182494976,34.07145843020336,-118.55640253905382,387.0888,604.3644,69614.48,30.0,Palisades
2025-01-09 19:11:17.182494976,34.12108630986287,-118.55974309543153,2110.2188,991.7229,34002.16,30.0,Palisades
2025-01-09 19:11:17.182494976,34.068969962321546,-118.51880459364624,410.7925,549.09814,137058.36,30.0,Palisades
2025-01-09 19:11:17.182494976,34.21120025001673,-118.06133069778744,611.70374,754.1767,32416.68,30.0,Eaton
2025-01-09 19:11:17.182494976,34.21371265897895,-118.09866985760715,766.3687,847.1295,23574.58,30.0,Eaton
2025-01-09 19:11:17.182494976,34.263369639591915,-118.1017955211367,362.04535,,,33.0,Eaton
2025-01-09 19:11:17.182494976,34.26589193302861,-118.13920388116179,363.2505,,,33.0,Eaton
2025-01-09 19:16:17.182332032,34.1235847076586,-118.59741155618087,1307.8243,,,33.0,Palisades
2025-01-09 19:16:17.182332032,34.12108630986287,-118.55974309543153,2149.1667,1059.5696,27050.44,30.0,Palisades
2025-01-09 19:16:17.182332032,34.068969962321546,-118.51880459364624,477.73593,546.02167,165475.03,30.0,Palisades
2025-01-09 19:16:17.182332032,34.092446994292104,-118.50148076618906,817.8677,940.57684,16196.0,30.0,Palisades
2025-01-09 19:16:17.182332032,34.11853599500932,-118.52199548498274,671.9047,2528.796,4000.0,30.0,Palisades
2025-01-09 19:16:17.182332032,34.07145843020336,-118.55640253905382,399.38275,590.46545,82969.1,30.0,Palisades
2025-01-09 19:16:17.182332032,34.09499226178677,-118.53919286962353,2745.8394,653.58765,310790.38,30.0,Palisades
2025-01-09 19:16:17.182332032,34.26589193302861,-118.13920388116179,454.41147,,,33.0,Eaton
2025-01-09 19:16:17.182332032,34.23730376774444,-118.08159568065504,1360.7969,,,33.0,Eaton
2025-01-09 19:16:17.182332032,34.263369639591915,-118.1017955211367,518.6324,,,33.0,Eaton
2025-01-09 19:16:17.182332032,34.21120025001673,-118.06133069778744,519.8354,901.1323,12293.28,30.0,Eaton
2025-01-09 19:21:17.182168960,34.07145843020336,-118.55640253905382,379.6677,564.6452,105165.82,30.0,Palisades
2025-01-09 19:21:17.182168960,34.12108630986287,-118.55974309543153,2080.5376,814.662,76383.26,30.0,Palisades
2025-01-09 19:21:17.182168960,34.1235847076586,-118.59741155618087,967.0967,,,33.0,Palisades
2025-01-09 19:21:17.182168960,34.09499226178677,-118.53919286962353,3546.053,713.6334,248773.72,30.0,Palisades
2025-01-09 19:21:17.182168960,34.26589193302861,-118.13920388116179,249.9599,,,33.0,Eaton
2025-01-09 19:21:17.182168960,34.092446994292104,-118.50148076618906,895.81866,1049.2965,11683.48,30.0,Palisades
2025-01-09 19:21:17.182168960,34.068969962321546,-118.51880459364624,344.87408,530.14496,146510.27,30.0,Palisades
2025-01-09 19:21:17.182168960,34.23730376774444,-118.08159568065504,1622.3627,,,33.0,Eaton
2025-01-09 19:21:17.182168960,34.21120025001673,-118.06133069778744,424.33167,738.79443,24916.14,30.0,Eaton
2025-01-09 19:21:17.182168960,34.263369639591915,-118.1017955211367,263.19272,,,33.0,Eaton
2025-01-09 19:21:17.182168960,34.23982112289933,-118.11896947613783,1608.2673,,,33.0,Eaton
2025-01-09 19:21:17.182168960,34.11853599500932,-118.52199548498274,460.20886,1118.8463,4792.74,30.0,Palisades
2025-01-09 19:26:17.182006912,34.07145843020336,-118.55640253905382,472.4516,579.6979,110288.14,30.0,Palisades
2025-01-09 19:26:17.182006912,34.092446994292104,-118.50148076618906,708.81177,889.87024,17659.52,30.0,Palisades
2025-01-09 19:26:17.182006912,34.068969962321546,-118.51880459364624,256.0065,495.04044,178890.64,30.0,Palisades
2025-01-09 19:26:17.182006912,34.09499226178677,-118.53919286962353,2684.226,623.9768,397808.84,30.0,Palisades
2025-01-09 19:26:17.182006912,34.12108630986287,-118.55974309543153,1386.4354,850.86523,41868.58,30.0,Palisades
2025-01-09 19:26:17.182006912,34.26589193302861,-118.13920388116179,311.9881,,,33.0,Eaton
2025-01-09 19:26:17.182006912,34.21120025001673,-118.06133069778744,443.14304,833.94476,14610.52,30.0,Eaton
2025-01-09 19:26:17.182006912,34.23730376774444,-118.08159568065504,1349.7019,,,33.0,Eaton
2025-01-09 19:26:17.182006912,34.263369639591915,-118.1017955211367,295.64493,,,33.0,Eaton
2025-01-09 19:31:17.183634048,34.07145843020336,-118.55640253905382,398.324,540.6379,147668.88,30.0,Palisades
2025-01-09 19:31:17.183634048,34.21120025001673,-118.06133069778744,346.95053,697.2623,27477.3,30.0,Eaton
2025-01-09 19:31:17.183634048,34.26589193302861,-118.13920388116179,218.46492,,,33.0,Eaton
2025-01-09 19:31:17.183634048,34.12108630986287,-118.55974309543153,1193.3557,666.93726,120593.76,30.0,Palisades
2025-01-09 19:31:17.183634048,34.092446994292104,-118.50148076618906,685.63916,1238.8829,5097.64,30.0,Palisades
2025-01-09 19:31:17.183634048,34.09499226178677,-118.53919286962353,3375.9329,701.4375,259323.27,30.0,Palisades
2025-01-09 19:31:17.183634048,34.1235847076586,-118.59741155618087,772.05316,1265.0878,5402.54,30.0,Palisades
2025-01-09 19:31:17.183634048,34.11853599500932,-118.52199548498274,249.8796,850.4807,7536.84,30.0,Palisades
2025-01-09 19:36:17.183447936,34.09499226178677,-118.53919286962353,3193.3389,694.24084,259201.3,30.0,Palisades
2025-01-09 19:36:17.183447936,34.11853599500932,-118.52199548498274,214.39015,899.3743,5097.64,30.0,Palisades
2025-01-09 19:36:17.183447936,34.1235847076586,-118.59741155618087,573.32007,1088.1917,6561.16,30.0,Palisades
2025-01-09 19:36:17.183447936,34.07145843020336,-118.55640253905382,360.3519,516.46576,184378.84,30.0,Palisades
2025-01-09 19:36:17.183447936,34.068969962321546,-118.51880459364624,197.69572,473.1207,195843.08,30.0,Palisades
2025-01-09 19:36:17.183447936,34.12108630986287,-118.55974309543153,1012.45135,665.3441,103641.32,30.0,Palisades
2025-01-09 19:36:17.183447936,34.092446994292104,-118.50148076618906,607.219,1173.783,5402.54,30.0,Palisades
2025-01-09 19:36:17.183447936,34.21371265897895,-118.09866985760715,620.6916,905.6371,14366.6,30.0,Eaton
2025-01-09 19:36:17.183447936,34.21120025001673,-118.06133069778744,378.38553,739.9481,22050.08,30.0,Eaton
2025-01-09 19:41:17.183261952,34.092446994292104,-118.50148076618906,527.25433,807.19055,20220.68,30.0,Palisades
2025-01-09 19:41:17.183261952,34.11853599500932,-118.52199548498274,356.7683,1372.1044,4000.0,30.0,Palisades
2025-01-09 19:41:17.183261952,34.12108630986287,-118.55974309543153,1478.3171,846.47034,45649.34,30.0,Palisades
2025-01-09 19:41:17.183261952,34.09499226178677,-118.53919286962353,2259.6914,613.374,371160.56,30.0,Palisades
2025-01-09 19:41:17.183261952,34.068969962321546,-118.51880459364624,218.29431,469.54984,229504.03,30.0,Palisades
2025-01-09 19:41:17.183261952,34.07145843020336,-118.55640253905382,312.10297,496.96323,211819.84,30.0,Palisades
2025-01-09 19:41:17.183261952,34.26589193302861,-118.13920388116179,362.9319,,,33.0,Eaton
2025-01-09 19:41:17.183261952,34.263369639591915,-118.1017955211367,239.58965,,,33.0,Eaton
2025-01-09 19:41:17.183261952,34.21371265897895,-118.09866985760715,774.41296,1065.7225,9549.18,30.0,Eaton
2025-01-09 19:41:17.183261952,34.21120025001673,-118.06133069778744,482.55475,737.14636,28696.9,30.0,Eaton
2025-01-09 19:46:17.183070976,34.23730376774444,-118.08159568065504,1327.1044,,,33.0,Eaton
2025-01-09 19:46:17.183070976,34.068969962321546,-118.51880459364624,318.47766,515.58673,164987.2,30.0,Palisades
2025-01-09 19:46:17.183070976,34.07145843020336,-118.55640253905382,328.2809,506.687,192977.02,30.0,Palisades
2025-01-09 19:46:17.183070976,34.092446994292104,-118.50148076618906,482.8541,891.3536,11927.4,30.0,Palisades
2025-01-09 19:46:17.183070976,34.09499226178677,-118.53919286962353,2088.1802,629.8001,292923.25,30.0,Palisades
2025-01-09 19:46:17.183070976,34.12108630986287,-118.55974309543153,1033.848,751.97925,55589.08,30.0,Palisades
2025-01-09 19:46:17.183070976,34.11853599500932,-118.52199548498274,235.34,,,33.0,Palisades
2025-01-09 19:46:17.183070976,34.26589193302861,-118.13920388116179,216.18343,,,33.0,Eaton
2025-01-09 19:46:17.183070976,34.21120025001673,-118.06133069778744,579.1623,848.2283,17720.5,30.0,Eaton
2025-01-09 19:46:17.183070976,34.21371265897895,-118.09866985760715,772.99774,1152.138,7292.92,30.0,Eaton
2025-01-09 19:46:17.183070976,34.1235847076586,-118.59741155618087,550.2638,1642.8872,4000.0,30.0,Palisades
2025-01-09 19:51:17.182864000,34.092446994292104,-118.50148076618906,379.12445,767.0868,18513.24,30.0,Palisades
2025-01-09 19:51:17.182864000,34.09499226178677,-118.53919286962353,1651.3717,578.48926,390674.2,30.0,Palisades
2025-01-09 19:51:17.182864000,34.068969962321546,-118.51880459364624,232.59943,473.01083,230784.62,30.0,Palisades
2025-01-09 19:51:17.182864000,34.12108630986287,-118.55974309543153,1131.4896,891.6283,27904.16,30.0,Palisades
2025-01-09 19:51:17.182864000,34.07145843020336,-118.55640253905382,275.31534,475.5379,262006.38,30.0,Palisades
2025-01-09 19:51:17.182864000,34.11853599500932,-118.52199548498274,249.96182,,,33.0,Palisades
2025-01-09 19:51:17.182864000,34.263369639591915,-118.1017955211367,226.54776,,,33.0,Eaton
2025-01-09 19:51:17.182864000,34.23730376774444,-118.08159568065504,992.8006,,,33.0,Eaton
2025-01-09 19:51:17.182864000,34.21120025001673,-118.06133069778744,590.72833,848.9425,18025.398,30.0,Eaton
2025-01-09 19:51:17.182864000,34.21371265897895,-118.09866985760715,924.1133,1126.8671,9366.24,30.0,Eaton
2025-01-09 19:51:17.182864000,34.26589193302861,-118.13920388116179,338.71054,,,33.0,Eaton
2025-01-09 19:56:17.184455040,34.07145843020336,-118.55640253905382,246.28699,481.0316,214198.06,30.0,Palisades
2025-01-09 19:56:17.184455040,34.11853599500932,-118.52199548498274,261.08398,1768.7471,4000.0,30.0,Palisades
2025-01-09 19:56:17.184455040,34.21120025001673,-118.06133069778744,614.57446,859.27057,17781.48,30.0,Eaton
2025-01-09 19:56:17.184455040,34.23730376774444,-118.08159568065504,1182.325,,,33.0,Eaton
2025-01-09 19:56:17.184455040,34.21371265897895,-118.09866985760715,792.6328,1635.4158,4000.0,30.0,Eaton
2025-01-09 19:56:17.184455040,34.26589193302861,-118.13920388116179,351.63467,,,33.0,Eaton
2025-01-09 19:56:17.184455040,34.1235847076586,-118.59741155618087,634.9208,1457.8055,4000.0,30.0,Palisades
2025-01-09 19:56:17.184455040,34.092446994292104,-118.50148076618906,330.36908,889.3209,8268.6,30.0,Palisades
2025-01-09 19:56:17.184455040,34.12108630986287,-118.55974309543153,1187.6692,777.63464,54247.52,30.0,Palisades
2025-01-09 19:56:17.184455040,34.09499226178677,-118.53919286962353,1369.7708,585.5211,300057.9,30.0,Palisades
2025-01-09 19:56:17.184455040,34.068969962321546,-118.51880459364624,226.35812,480.97665,197001.7,30.0,Palisades
2025-01-09 20:01:17.184244992,34.21371265897895,-118.09866985760715,750.507,1687.9353,4000.0,30.0,Eaton
2025-01-09 20:01:17.184244992,34.21120025001673,-118.06133069778744,545.56433,763.79065,27172.4,30.0,Eaton
2025-01-09 20:01:17.184244992,34.23730376774444,-118.08159568065504,1140.904,,,33.0,Eaton
2025-01-09 20:01:17.184244992,34.26589193302861,-118.13920388116179,199.01222,,,33.0,Eaton
2025-01-09 20:01:17.184244992,34.092446994292104,-118.50148076618906,481.98984,842.0754,15220.32,30.0,Palisades
2025-01-09 20:01:17.184244992,34.07145843020336,-118.55640253905382,252.8475,485.4265,205051.06,30.0,Palisades
2025-01-09 20:01:17.184244992,34.09499226178677,-118.53919286962353,2398.4368,664.575,247188.23,30.0,Palisades
2025-01-09 20:01:17.184244992,34.12108630986287,-118.55974309543153,791.04645,663.9707,81932.44,30.0,Palisades
2025-01-09 20:01:17.184244992,34.1235847076586,-118.59741155618087,488.31766,1236.8503,4000.0,30.0,Palisades
2025-01-09 20:06:17.184023040,34.09748567393056,-118.576825912057,1502.9951,782.7438,66504.5,30.0,Palisades
2025-01-09 20:06:17.184023040,34.12108630986287,-118.55974309543153,1474.3322,1010.73096,22111.06,30.0,Palisades
2025-01-09 20:06:17.184023040,34.11853599500932,-118.52199548498274,372.61923,,,33.0,Palisades
2025-01-09 20:06:17.184023040,34.068969962321546,-118.51880459364624,350.90994,523.6075,162730.94,30.0,Palisades
2025-01-09 20:06:17.184023040,34.09499226178677,-118.53919286962353,2106.5378,633.371,285910.53,30.0,Palisades
2025-01-09 20:06:17.184023040,34.07145843020336,-118.55640253905382,395.66537,546.73584,135899.73,30.0,Palisades
2025-01-09 20:06:17.184023040,34.21120025001673,-118.06133069778744,750.3109,896.4077,18086.379,30.0,Eaton
2025-01-09 20:06:17.184023040,34.23730376774444,-118.08159568065504,1002.9175,,,33.0,Eaton
2025-01-09 20:06:17.184023040,34.26589193302861,-118.13920388116179,252.25258,,,33.0,Eaton
2025-01-09 20:06:17.184023040,34.092446994292104,-118.50148076618906,491.34482,819.2767,17598.54,30.0,Palisades
2025-01-09 20:11:17.183787904,34.11853599500932,-118.52199548498274,208.41533,,,33.0,Palisades
2025-01-09 20:11:17.183787904,34.09499226178677,-118.53919286962353,2419.5054,693.4717,197550.52,30.0,Palisades
2025-01-09 20:11:17.183787904,34.12108630986287,-118.55974309543153,689.05695,686.8793,59247.88,30.0,Palisades
2025-01-09 20:11:17.183787904,34.1235847076586,-118.59741155618087,374.2497,1960.9706,4000.0,30.0,Palisades
2025-01-09 20:11:17.183787904,34.092446994292104,-118.50148076618906,615.904,1067.4805,7536.84,30.0,Palisades
2025-01-09 20:11:17.183787904,34.07145843020336,-118.55640253905382,408.4519,553.0536,129801.74,30.0,Palisades
2025-01-09 20:11:17.183787904,34.21120025001673,-118.06133069778744,617.34924,903.3847,14427.58,30.0,Eaton
2025-01-09 20:11:17.183787904,34.23730376774444,-118.08159568065504,1218.8507,2801.062,4000.0,30.0,Eaton
2025-01-09 20:11:17.183787904,34.21371265897895,-118.09866985760715,693.3198,2093.313,4000.0,30.0,Eaton
2025-01-09 20:16:17.183554944,34.12108630986287,-118.55974309543153,988.39557,801.42224,39124.48,30.0,Palisades
2025-01-09 20:16:17.183554944,34.21120025001673,-118.06133069778744,522.7806,762.3623,26257.7,30.0,Eaton
2025-01-09 20:16:17.183554944,34.21371265897895,-118.09866985760715,731.55927,2584.4468,4000.0,30.0,Eaton
2025-01-09 20:16:17.183554944,34.23730376774444,-118.08159568065504,1181.371,,,33.0,Eaton
2025-01-09 20:16:17.183554944,34.07145843020336,-118.55640253905382,384.77264,596.61835,74919.74,30.0,Palisades
2025-01-09 20:16:17.183554944,34.068969962321546,-118.51880459364624,216.23747,472.51642,216393.34,30.0,Palisades
2025-01-09 20:16:17.183554944,34.09499226178677,-118.53919286962353,2227.4463,680.89124,200782.45,30.0,Palisades
2025-01-09 20:16:17.183554944,34.092446994292104,-118.50148076618906,538.8299,859.43536,15586.2,30.0,Palisades
2025-01-09 20:16:17.183554944,34.11853599500932,-118.52199548498274,216.74078,,,33.0,Palisades
2025-01-09 20:16:17.183554944,34.1235847076586,-118.59741155618087,391.6495,,,33.0,Palisades
2025-01-09 20:21:17.183325056,34.21120025001673,-118.06133069778744,673.6838,809.71765,25464.959,30.0,Eaton
2025-01-09 20:21:17.183325056,34.26589193302861,-118.13920388116179,229.47372,,,33.0,Eaton
2025-01-09 20:21:17.183325056,34.11853599500932,-118.52199548498274,253.89217,,,33.0,Palisades
2025-01-09 20:21:17.183325056,34.09499226178677,-118.53919286962353,2220.6392,663.4213,231150.5,30.0,Palisades
2025-01-09 20:21:17.183325056,34.1235847076586,-118.59741155618087,494.15567,1494.778,4000.0,30.0,Palisades
2025-01-09 20:21:17.183325056,34.07145843020336,-118.55640253905382,290.89273,541.2422,106995.22,30.0,Palisades
2025-01-09 20:21:17.183325056,34.12108630986287,-118.55974309543153,978.7499,737.2013,58089.258,30.0,Palisades
2025-01-09 20:21:17.183325056,34.092446994292104,-118.50148076618906,551.1527,847.40424,16927.76,30.0,Palisades
2025-01-09 20:26:17.184888960,34.09499226178677,-118.53919286962353,2193.1702,676.1117,205416.94,30.0,Palisades
2025-01-09 20:26:17.184888960,34.092446994292104,-118.50148076618906,589.01447,914.86646,13086.02,30.0,Palisades
2025-01-09 20:26:17.184888960,34.21371265897895,-118.09866985760715,588.78986,1160.9827,5402.54,30.0,Eaton
2025-01-09 20:26:17.184888960,34.11853599500932,-118.52199548498274,224.25555,,,33.0,Palisades
2025-01-09 20:26:17.184888960,34.23730376774444,-118.08159568065504,932.3981,,,33.0,Eaton
2025-01-09 20:26:17.184888960,34.07145843020336,-118.55640253905382,325.80203,524.2118,149803.17,30.0,Palisades
2025-01-09 20:26:17.184888960,34.1235847076586,-118.59741155618087,379.7695,1236.7405,4000.0,30.0,Palisades
2025-01-09 20:26:17.184888960,34.21120025001673,-118.06133069778744,504.03122,755.71497,26440.64,30.0,Eaton
2025-01-09 20:26:17.184888960,34.12108630986287,-118.55974309543153,818.20435,698.30615,64370.2,30.0,Palisades
2025-01-09 20:31:17.184638976,34.23730376774444,-118.08159568065504,880.2194,,,33.0,Eaton
2025-01-09 20:31:17.184638976,34.21120025001673,-118.06133069778744,384.4785,673.6395,36746.258,30.0,Eaton
2025-01-09 20:31:17.184638976,34.07145843020336,-118.55640253905382,321.60822,526.1895,144010.08,30.0,Palisades
2025-01-09 20:31:17.184638976,34.092446994292104,-118.50148076618906,521.85986,971.72595,9061.34,30.0,Palisades
2025-01-09 20:31:17.184638976,34.1235847076586,-118.59741155618087,400.9573,2991.6375,4000.0,30.0,Palisades
2025-01-09 20:31:17.184638976,34.12108630986287,-118.55974309543153,835.96954,708.08484,61077.28,30.0,Palisades
2025-01-09 20:31:17.184638976,34.11853599500932,-118.52199548498274,193.37202,,,33.0,Palisades
2025-01-09 20:31:17.184638976,34.09499226178677,-118.53919286962353,2203.4631,685.5608,191330.56,30.0,Palisades
2025-01-09 20:36:17.184391936,34.1235847076586,-118.59741155618087,440.08762,1480.3296,4000.0,30.0,Palisades
2025-01-09 20:36:17.184391936,34.11853599500932,-118.52199548498274,259.33508,,,33.0,Palisades
2025-01-09 20:36:17.184391936,34.092446994292104,-118.50148076618906,388.33472,935.6325,7841.74,30.0,Palisades
2025-01-09 20:36:17.184391936,34.07145843020336,-118.55640253905382,243.68748,540.8027,90164.74,30.0,Palisades
2025-01-09 20:36:17.184391936,34.09499226178677,-118.53919286962353,1619.2819,639.74365,207307.31,30.0,Palisades
2025-01-09 20:36:17.184391936,34.12108630986287,-118.55974309543153,1070.759,825.75916,36929.2,30.0,Palisades
2025-01-09 20:36:17.184391936,34.21120025001673,-118.06133069778744,419.87167,791.14905,17659.52,30.0,Eaton
2025-01-09 20:36:17.184391936,34.23730376774444,-118.08159568065504,1132.1163,,,33.0,Eaton
2025-01-09 20:41:17.184147968,34.21371265897895,-118.09866985760715,622.18555,,,33.0,Eaton
2025-01-09 20:41:17.184147968,34.21120025001673,-118.06133069778744,525.91815,1146.7542,5036.66,30.0,Eaton
2025-01-09 20:41:17.184147968,34.26589193302861,-118.13920388116179,214.21082,,,33.0,Eaton
2025-01-09 20:41:17.184147968,34.23730376774444,-118.08159568065504,667.0837,,,33.0,Eaton
2025-01-09 20:41:17.184147968,34.12108630986287,-118.55974309543153,891.9794,872.6202,24123.4,30.0,Palisades
2025-01-09 20:41:17.184147968,34.09499226178677,-118.53919286962353,1255.9708,601.7274,231882.27,30.0,Palisades
2025-01-09 20:41:17.184147968,34.092446994292104,-118.50148076618906,351.31876,963.2657,6317.24,30.0,Palisades
2025-01-09 20:41:17.184147968,34.07145843020336,-118.55640253905382,209.97453,477.5706,193281.92,30.0,Palisades
2025-01-09 20:41:17.184147968,34.1235847076586,-118.59741155618087,387.62292,1300.6318,4000.0,30.0,Palisades
2025-01-09 20:41:17.184147968,34.11853599500932,-118.52199548498274,240.82974,,,33.0,Palisades
2025-01-09 20:46:17.183892992,34.23730376774444,-118.08159568065504,730.38086,,,33.0,Eaton
2025-01-09 20:46:17.183892992,34.21120025001673,-118.06133069778744,349.93304,1043.2534,4670.78,30.0,Eaton
2025-01-09 20:46:17.183892992,34.09499226178677,-118.53919286962353,1044.6095,588.26794,222125.45,30.0,Palisades
2025-01-09 20:46:17.183892992,34.26589193302861,-118.13920388116179,220.61061,,,33.0,Eaton
2025-01-09 20:46:17.183892992,34.12108630986287,-118.55974309543153,923.18195,809.00354,34977.84,30.0,Palisades
2025-01-09 20:46:17.183892992,34.11853599500932,-118.52199548498274,263.66785,,,33.0,Palisades
2025-01-09 20:46:17.183892992,34.1235847076586,-118.59741155618087,347.38687,1070.3372,4243.92,30.0,Palisades
2025-01-09 20:46:17.183892992,34.092446994292104,-118.50148076618906,316.0769,,,33.0,Palisades
2025-01-09 20:46:17.183892992,34.21371265897895,-118.09866985760715,539.6179,,,33.0,Eaton
2025-01-09 20:51:17.183629056,34.12108630986287,-118.55974309543153,648.46106,687.3188,55528.1,30.0,Palisades
2025-01-09 20:51:17.183629056,34.1235847076586,-118.59741155618087,233.44792,813.8929,8634.48,30.0,Palisades
2025-01-09 20:51:17.183629056,34.10003931690432,-118.6146118054029,208.40312,,,33.0,Palisades
2025-01-09 20:51:17.183629056,34.11853599500932,-118.52199548498274,198.34053,,,33.0,Palisades
2025-01-09 20:51:17.183629056,34.09499226178677,-118.53919286962353,1377.464,667.59656,138399.92,30.0,Palisades
2025-01-09 20:51:17.183629056,34.23730376774444,-118.08159568065504,698.5,,,33.0,Eaton
2025-01-09 20:51:17.183629056,34.21120025001673,-118.06133069778744,238.22159,,,33.0,Eaton
2025-01-09 20:56:17.185172992,34.12108630986287,-118.55974309543153,1075.7413,950.3555,20464.6,30.0,Palisades
2025-01-09 20:56:17.185172992,34.23730376774444,-118.08159568065504,557.00854,,,33.0,Eaton
2025-01-09 20:56:17.185172992,34.21120025001673,-118.06133069778744,233.04175,,,33.0,Eaton
2025-01-09 20:56:17.185172992,34.1235847076586,-118.59741155618087,271.206,1058.9653,4000.0,30.0,Palisades
2025-01-09 20:56:17.185172992,34.24234182591638,-118.1563828282276,466.72263,2370.5784,4000.0,30.0,Eaton
2025-01-09 20:56:17.185172992,34.26589193302861,-118.13920388116179,217.63309,,,33.0,Eaton
2025-01-09 20:56:17.185172992,34.11853599500932,-118.52199548498274,453.03757,,,33.0,Palisades
2025-01-09 20:56:17.185172992,34.09499226178677,-118.53919286962353,1180.6785,620.9553,180110.23,30.0,Palisades
2025-01-09 20:56:17.185172992,34.10003931690432,-118.6146118054029,271.84775,,,33.0,Palisades
2025-01-09 20:56:17.185172992,34.092446994292104,-118.50148076618906,440.36716,1203.7784,4000.0,30.0,Palisades
2025-01-09 21:01:17.184915968,34.092446994292104,-118.50148076618906,496.2499,,,33.0,Palisades
2025-01-09 21:01:17.184915968,34.10003931690432,-118.6146118054029,251.17928,,,33.0,Palisades
2025-01-09 21:01:17.184915968,34.11853599500932,-118.52199548498274,281.51425,,,33.0,Palisades
2025-01-09 21:01:17.184915968,34.12108630986287,-118.55974309543153,749.7406,834.65894,24672.22,30.0,Palisades
2025-01-09 21:01:17.184915968,34.1235847076586,-118.59741155618087,236.51494,1094.6193,4000.0,30.0,Palisades
2025-01-09 21:01:17.184915968,34.09748567393056,-118.576825912057,591.1601,602.27686,108519.72,30.0,Palisades
2025-01-09 21:01:17.184915968,34.09499226178677,-118.53919286962353,1333.7712,624.5811,196513.86,30.0,Palisades
2025-01-09 21:01:17.184915968,34.21120025001673,-118.06133069778744,299.51456,908.4938,6805.08,30.0,Eaton
2025-01-09 21:01:17.184915968,34.23730376774444,-118.08159568065504,360.8909,,,33.0,Eaton
2025-01-09 21:01:17.184915968,34.24234182591638,-118.1563828282276,415.3092,1256.4626,4000.0,30.0,Eaton
2025-01-09 21:06:17.184646912,34.21120025001673,-118.06133069778744,263.99945,,,33.0,Eaton
2025-01-09 21:06:17.184646912,34.24234182591638,-118.1563828282276,394.15002,1675.6844,4000.0,30.0,Eaton
2025-01-09 21:06:17.184646912,34.23730376774444,-118.08159568065504,368.508,,,33.0,Eaton
2025-01-09 21:06:17.184646912,34.092446994292104,-118.50148076618906,575.4974,,,33.0,Palisades
2025-01-09 21:06:17.184646912,34.09499226178677,-118.53919286962353,1430.3391,639.2492,183891.0,30.0,Palisades
2025-01-09 21:06:17.184646912,34.09748567393056,-118.576825912057,555.9735,594.0363,111202.836,30.0,Palisades
2025-01-09 21:06:17.184646912,34.11853599500932,-118.52199548498274,245.00027,,,33.0,Palisades
2025-01-09 21:06:17.184646912,34.12108630986287,-118.55974309543153,583.0509,707.1509,42905.24,30.0,Palisades
2025-01-09 21:06:17.184646912,34.10003931690432,-118.6146118054029,230.40335,,,33.0,Palisades
2025-01-09 21:11:17.184369024,34.11853599500932,-118.52199548498274,285.40768,,,33.0,Palisades
2025-01-09 21:11:17.184369024,34.10003931690432,-118.6146118054029,194.1898,,,33.0,Palisades
2025-01-09 21:11:17.184369024,34.09748567393056,-118.576825912057,514.6418,588.43274,109251.48,30.0,Palisades
2025-01-09 21:11:17.184369024,34.12108630986287,-118.55974309543153,577.5399,632.32715,79127.36,30.0,Palisades
2025-01-09 21:11:17.184369024,34.09499226178677,-118.53919286962353,1472.7515,654.74133,165048.17,30.0,Palisades
2025-01-09 21:11:17.184369024,34.092446994292104,-118.50148076618906,731.7589,2762.0571,4000.0,30.0,Palisades
2025-01-09 21:11:17.184369024,34.21120025001673,-118.06133069778744,201.91544,,,33.0,Eaton
2025-01-09 21:11:17.184369024,34.24234182591638,-118.1563828282276,530.16156,1530.9263,4000.0,30.0,Eaton
2025-01-09 21:11:17.184369024,34.23730376774444,-118.08159568065504,393.73602,,,33.0,Eaton
2025-01-09 21:16:17.184097024,34.10003931690432,-118.6146118054029,277.29706,,,33.0,Palisades
2025-01-09 21:16:17.184097024,34.09748567393056,-118.576825912057,452.4834,566.1285,123154.92,30.0,Palisades
2025-01-09 21:16:17.184097024,34.12108630986287,-118.55974309543153,665.50256,786.5344,28757.879,30.0,Palisades
2025-01-09 21:16:17.184097024,34.09499226178677,-118.53919286962353,1111.9541,619.9115,171329.12,30.0,Palisades
2025-01-09 21:16:17.184097024,34.092446994292104,-118.50148076618906,506.72955,1239.9268,4000.0,30.0,Palisades
2025-01-09 21:16:17.184097024,34.21371265897895,-118.09866985760715,344.77722,784.4468,15098.36,30.0,Eaton
2025-01-09 21:16:17.184097024,34.21120025001673,-118.06133069778744,235.01933,,,33.0,Eaton
2025-01-09 21:16:17.184097024,34.24234182591638,-118.1563828282276,408.15402,1054.0759,5219.6,30.0,Eaton
2025-01-09 21:16:17.184097024,34.23730376774444,-118.08159568065504,287.5531,,,33.0,Eaton
2025-01-09 21:16:17.184097024,34.11853599500932,-118.52199548498274,297.8066,,,33.0,Palisades
2025-01-09 21:21:17.185630976,34.10003931690432,-118.6146118054029,217.23181,,,33.0,Palisades
2025-01-09 21:21:17.185630976,34.23730376774444,-118.08159568065504,257.06598,,,33.0,Eaton
2025-01-09 21:21:17.185630976,34.21371265897895,-118.09866985760715,300.8089,870.97205,8207.62,30.0,Eaton
2025-01-09 21:21:17.185630976,34.12108630986287,-118.55974309543153,620.18567,705.0084,46381.1,30.0,Palisades
2025-01-09 21:21:17.185630976,34.09499226178677,-118.53919286962353,1137.2739,621.77936,172121.86,30.0,Palisades
2025-01-09 21:21:17.185630976,34.092446994292104,-118.50148076618906,517.43835,1559.6582,4000.0,30.0,Palisades
2025-01-09 21:21:17.185630976,34.11853599500932,-118.52199548498274,268.92496,,,33.0,Palisades
2025-01-09 21:26:17.185351936,34.09499226178677,-118.53919286962353,1233.9984,652.7636,140717.16,30.0,Palisades
2025-01-09 21:26:17.185351936,34.24234182591638,-118.1563828282276,402.2799,845.31665,12476.22,30.0,Eaton
2025-01-09 21:26:17.185351936,34.23730376774444,-118.08159568065504,248.94981,,,33.0,Eaton
2025-01-09 21:26:17.185351936,34.12108630986287,-118.55974309543153,621.8742,669.5742,61443.16,30.0,Palisades
2025-01-09 21:26:17.185351936,34.09748567393056,-118.576825912057,465.26562,559.2614,137241.3,30.0,Palisades
2025-01-09 21:26:17.185351936,34.11853599500932,-118.52199548498274,255.54346,,,33.0,Palisades
2025-01-09 21:31:17.185063040,34.21371265897895,-118.09866985760715,228.59244,798.89514,9183.3,30.0,Eaton
2025-01-09 21:31:17.185063040,34.24234182591638,-118.1563828282276,530.94073,769.2843,25525.94,30.0,Eaton
2025-01-09 21:31:17.185063040,34.23730376774444,-118.08159568065504,255.19423,,,33.0,Eaton
2025-01-09 21:31:17.185063040,34.11853599500932,-118.52199548498274,426.55264,1518.7853,4000.0,30.0,Palisades
2025-01-09 21:31:17.185063040,34.12108630986287,-118.55974309543153,863.3569,707.2059,63516.48,30.0,Palisades
2025-01-09 21:31:17.185063040,34.09748567393056,-118.576825912057,494.64038,604.74896,88579.26,30.0,Palisades
2025-01-09 21:31:17.185063040,34.09499226178677,-118.53919286962353,1788.4226,739.4537,104556.016,30.0,Palisades
2025-01-09 21:36:17.184777984,34.23730376774444,-118.08159568065504,296.0733,,,33.0,Eaton
2025-01-09 21:36:17.184777984,34.09499226178677,-118.53919286962353,1858.7657,730.88354,115288.5,30.0,Palisades
2025-01-09 21:36:17.184777984,34.092446994292104,-118.50148076618906,1016.136,1268.7686,7049.0,30.0,Palisades
2025-01-09 21:36:17.184777984,34.12108630986287,-118.55974309543153,2163.8389,943.5983,42295.44,30.0,Palisades
2025-01-09 21:36:17.184777984,34.1235847076586,-118.59741155618087,356.83694,,,33.0,Palisades
2025-01-09 21:41:17.184499072,34.09499226178677,-118.53919286962353,2154.1719,817.9582,77602.86,30.0,Palisades
2025-01-09 21:41:17.184499072,34.23730376774444,-118.08159568065504,240.30867,,,33.0,Eaton
2025-01-09 21:41:17.184499072,34.12108630986287,-118.55974309543153,1081.0646,763.8456,53820.66,30.0,Palisades
2025-01-09 21:41:17.184499072,34.24234182591638,-118.1563828282276,572.34607,904.7032,13268.96,30.0,Eaton
2025-01-09 21:41:17.184499072,34.092446994292104,-118.50148076618906,1395.5554,1114.7261,14732.4795,30.0,Palisades
2025-01-09 21:46:17.184211072,34.24234182591638,-118.1563828282276,518.49884,885.91486,13147.0,30.0,Eaton
2025-01-09 21:46:17.184211072,34.23730376774444,-118.08159568065504,219.09637,,,33.0,Eaton
2025-01-09 21:46:17.184211072,34.1235847076586,-118.59741155618087,220.24422,,,33.0,Palisades
2025-01-09 21:46:17.184211072,34.11853599500932,-118.52199548498274,694.122,1810.554,4000.0,30.0,Palisades
2025-01-09 21:46:17.184211072,34.12108630986287,-118.55974309543153,1195.9204,752.2539,64187.258,30.0,Palisades
2025-01-09 21:46:17.184211072,34.092446994292104,-118.50148076618906,1252.9917,1068.854,15281.3,30.0,Palisades
2025-01-09 21:46:17.184211072,34.09499226178677,-118.53919286962353,2095.1675,809.8275,79005.4,30.0,Palisades
2025-01-09 21:51:17.185716992,34.092446994292104,-118.50148076618906,1156.2134,1030.7279,16135.02,30.0,Palisades
2025-01-09 21:51:17.185716992,34.24234182591638,-118.1563828282276,435.0252,857.84216,12659.16,30.0,Eaton
2025-01-09 21:51:17.185716992,34.09499226178677,-118.53919286962353,1946.9137,763.35114,97238.42,30.0,Palisades
2025-01-09 21:51:17.185716992,34.12108630986287,-118.55974309543153,1067.2089,729.7848,66748.42,30.0,Palisades
2025-01-09 21:56:17.185425024,34.24234182591638,-118.1563828282276,272.28882,626.8884,39246.44,30.0,Eaton
2025-01-09 21:56:17.185425024,34.1235847076586,-118.59741155618087,258.6447,,,33.0,Palisades
2025-01-09 21:56:17.185425024,34.092446994292104,-118.50148076618906,601.31006,981.8343,10037.02,30.0,Palisades
2025-01-09 21:56:17.185425024,34.09499226178677,-118.53919286962353,1261.1345,679.1332,115288.5,30.0,Palisades
2025-01-09 21:56:17.185425024,34.11853599500932,-118.52199548498274,582.3277,,,33.0,Palisades
2025-01-09 21:56:17.185425024,34.12108630986287,-118.55974309543153,1204.1725,1044.4622,16013.06,30.0,Palisades
2025-01-09 22:01:17.185134976,34.092446994292104,-118.50148076618906,601.31506,1396.8809,4000.0,30.0,Palisades
2025-01-09 22:01:17.185134976,34.09499226178677,-118.53919286962353,1393.8483,759.2309,71504.86,30.0,Palisades
2025-01-09 22:01:17.185134976,34.11853599500932,-118.52199548498274,480.0219,1176.31,4243.92,30.0,Palisades
2025-01-09 22:01:17.185134976,34.12108630986287,-118.55974309543153,828.2797,723.13745,54247.52,30.0,Palisades
2025-01-09 22:01:17.185134976,34.24234182591638,-118.1563828282276,287.20587,692.86743,23574.58,30.0,Eaton
2025-01-09 22:06:17.184835968,34.24234182591638,-118.1563828282276,250.54594,762.03265,12598.18,30.0,Eaton
2025-01-09 22:06:17.184835968,34.092446994292104,-118.50148076618906,486.98364,897.946,11683.48,30.0,Palisades
2025-01-09 22:06:17.184835968,34.11853599500932,-118.52199548498274,701.0788,1737.7079,4000.0,30.0,Palisades
2025-01-09 22:06:17.184835968,34.12108630986287,-118.55974309543153,1091.9092,867.4561,30282.379,30.0,Palisades
2025-01-09 22:06:17.184835968,34.09499226178677,-118.53919286962353,944.8035,673.0353,90713.56,30.0,Palisades
2025-01-09 22:11:17.184526976,34.09499226178677,-118.53919286962353,1004.1159,691.54895,83213.016,30.0,Palisades
2025-01-09 22:11:17.184526976,34.11853599500932,-118.52199548498274,496.13834,3035.5867,4000.0,30.0,Palisades
2025-01-09 22:11:17.184526976,34.12108630986287,-118.55974309543153,939.83997,776.8106,43149.16,30.0,Palisades
2025-01-09 22:11:17.184526976,34.092446994292104,-118.50148076618906,481.2041,1088.2466,5524.5,30.0,Palisades
2025-01-09 22:11:17.184526976,34.24234182591638,-118.1563828282276,283.93222,947.66364,5463.52,30.0,Eaton
2025-01-09 22:16:17.186025984,34.24234182591638,-118.1563828282276,211.31937,728.35645,13329.939,30.0,Eaton
2025-01-09 22:16:17.186025984,34.12108630986287,-118.55974309543153,930.17505,792.2478,38880.56,30.0,Palisades
2025-01-09 22:16:17.186025984,34.09499226178677,-118.53919286962353,1120.3264,737.80554,66260.58,30.0,Palisades
2025-01-09 22:16:17.186025984,34.11853599500932,-118.52199548498274,545.6074,,,33.0,Palisades
2025-01-09 22:21:17.185728000,34.11853599500932,-118.52199548498274,797.3399,,,33.0,Palisades
2025-01-09 22:21:17.185728000,34.09499226178677,-118.53919286962353,1743.5001,724.6757,112971.26,30.0,Palisades
2025-01-09 22:21:17.185728000,34.1235847076586,-118.59741155618087,497.64005,1844.7794,4000.0,30.0,Palisades
2025-01-09 22:21:17.185728000,34.12108630986287,-118.55974309543153,2118.733,991.8877,34124.117,30.0,Palisades
2025-01-09 22:21:17.185728000,34.092446994292104,-118.50148076618906,639.75507,1447.9719,4000.0,30.0,Palisades
2025-01-09 22:21:17.185728000,34.10003931690432,-118.6146118054029,211.30501,769.9985,10098.0,30.0,Palisades
2025-01-09 22:26:17.185424000,34.24234182591638,-118.1563828282276,218.2064,812.2997,8085.66,30.0,Eaton
2025-01-09 22:26:17.185424000,34.09748567393056,-118.576825912057,519.63916,726.04913,33331.38,30.0,Palisades
2025-01-09 22:26:17.185424000,34.09499226178677,-118.53919286962353,1782.1857,784.83136,77846.78,30.0,Palisades
2025-01-09 22:26:17.185424000,34.092446994292104,-118.50148076618906,630.74817,1320.0793,4000.0,30.0,Palisades
2025-01-09 22:26:17.185424000,34.11853599500932,-118.52199548498274,582.9222,,,33.0,Palisades
2025-01-09 22:26:17.185424000,34.1235847076586,-118.59741155618087,331.8249,981.8892,5524.5,30.0,Palisades
2025-01-09 22:26:17.185424000,34.12108630986287,-118.55974309543153,1473.6177,739.9481,85896.14,30.0,Palisades
2025-01-09 22:31:17.185107968,34.12108630986287,-118.55974309543153,1066.41,691.05444,88701.22,30.0,Palisades
2025-01-09 22:31:17.185107968,34.1235847076586,-118.59741155618087,249.68301,801.64197,9854.08,30.0,Palisades
2025-01-09 22:31:17.185107968,34.09499226178677,-118.53919286962353,1679.0962,742.4752,96201.76,30.0,Palisades
2025-01-09 22:31:17.185107968,34.11853599500932,-118.52199548498274,440.70258,1080.5554,5158.62,30.0,Palisades
2025-01-09 22:36:17.184796032,34.092446994292104,-118.50148076618906,426.11453,1027.9261,6012.34,30.0,Palisades
2025-01-09 22:36:17.184796032,34.09499226178677,-118.53919286962353,1120.3867,653.75244,126630.78,30.0,Palisades
2025-01-09 22:36:17.184796032,34.11853599500932,-118.52199548498274,530.30255,1493.4045,4000.0,30.0,Palisades
2025-01-09 22:36:17.184796032,34.12108630986287,-118.55974309543153,1341.9729,796.423,54735.36,30.0,Palisades
2025-01-09 22:36:17.184796032,34.1235847076586,-118.59741155618087,351.5582,993.15125,5646.46,30.0,Palisades
2025-01-09 22:41:17.184489984,34.12108630986287,-118.55974309543153,849.6441,609.6383,144863.8,30.0,Palisades
2025-01-09 22:41:17.184489984,34.11853599500932,-118.52199548498274,388.46924,1026.7175,5463.52,30.0,Palisades
2025-01-09 22:41:17.184489984,34.09748567393056,-118.576825912057,424.94006,661.8281,44795.62,30.0,Palisades
2025-01-09 22:41:17.184489984,34.09499226178677,-118.53919286962353,1360.5906,726.214,87176.72,30.0,Palisades
2025-01-09 22:41:17.184489984,34.092446994292104,-118.50148076618906,609.9494,1195.6477,5097.64,30.0,Palisades
2025-01-09 22:46:17.185979904,34.09748567393056,-118.576825912057,431.45895,599.14545,81810.48,30.0,Palisades
2025-01-09 22:46:17.185979904,34.1784019464016,-118.67662075155526,257.53793,1096.0476,4000.0,10.0,Palisades
2025-01-09 22:46:17.185979904,34.12108630986287,-118.55974309543153,682.9313,594.53076,135838.77,30.0,Palisades
2025-01-09 22:46:17.185979904,34.11853599500932,-118.52199548498274,329.85687,1000.51276,5158.62,30.0,Palisades
2025-01-09 22:46:17.185979904,34.09499226178677,-118.53919286962353,1259.8114,702.2616,96201.76,30.0,Palisades
2025-01-09 22:46:17.185979904,34.092446994292104,-118.50148076618906,585.72144,1234.2134,4426.86,30.0,Palisades
2025-01-09 22:46:17.185979904,34.20449209530092,-118.69726388531458,235.16548,,,13.0,Other
2025-01-09 22:51:17.185657088,34.1784019464016,-118.67662075155526,322.2836,997.8758,5097.64,30.0,Palisades
2025-01-09 22:51:17.185657088,34.11853599500932,-118.52199548498274,340.22943,925.68896,7170.96,30.0,Palisades
2025-01-09 22:51:17.185657088,34.12108630986287,-118.55974309543153,763.1131,664.1355,78944.42,30.0,Palisades
2025-01-09 22:51:17.185657088,34.09748567393056,-118.576825912057,363.028,549.48267,120410.82,30.0,Palisades
2025-01-09 22:51:17.185657088,34.09499226178677,-118.53919286962353,1125.296,623.1528,168036.2,30.0,Palisades
2025-01-09 22:51:17.185657088,34.092446994292104,-118.50148076618906,486.66483,1241.9045,4000.0,30.0,Palisades
2025-01-09 22:56:17.185339008,34.09499226178677,-118.53919286962353,940.5617,609.4735,160596.64,30.0,Palisades
2025-01-09 22:56:17.185339008,34.092446994292104,-118.50148076618906,385.33252,2022.7743,4000.0,30.0,Palisades
2025-01-09 22:56:17.185339008,34.1784019464016,-118.67662075155526,575.5047,806.5314,22111.06,30.0,Palisades
2025-01-09 22:56:17.185339008,34.12108630986287,-118.55974309543153,693.2062,670.2335,68150.96,30.0,Palisades
2025-01-09 22:56:17.185339008,34.11853599500932,-118.52199548498274,286.60315,1043.0886,4000.0,30.0,Palisades
2025-01-09 22:56:17.185339008,34.09748567393056,-118.576825912057,406.8498,559.591,119435.14,30.0,Palisades
2025-01-09 23:01:17.185027968,34.12108630986287,-118.55974309543153,545.3764,566.51306,147668.88,30.0,Palisades
2025-01-09 23:01:17.185027968,34.09748567393056,-118.576825912057,507.7444,584.9168,111873.62,30.0,Palisades
2025-01-09 23:01:17.185027968,34.09499226178677,-118.53919286962353,955.94965,624.9657,140351.28,30.0,Palisades
2025-01-09 23:01:17.185027968,34.1784019464016,-118.67662075155526,541.583,770.16327,25891.82,30.0,Palisades
2025-01-09 23:01:17.185027968,34.10003931690432,-118.6146118054029,291.97552,739.83826,17049.719,30.0,Palisades
2025-01-09 23:01:17.185027968,34.11853599500932,-118.52199548498274,266.74896,887.1234,6744.1,30.0,Palisades
2025-01-09 23:06:17.184712064,34.1809752846023,-118.71456284923794,448.41312,1246.0247,4000.0,30.0,Palisades
2025-01-09 23:06:17.184712064,34.12108630986287,-118.55974309543153,492.26587,587.60876,105409.74,30.0,Palisades
2025-01-09 23:06:17.184712064,34.11853599500932,-118.52199548498274,261.65958,879.1576,6866.06,30.0,Palisades
2025-01-09 23:06:17.184712064,34.10003931690432,-118.6146118054029,428.93903,725.33496,27660.24,30.0,Palisades
2025-01-09 23:06:17.184712064,34.09748567393056,-118.576825912057,664.5934,630.01984,93030.8,30.0,Palisades
2025-01-09 23:06:17.184712064,34.09499226178677,-118.53919286962353,864.508,609.089,148156.72,30.0,Palisades
2025-01-09 23:06:17.184712064,34.092446994292104,-118.50148076618906,366.52383,1284.9199,4000.0,30.0,Palisades
2025-01-09 23:06:17.184712064,34.1784019464016,-118.67662075155526,951.13165,782.579,42112.5,30.0,Palisades
2025-01-09 23:11:17.184382976,34.09748567393056,-118.576825912057,575.5716,603.7052,104129.16,30.0,Palisades
2025-01-09 23:11:17.184382976,34.154834523882386,-118.69380997924932,458.70038,846.52527,14183.66,30.0,Palisades
2025-01-09 23:11:17.184382976,34.1809752846023,-118.71456284923794,1443.4791,999.52386,22537.92,30.0,Palisades
2025-01-09 23:11:17.184382976,34.092446994292104,-118.50148076618906,377.3802,1230.4777,4000.0,30.0,Palisades
2025-01-09 23:11:17.184382976,34.10003931690432,-118.6146118054029,462.2039,787.4134,19854.8,30.0,Palisades
2025-01-09 23:11:17.184382976,34.1784019464016,-118.67662075155526,1261.1323,834.0546,41624.66,30.0,Palisades
2025-01-09 23:11:17.184382976,34.11853599500932,-118.52199548498274,218.97818,,,33.0,Palisades
2025-01-09 23:11:17.184382976,34.12108630986287,-118.55974309543153,461.34656,597.71704,88762.2,30.0,Palisades
2025-01-09 23:11:17.184382976,34.15226630822383,-118.6559039731515,355.2171,889.7604,8817.42,30.0,Palisades
2025-01-09 23:11:17.184382976,34.09499226178677,-118.53919286962353,828.4126,581.95026,188586.45,30.0,Palisades
2025-01-09 23:16:17.185860096,34.092446994292104,-118.50148076618906,349.0848,1316.4536,4000.0,30.0,Palisades
2025-01-09 23:16:17.185860096,34.10003931690432,-118.6146118054029,379.98236,706.54663,28087.1,30.0,Palisades
2025-01-09 23:16:17.185860096,34.09748567393056,-118.576825912057,565.4056,601.06824,105104.836,30.0,Palisades
2025-01-09 23:16:17.185860096,34.11853599500932,-118.52199548498274,225.7434,908.2191,5158.62,30.0,Palisades
2025-01-09 23:16:17.185860096,34.1784019464016,-118.67662075155526,495.78827,773.899,23147.72,30.0,Palisades
2025-01-09 23:16:17.185860096,34.1809752846023,-118.71456284923794,332.93176,1017.7629,4853.7197,30.0,Palisades
2025-01-09 23:16:17.185860096,34.12108630986287,-118.55974309543153,489.05518,596.8381,94982.16,30.0,Palisades
2025-01-09 23:16:17.185860096,34.09499226178677,-118.53919286962353,826.1038,591.1247,170353.44,30.0,Palisades
2025-01-09 23:21:17.185540992,34.12108630986287,-118.55974309543153,598.99426,617.65906,94311.38,30.0,Palisades
2025-01-09 23:21:17.185540992,34.1784019464016,-118.67662075155526,671.9591,760.9889,34063.14,30.0,Palisades
2025-01-09 23:21:17.185540992,34.154834523882386,-118.69380997924932,289.94623,,,33.0,Palisades
2025-01-09 23:21:17.185540992,34.15226630822383,-118.6559039731515,293.94675,1619.1545,4000.0,30.0,Palisades
2025-01-09 23:21:17.185540992,34.11853599500932,-118.52199548498274,298.81952,938.1047,6012.34,30.0,Palisades
2025-01-09 23:21:17.185540992,34.09748567393056,-118.576825912057,474.18747,568.8204,125106.28,30.0,Palisades
2025-01-09 23:21:17.185540992,34.09499226178677,-118.53919286962353,604.7071,577.1708,145107.72,30.0,Palisades
2025-01-09 23:21:17.185540992,34.10003931690432,-118.6146118054029,317.42285,684.9016,27721.22,30.0,Palisades
2025-01-09 23:21:17.185540992,34.1809752846023,-118.71456284923794,607.6434,864.7642,17110.7,30.0,Palisades
2025-01-09 23:26:17.185219072,34.10003931690432,-118.6146118054029,269.68384,653.5327,30526.299,30.0,Palisades
2025-01-09 23:26:17.185219072,34.092446994292104,-118.50148076618906,251.27106,2343.0,4000.0,30.0,Palisades
2025-01-09 23:26:17.185219072,34.09499226178677,-118.53919286962353,585.15625,543.6045,208831.81,30.0,Palisades
2025-01-09 23:26:17.185219072,34.11853599500932,-118.52199548498274,306.6219,1016.88385,4487.84,30.0,Palisades
2025-01-09 23:26:17.185219072,34.12108630986287,-118.55974309543153,519.2452,634.68945,69614.48,30.0,Palisades
2025-01-09 23:26:17.185219072,34.15226630822383,-118.6559039731515,346.87027,985.7348,5707.44,30.0,Palisades
2025-01-09 23:26:17.185219072,34.154834523882386,-118.69380997924932,382.1545,1069.8428,4670.78,30.0,Palisades
2025-01-09 23:26:17.185219072,34.1784019464016,-118.67662075155526,600.1674,734.17975,36380.38,30.0,Palisades
2025-01-09 23:26:17.185219072,34.1809752846023,-118.71456284923794,551.9465,844.49255,17232.66,30.0,Palisades
2025-01-09 23:26:17.185219072,34.09748567393056,-118.576825912057,415.47324,560.6348,120532.78,30.0,Palisades
2025-01-09 23:31:17.184887040,34.1784019464016,-118.67662075155526,497.70245,744.1233,28209.06,30.0,Palisades
2025-01-09 23:31:17.184887040,34.1809752846023,-118.71456284923794,442.5621,790.1602,18696.18,30.0,Palisades
2025-01-09 23:31:17.184887040,34.09748567393056,-118.576825912057,384.52197,533.551,156023.14,30.0,Palisades
2025-01-09 23:31:17.184887040,34.12108630986287,-118.55974309543153,355.58298,550.6913,116203.195,30.0,Palisades
2025-01-09 23:31:17.184887040,34.09499226178677,-118.53919286962353,705.3799,565.5791,193038.0,30.0,Palisades
2025-01-09 23:36:17.184558080,34.1784019464016,-118.67662075155526,259.2699,705.5028,19305.98,30.0,Palisades
2025-01-09 23:36:17.184558080,34.11853599500932,-118.52199548498274,258.02042,1533.6182,4000.0,30.0,Palisades
2025-01-09 23:36:17.184558080,34.09748567393056,-118.576825912057,369.92786,530.36475,156510.98,30.0,Palisades
2025-01-09 23:36:17.184558080,34.10003931690432,-118.6146118054029,261.96768,667.32184,26379.66,30.0,Palisades
2025-01-09 23:36:17.184558080,34.092446994292104,-118.50148076618906,302.85236,1834.8909,4000.0,30.0,Palisades
2025-01-09 23:36:17.184558080,34.08167962109204,-118.70764886674131,92.74018,542.34094,33636.28,10.0,Palisades
2025-01-09 23:36:17.184558080,34.12108630986287,-118.55974309543153,475.82678,616.9999,75407.58,30.0,Palisades
2025-01-09 23:36:17.184558080,34.09499226178677,-118.53919286962353,588.9644,541.18726,216637.27,30.0,Palisades
2025-01-09 23:41:17.186040064,34.07911807667682,-118.66977967232299,487.5978,693.41675,39795.258,30.0,Palisades
2025-01-09 23:41:17.186040064,34.08167962109204,-118.70764886674131,765.9605,843.11914,24062.42,30.0,Palisades
2025-01-09 23:41:17.186040064,34.092446994292104,-118.50148076618906,330.37973,2657.8423,4000.0,30.0,Palisades
2025-01-09 23:41:17.186040064,34.055590021104194,-118.68701610912929,632.0917,753.078,33758.242,30.0,Palisades
2025-01-09 23:41:17.186040064,34.12108630986287,-118.55974309543153,406.04504,565.13965,111690.68,30.0,Palisades
2025-01-09 23:41:17.186040064,34.1784019464016,-118.67662075155526,248.97357,717.75366,16927.76,30.0,Palisades
2025-01-09 23:41:17.186040064,34.09499226178677,-118.53919286962353,724.6589,586.8396,156450.0,30.0,Palisades
2025-01-09 23:46:17.185714944,34.053033558195125,-118.64918271388292,624.8321,717.479,42600.34,30.0,Palisades
2025-01-09 23:46:17.185714944,34.092446994292104,-118.50148076618906,344.6332,1339.6367,4000.0,30.0,Palisades
2025-01-09 23:46:17.185714944,34.055590021104194,-118.68701610912929,962.3731,952.71783,18086.379,30.0,Palisades
2025-01-09 23:46:17.185714944,34.07911807667682,-118.66977967232299,679.1947,777.46985,31014.14,30.0,Palisades
2025-01-09 23:46:17.185714944,34.12108630986287,-118.55974309543153,419.93936,574.58875,103763.28,30.0,Palisades
2025-01-09 23:46:17.185714944,34.08167962109204,-118.70764886674131,1051.5837,871.6863,28574.94,30.0,Palisades
2025-01-09 23:46:17.185714944,34.11853599500932,-118.52199548498274,231.54175,823.89136,8085.66,30.0,Palisades
2025-01-09 23:46:17.185714944,34.1809752846023,-118.71456284923794,359.18225,974.5277,6195.2803,30.0,Palisades
2025-01-09 23:46:17.185714944,34.1784019464016,-118.67662075155526,331.67947,748.84784,18208.34,30.0,Palisades
2025-01-09 23:46:17.185714944,34.09499226178677,-118.53919286962353,772.34827,607.9353,133887.4,30.0,Palisades
2025-01-09 23:51:17.185379968,34.1809752846023,-118.71456284923794,278.39288,825.59436,9610.16,30.0,Palisades
2025-01-09 23:51:17.185379968,34.12108630986287,-118.55974309543153,587.0758,641.11707,74187.98,30.0,Palisades
2025-01-09 23:51:17.185379968,34.11853599500932,-118.52199548498274,342.6297,983.31757,5707.44,30.0,Palisades
2025-01-09 23:51:17.185379968,34.09748567393056,-118.576825912057,389.75623,530.14496,165414.06,30.0,Palisades
2025-01-09 23:51:17.185379968,34.1784019464016,-118.67662075155526,252.26201,739.23395,14793.46,30.0,Palisades
2025-01-09 23:51:17.185379968,34.092446994292104,-118.50148076618906,287.6383,1283.6562,4000.0,30.0,Palisades
2025-01-09 23:51:17.185379968,34.07911807667682,-118.66977967232299,332.83286,704.7337,24916.14,30.0,Palisades
2025-01-09 23:51:17.185379968,34.055590021104194,-118.68701610912929,783.1649,1064.404,9732.12,30.0,Palisades
2025-01-09 23:51:17.185379968,34.08167962109204,-118.70764886674131,593.78467,759.2309,30465.32,30.0,Palisades
2025-01-09 23:51:17.185379968,34.053033558195125,-118.64918271388292,422.59723,1116.5391,4426.86,30.0,Palisades
2025-01-09 23:51:17.185379968,34.09499226178677,-118.53919286962353,687.70355,614.80237,111324.8,30.0,Palisades
2025-01-09 23:56:17.185049088,34.092446994292104,-118.50148076618906,264.4452,1138.9531,4000.0,30.0,Palisades
2025-01-09 23:56:17.185049088,34.1235847076586,-118.59741155618087,242.69936,698.08636,19123.04,30.0,Palisades
2025-01-09 23:56:17.185049088,34.11853599500932,-118.52199548498274,322.38516,1016.55426,4731.76,30.0,Palisades
2025-01-09 23:56:17.185049088,34.09499226178677,-118.53919286962353,645.23956,570.029,167792.28,30.0,Palisades
2025-01-09 23:56:17.185049088,34.08167962109204,-118.70764886674131,513.991,735.11365,30953.16,30.0,Palisades
2025-01-09 23:56:17.185049088,34.07911807667682,-118.66977967232299,250.39435,634.4697,33636.28,30.0,Palisades
2025-01-09 23:56:17.185049088,34.055590021104194,-118.68701610912929,584.2693,985.8996,9610.16,30.0,Palisades
2025-01-09 23:56:17.185049088,34.12108630986287,-118.55974309543153,645.6016,665.23425,66138.625,30.0,Palisades
2025-01-09 23:56:17.185049088,34.053033558195125,-118.64918271388292,264.0645,2113.3647,4000.0,30.0,Palisades
2025-01-10 00:01:17.184724992,34.11853599500932,-118.52199548498274,255.2946,803.4549,9976.04,30.0,Palisades
2025-01-10 00:01:17.184724992,34.055590021104194,-118.68701610912929,391.42056,2554.1768,4000.0,30.0,Palisades
2025-01-10 00:01:17.184724992,34.08167962109204,-118.70764886674131,392.29095,633.8105,52966.94,30.0,Palisades
2025-01-10 00:01:17.184724992,34.092446994292104,-118.50148076618906,352.38397,1584.7092,4000.0,30.0,Palisades
2025-01-10 00:01:17.184724992,34.1809752846023,-118.71456284923794,170.5224,896.9022,4121.96,30.0,Palisades
2025-01-10 00:01:17.184724992,34.12108630986287,-118.55974309543153,444.79642,564.4254,123337.86,30.0,Palisades
2025-01-10 00:01:17.184724992,34.09499226178677,-118.53919286962353,801.60046,647.3798,95774.9,30.0,Palisades
2025-01-10 00:06:17.184396928,34.055590021104194,-118.68701610912929,332.07587,625.515,48454.418,30.0,Palisades
2025-01-10 00:06:17.184396928,34.12108630986287,-118.55974309543153,482.0032,583.8181,107483.06,30.0,Palisades
2025-01-10 00:06:17.184396928,34.08167962109204,-118.70764886674131,248.36183,605.90265,43941.9,30.0,Palisades
2025-01-10 00:06:17.184396928,34.11853599500932,-118.52199548498274,275.4441,832.0769,9183.3,30.0,Palisades
2025-01-10 00:06:17.184396928,34.09748567393056,-118.576825912057,383.58582,533.1116,156510.98,30.0,Palisades
2025-01-10 00:06:17.184396928,34.09499226178677,-118.53919286962353,718.71716,619.58185,111080.88,30.0,Palisades
2025-01-10 00:06:17.184396928,34.092446994292104,-118.50148076618906,339.7032,1076.8198,4060.98,30.0,Palisades
2025-01-10 00:11:17.185865088,34.092446994292104,-118.50148076618906,316.0742,1342.2188,4000.0,30.0,Palisades
2025-01-10 00:11:17.185865088,34.09499226178677,-118.53919286962353,731.26514,622.6583,109739.32,30.0,Palisades
2025-01-10 00:11:17.185865088,34.12108630986287,-118.55974309543153,379.67404,576.12695,92177.08,30.0,Palisades
2025-01-10 00:11:17.185865088,34.1784019464016,-118.67662075155526,226.87012,792.35767,9488.2,30.0,Palisades
2025-01-10 00:16:17.185537024,34.09499226178677,-118.53919286962353,587.82495,567.1723,157974.5,30.0,Palisades
2025-01-10 00:16:17.185537024,34.11853599500932,-118.52199548498274,288.06604,806.69617,11073.68,30.0,Palisades
2025-01-10 00:16:17.185537024,34.12108630986287,-118.55974309543153,481.84833,612.05554,80103.04,30.0,Palisades
2025-01-10 00:21:17.185214080,34.08167962109204,-118.70764886674131,146.3092,542.6156,52844.98,30.0,Palisades
2025-01-10 00:21:17.185214080,34.12108630986287,-118.55974309543153,369.29376,593.432,74248.96,30.0,Palisades
2025-01-10 00:21:17.185214080,34.09499226178677,-118.53919286962353,748.0417,567.5568,200050.7,30.0,Palisades
2025-01-10 00:26:17.184882944,34.12108630986287,-118.55974309543153,458.96228,587.49884,98336.06,30.0,Palisades
2025-01-10 00:26:17.184882944,34.08167962109204,-118.70764886674131,123.99508,534.43005,49735.0,30.0,Palisades
2025-01-10 00:26:17.184882944,34.09499226178677,-118.53919286962353,801.5908,601.83734,147790.84,30.0,Palisades
2025-01-10 00:31:17.184546048,34.23982112289933,-118.11896947613783,308.356,844.10803,9671.141,30.0,Eaton
2025-01-10 00:31:17.184546048,34.092446994292104,-118.50148076618906,272.0694,1078.413,4000.0,30.0,Palisades
2025-01-10 00:31:17.184546048,34.12108630986287,-118.55974309543153,418.5282,563.21686,117727.695,30.0,Palisades
2025-01-10 00:31:17.184546048,34.09499226178677,-118.53919286962353,766.9156,603.4854,139070.7,30.0,Palisades
2025-01-10 00:31:17.184546048,34.09748567393056,-118.576825912057,387.43723,603.65027,70102.32,30.0,Palisades
2025-01-10 00:36:17.186019968,34.092446994292104,-118.50148076618906,296.34885,995.7882,4670.78,30.0,Palisades
2025-01-10 00:36:17.186019968,34.1235847076586,-118.59741155618087,337.24127,690.0107,28270.04,30.0,Palisades
2025-01-10 00:36:17.186019968,34.09748567393056,-118.576825912057,882.64923,715.776,60955.32,30.0,Palisades
2025-01-10 00:36:17.186019968,34.12108630986287,-118.55974309543153,531.187,580.35706,123032.96,30.0,Palisades
2025-01-10 00:36:17.186019968,34.09499226178677,-118.53919286962353,1189.2448,660.61957,126630.78,30.0,Palisades
2025-01-10 00:36:17.186019968,34.23982112289933,-118.11896947613783,288.55624,869.8733,7902.7197,30.0,Eaton
2025-01-10 00:41:17.185693952,34.23982112289933,-118.11896947613783,270.89618,798.3458,10890.74,30.0,Eaton
2025-01-10 00:41:17.185693952,34.1235847076586,-118.59741155618087,337.67618,667.2669,34002.16,30.0,Palisades
2025-01-10 00:41:17.185693952,34.12108630986287,-118.55974309543153,560.5746,599.5849,105775.62,30.0,Palisades
2025-01-10 00:41:17.185693952,34.09499226178677,-118.53919286962353,1240.8212,662.4325,130167.62,30.0,Palisades
2025-01-10 00:41:17.185693952,34.092446994292104,-118.50148076618906,255.33582,884.5414,6500.1797,30.0,Palisades
2025-01-10 00:41:17.185693952,34.09748567393056,-118.576825912057,778.98956,710.99646,55711.04,30.0,Palisades
2025-01-10 00:46:17.185360000,34.09499226178677,-118.53919286962353,932.636,628.9211,131814.08,30.0,Palisades
2025-01-10 00:46:17.185360000,34.23982112289933,-118.11896947613783,291.99603,795.1594,11988.38,30.0,Eaton
2025-01-10 00:46:17.185360000,34.09748567393056,-118.576825912057,777.41235,697.3722,61565.12,30.0,Palisades
2025-01-10 00:46:17.185360000,34.12108630986287,-118.55974309543153,660.18,610.0778,111934.6,30.0,Palisades
2025-01-10 00:46:17.185360000,34.1235847076586,-118.59741155618087,404.5492,734.23474,24489.28,30.0,Palisades
2025-01-10 00:51:17.185026048,34.12108630986287,-118.55974309543153,548.1188,579.533,128094.3,30.0,Palisades
2025-01-10 00:51:17.185026048,34.1235847076586,-118.59741155618087,320.83264,686.8793,27538.28,30.0,Palisades
2025-01-10 00:51:17.185026048,34.09748567393056,-118.576825912057,666.5348,686.32996,57479.46,30.0,Palisades
2025-01-10 00:51:17.185026048,34.09499226178677,-118.53919286962353,819.09424,618.64795,127667.44,30.0,Palisades
2025-01-10 00:51:17.185026048,34.1809752846023,-118.71456284923794,150.46323,1148.8418,4000.0,30.0,Palisades
2025-01-10 00:51:17.185026048,34.23982112289933,-118.11896947613783,256.9781,739.17896,15037.38,30.0,Eaton
2025-01-10 00:56:17.184702080,34.23982112289933,-118.11896947613783,212.22743,750.1663,11561.52,30.0,Eaton
2025-01-10 00:56:17.184702080,34.12108630986287,-118.55974309543153,440.885,552.2295,141326.95,30.0,Palisades
2025-01-10 00:56:17.184702080,34.09748567393056,-118.576825912057,766.7473,704.84357,57357.5,30.0,Palisades
2025-01-10 00:56:17.184702080,34.09499226178677,-118.53919286962353,915.1041,639.7986,116995.94,30.0,Palisades
2025-01-10 00:56:17.184702080,34.1235847076586,-118.59741155618087,285.95834,653.42285,32416.68,30.0,Palisades
2025-01-10 00:56:17.184702080,34.1809752846023,-118.71456284923794,148.58745,990.3494,4000.0,30.0,Palisades
2025-01-10 01:01:17.184376960,34.23982112289933,-118.11896947613783,181.61424,731.6527,11195.641,30.0,Eaton
2025-01-10 01:01:17.184376960,34.09499226178677,-118.53919286962353,753.5729,597.77203,144863.8,30.0,Palisades
2025-01-10 01:01:17.184376960,34.09748567393056,-118.576825912057,569.9055,646.7755,68455.86,30.0,Palisades
2025-01-10 01:01:17.184376960,34.1235847076586,-118.59741155618087,268.02353,660.3998,28574.94,30.0,Palisades
2025-01-10 01:01:17.184376960,34.12108630986287,-118.55974309543153,408.82022,570.4685,105775.62,30.0,Palisades
2025-01-10 01:06:17.185847936,34.23982112289933,-118.11896947613783,193.7749,738.1901,11439.561,30.0,Eaton
2025-01-10 01:06:17.185847936,34.09499226178677,-118.53919286962353,766.31067,603.54034,138887.77,30.0,Palisades
2025-01-10 01:06:17.185847936,34.09748567393056,-118.576825912057,515.2044,651.88464,59186.9,30.0,Palisades
2025-01-10 01:06:17.185847936,34.12108630986287,-118.55974309543153,365.67764,554.9763,113398.12,30.0,Palisades
2025-01-10 01:11:17.185523968,34.09748567393056,-118.576825912057,422.66876,625.1854,61870.02,30.0,Palisades
2025-01-10 01:11:17.185523968,34.09499226178677,-118.53919286962353,748.4166,601.45276,138460.9,30.0,Palisades
2025-01-10 01:11:17.185523968,34.12108630986287,-118.55974309543153,381.43958,548.8234,127484.5,30.0,Palisades
2025-01-10 01:11:17.185523968,34.23982112289933,-118.11896947613783,207.89307,716.3253,14305.62,30.0,Eaton
2025-01-10 01:16:17.185203968,34.09499226178677,-118.53919286962353,774.5624,597.99176,148583.58,30.0,Palisades
2025-01-10 01:16:17.185203968,34.1809752846023,-118.71456284923794,83.60769,,,33.0,Palisades
2025-01-10 01:16:17.185203968,34.09748567393056,-118.576825912057,438.2257,620.57074,67053.32,30.0,Palisades
2025-01-10 01:16:17.185203968,34.23982112289933,-118.11896947613783,178.17862,758.40686,9183.3,30.0,Eaton
2025-01-10 01:16:17.185203968,34.12108630986287,-118.55974309543153,328.0632,554.8115,101933.88,30.0,Palisades
2025-01-10 01:21:17.184880000,34.09499226178677,-118.53919286962353,482.14462,561.0194,139131.67,30.0,Palisades
2025-01-10 01:21:17.184880000,34.12108630986287,-118.55974309543153,454.13852,588.3229,96445.68,30.0,Palisades
2025-01-10 01:21:17.184880000,34.23982112289933,-118.11896947613783,202.92688,737.2562,12049.359,30.0,Eaton
2025-01-10 01:21:17.184880000,34.09748567393056,-118.576825912057,295.58698,593.5968,59369.84,30.0,Palisades
2025-01-10 01:26:17.184561024,34.12108630986287,-118.55974309543153,344.09256,564.5903,95226.08,30.0,Palisades
2025-01-10 01:26:17.184561024,34.09748567393056,-118.576825912057,322.37903,604.4743,57845.34,30.0,Palisades
2025-01-10 01:26:17.184561024,34.09499226178677,-118.53919286962353,462.9461,550.63635,151266.7,30.0,Palisades
2025-01-10 01:26:17.184561024,34.23982112289933,-118.11896947613783,192.4449,737.421,11439.561,30.0,Eaton
2025-01-10 01:31:17.184247040,34.23982112289933,-118.11896947613783,165.90596,709.45825,11988.38,30.0,Eaton
2025-01-10 01:31:17.184247040,34.09499226178677,-118.53919286962353,507.9015,552.9437,161389.38,30.0,Palisades
2025-01-10 01:31:17.184247040,34.09748567393056,-118.576825912057,263.10535,581.73047,59979.64,30.0,Palisades
2025-01-10 01:36:17.185731072,34.12108630986287,-118.55974309543153,285.10336,580.2472,66077.64,30.0,Palisades
2025-01-10 01:36:17.185731072,34.09499226178677,-118.53919286962353,397.1838,519.8718,193403.88,30.0,Palisades
2025-01-10 01:36:17.185731072,34.23982112289933,-118.11896947613783,150.44447,703.30536,11378.58,30.0,Eaton
2025-01-10 01:41:17.185417088,34.12108630986287,-118.55974309543153,244.66959,528.8814,105470.72,30.0,Palisades
2025-01-10 01:41:17.185417088,34.23982112289933,-118.11896947613783,203.56741,708.24963,14854.439,30.0,Eaton
2025-01-10 01:41:17.185417088,34.09499226178677,-118.53919286962353,421.7444,544.5384,148644.56,30.0,Palisades
2025-01-10 01:46:17.185106944,34.23982112289933,-118.11896947613783,195.20662,754.67114,10280.939,30.0,Eaton
2025-01-10 01:46:17.185106944,34.12108630986287,-118.55974309543153,313.15955,565.46924,85774.18,30.0,Palisades
2025-01-10 01:46:17.185106944,34.09499226178677,-118.53919286962353,334.59674,519.3774,163950.53,30.0,Palisades
2025-01-10 01:51:17.184792064,34.23982112289933,-118.11896947613783,189.24188,721.3246,12537.2,30.0,Eaton
2025-01-10 01:51:17.184792064,34.12108630986287,-118.55974309543153,409.4364,598.8707,77785.8,30.0,Palisades
2025-01-10 01:51:17.184792064,34.09499226178677,-118.53919286962353,483.001,562.77734,136509.53,30.0,Palisades
2025-01-10 01:56:17.184480000,34.23982112289933,-118.11896947613783,127.63172,742.64,7292.92,30.0,Eaton
2025-01-10 01:56:17.184480000,34.092446994292104,-118.50148076618906,255.12694,630.07477,35709.6,30.0,Palisades
2025-01-10 01:56:17.184480000,34.09499226178677,-118.53919286962353,559.9741,573.21533,140351.28,30.0,Palisades
2025-01-10 01:56:17.184480000,34.12108630986287,-118.55974309543153,423.3284,621.5596,64187.258,30.0,Palisades
2025-01-10 02:01:17.185979904,34.09499226178677,-118.53919286962353,503.16254,576.3467,121813.36,30.0,Palisades
2025-01-10 02:01:17.185979904,34.092446994292104,-118.50148076618906,246.11073,642.21576,30770.22,30.0,Palisades
2025-01-10 02:01:17.185979904,34.23982112289933,-118.11896947613783,136.0911,792.7972,5646.46,30.0,Eaton
2025-01-10 02:01:17.185979904,34.12108630986287,-118.55974309543153,360.0818,572.66595,90835.516,30.0,Palisades
2025-01-10 02:06:17.185672064,34.23982112289933,-118.11896947613783,126.09564,934.91833,4000.0,30.0,Eaton
2025-01-10 02:06:17.185672064,34.12108630986287,-118.55974309543153,407.00055,614.91223,65833.72,30.0,Palisades
2025-01-10 02:06:17.185672064,34.09499226178677,-118.53919286962353,344.55185,526.9586,152364.34,30.0,Palisades
2025-01-10 02:11:17.185364992,34.12108630986287,-118.55974309543153,244.17137,544.64825,85896.14,30.0,Palisades
2025-01-10 02:11:17.185364992,34.23982112289933,-118.11896947613783,106.02464,884.2667,4000.0,30.0,Eaton
2025-01-10 02:11:17.185364992,34.09499226178677,-118.53919286962353,400.8199,543.8242,142485.58,30.0,Palisades
2025-01-10 02:16:17.185067008,34.23982112289933,-118.11896947613783,102.49787,904.5933,4000.0,30.0,Eaton
2025-01-10 02:16:17.185067008,34.12108630986287,-118.55974309543153,241.41367,559.48114,70956.04,30.0,Palisades
2025-01-10 02:16:17.185067008,34.09499226178677,-118.53919286962353,398.15536,534.3751,159681.94,30.0,Palisades
2025-01-10 02:21:17.184766976,34.23982112289933,-118.11896947613783,99.48282,1182.1882,4000.0,30.0,Eaton
2025-01-10 02:21:17.184766976,34.09499226178677,-118.53919286962353,392.27502,541.68164,143278.31,30.0,Palisades
2025-01-10 02:26:17.184461952,34.09499226178677,-118.53919286962353,376.13074,529.5956,160596.64,30.0,Palisades
2025-01-10 02:26:17.184461952,34.092446994292104,-118.50148076618906,230.28609,580.9614,52966.94,30.0,Palisades
2025-01-10 02:26:17.184461952,34.23982112289933,-118.11896947613783,96.77399,1065.1732,4000.0,30.0,Eaton
2025-01-10 02:31:17.185964928,34.12108630986287,-118.55974309543153,350.1719,617.87885,54979.28,30.0,Palisades
2025-01-10 02:31:17.185964928,34.23982112289933,-118.11896947613783,99.515495,932.7758,4000.0,30.0,Eaton
2025-01-10 02:31:17.185964928,34.09499226178677,-118.53919286962353,388.63333,526.2994,173341.45,30.0,Palisades
2025-01-10 02:36:17.185672960,34.09499226178677,-118.53919286962353,379.18573,530.1999,160657.62,30.0,Palisades
2025-01-10 02:36:17.185672960,34.23982112289933,-118.11896947613783,87.40464,758.5167,4487.84,30.0,Eaton
2025-01-10 02:36:17.185672960,34.12108630986287,-118.55974309543153,320.14374,607.82544,55528.1,30.0,Palisades
2025-01-10 02:41:17.185374080,34.09499226178677,-118.53919286962353,344.71326,525.3655,155718.23,30.0,Palisades
2025-01-10 02:41:17.185374080,34.23982112289933,-118.11896947613783,102.04902,828.6159,4000.0,30.0,Eaton
2025-01-10 02:41:17.185374080,34.12108630986287,-118.55974309543153,324.47293,597.9368,62296.88,30.0,Palisades
2025-01-10 02:46:17.185072000,34.09499226178677,-118.53919286962353,368.41357,522.3989,173280.48,30.0,Palisades
2025-01-10 02:46:17.185072000,34.23982112289933,-118.11896947613783,78.791626,778.7883,4000.0,30.0,Eaton
2025-01-10 02:46:17.185072000,34.092446994292104,-118.50148076618906,248.88525,552.17456,79859.12,30.0,Palisades
2025-01-10 02:51:17.184775936,34.09499226178677,-118.53919286962353,350.6716,509.70853,196818.77,30.0,Palisades
2025-01-10 02:51:17.184775936,34.12108630986287,-118.55974309543153,307.06232,608.6495,52844.98,30.0,Palisades
2025-01-10 02:51:17.184775936,34.23982112289933,-118.11896947613783,84.35492,814.9916,4000.0,30.0,Eaton
2025-01-10 02:56:17.186292096,34.09499226178677,-118.53919286962353,329.9053,516.5756,168036.2,30.0,Palisades
2025-01-10 02:56:17.186292096,34.12108630986287,-118.55974309543153,287.14642,576.95105,69004.68,30.0,Palisades
2025-01-10 02:56:17.186292096,34.23982112289933,-118.11896947613783,105.97271,794.2256,4365.88,30.0,Eaton
2025-01-10 03:01:17.186000000,34.12108630986287,-118.55974309543153,323.62744,655.18085,36136.46,30.0,Palisades
2025-01-10 03:01:17.186000000,34.23982112289933,-118.11896947613783,75.44442,820.32043,4000.0,30.0,Eaton
2025-01-10 03:01:17.186000000,34.09499226178677,-118.53919286962353,298.90186,495.5898,206392.62,30.0,Palisades
2025-01-10 03:06:17.185703936,34.11853599500932,-118.52199548498274,241.90225,574.58875,59735.72,30.0,Palisades
2025-01-10 03:06:17.185703936,34.23982112289933,-118.11896947613783,142.3374,760.4944,7231.94,30.0,Eaton
2025-01-10 03:06:17.185703936,34.12108630986287,-118.55974309543153,315.52734,636.6672,41502.7,30.0,Palisades
2025-01-10 03:06:17.185703936,34.09499226178677,-118.53919286962353,333.40457,501.46802,210905.14,30.0,Palisades
2025-01-10 03:11:17.185412992,34.23982112289933,-118.11896947613783,115.484665,742.09064,6622.1396,30.0,Eaton
2025-01-10 03:11:17.185412992,34.092446994292104,-118.50148076618906,332.63937,573.05054,83517.92,30.0,Palisades
2025-01-10 03:11:17.185412992,34.09499226178677,-118.53919286962353,435.41702,532.6171,178646.72,30.0,Palisades
2025-01-10 03:11:17.185412992,34.12108630986287,-118.55974309543153,382.81592,626.94336,55162.22,30.0,Palisades
2025-01-10 03:11:17.185412992,34.11853599500932,-118.52199548498274,321.39444,592.16846,65528.82,30.0,Palisades
2025-01-10 03:16:17.185129984,34.11853599500932,-118.52199548498274,564.4521,689.4613,47539.72,30.0,Palisades
2025-01-10 03:16:17.185129984,34.09499226178677,-118.53919286962353,617.7521,561.0194,178219.86,30.0,Palisades
2025-01-10 03:16:17.185129984,34.092446994292104,-118.50148076618906,371.9452,570.1938,96506.66,30.0,Palisades
2025-01-10 03:16:17.185129984,34.12108630986287,-118.55974309543153,1140.9215,808.0696,43454.06,30.0,Palisades
2025-01-10 03:16:17.185129984,34.23982112289933,-118.11896947613783,144.95078,927.5568,4000.0,30.0,Eaton
2025-01-10 03:21:17.184846976,34.11853599500932,-118.52199548498274,840.2157,750.0015,45771.3,30.0,Palisades
2025-01-10 03:21:17.184846976,34.12108630986287,-118.55974309543153,1941.7147,932.7758,39795.258,30.0,Palisades
2025-01-10 03:21:17.184846976,34.092446994292104,-118.50148076618906,612.08954,617.43933,96567.64,30.0,Palisades
2025-01-10 03:21:17.184846976,34.23982112289933,-118.11896947613783,117.18437,881.1903,4000.0,30.0,Eaton
2025-01-10 03:21:17.184846976,34.09499226178677,-118.53919286962353,1188.7677,635.5684,157974.5,30.0,Palisades
2025-01-10 03:26:17.186358016,34.23982112289933,-118.11896947613783,102.178535,749.12256,5585.48,30.0,Eaton
2025-01-10 03:26:17.186358016,34.092446994292104,-118.50148076618906,623.76904,614.74744,101019.18,30.0,Palisades
2025-01-10 03:26:17.186358016,34.12108630986287,-118.55974309543153,1885.0831,909.3179,42844.258,30.0,Palisades
2025-01-10 03:26:17.186358016,34.09499226178677,-118.53919286962353,1130.5518,636.00793,149681.22,30.0,Palisades
2025-01-10 03:26:17.186358016,34.11853599500932,-118.52199548498274,1044.3606,751.21014,56442.8,30.0,Palisades
2025-01-10 03:31:17.186064000,34.09499226178677,-118.53919286962353,1026.2015,620.79047,156754.9,30.0,Palisades
2025-01-10 03:31:17.186064000,34.12108630986287,-118.55974309543153,1216.1746,793.0719,50588.72,30.0,Palisades
2025-01-10 03:31:17.186064000,34.23982112289933,-118.11896947613783,86.73992,725.49976,5585.48,30.0,Eaton
2025-01-10 03:31:17.186064000,34.092446994292104,-118.50148076618906,625.7334,619.80164,96445.68,30.0,Palisades
2025-01-10 03:31:17.186064000,34.11853599500932,-118.52199548498274,770.4981,688.3076,65467.84,30.0,Palisades
2025-01-10 03:36:17.185776896,34.092446994292104,-118.50148076618906,519.27673,604.6391,93030.8,30.0,Palisades
2025-01-10 03:36:17.185776896,34.12108630986287,-118.55974309543153,920.27405,667.8163,92238.06,30.0,Palisades
2025-01-10 03:36:17.185776896,34.09499226178677,-118.53919286962353,1019.95953,623.9219,151144.73,30.0,Palisades
2025-01-10 03:36:17.185776896,34.11853599500932,-118.52199548498274,470.8248,593.9814,94128.44,30.0,Palisades
2025-01-10 03:36:17.185776896,34.23982112289933,-118.11896947613783,84.11263,788.5121,4000.0,30.0,Eaton
2025-01-10 03:41:17.185497984,34.12108630986287,-118.55974309543153,937.43933,695.2846,75407.58,30.0,Palisades
2025-01-10 03:41:17.185497984,34.11853599500932,-118.52199548498274,519.7255,644.633,63638.44,30.0,Palisades
2025-01-10 03:41:17.185497984,34.092446994292104,-118.50148076618906,377.7094,559.92065,110410.1,30.0,Palisades
2025-01-10 03:41:17.185497984,34.23982112289933,-118.11896947613783,100.37356,844.3827,4000.0,30.0,Eaton
2025-01-10 03:41:17.185497984,34.09499226178677,-118.53919286962353,578.52094,540.9675,213222.38,30.0,Palisades
2025-01-10 03:46:17.185224960,34.092446994292104,-118.50148076618906,385.35855,557.72314,115593.4,30.0,Palisades
2025-01-10 03:46:17.185224960,34.23982112289933,-118.11896947613783,101.80941,872.01587,4000.0,30.0,Eaton
2025-01-10 03:46:17.185224960,34.09499226178677,-118.53919286962353,507.04877,540.528,187915.67,30.0,Palisades
2025-01-10 03:46:17.185224960,34.11853599500932,-118.52199548498274,455.07877,592.77277,92116.1,30.0,Palisades
2025-01-10 03:46:17.185224960,34.12108630986287,-118.55974309543153,783.43536,663.4213,81505.58,30.0,Palisades
2025-01-10 03:51:17.184945024,34.092446994292104,-118.50148076618906,351.05753,545.08777,122850.016,30.0,Palisades
2025-01-10 03:51:17.184945024,34.09499226178677,-118.53919286962353,470.0934,531.4085,196026.02,30.0,Palisades
2025-01-10 03:51:17.184945024,34.11853599500932,-118.52199548498274,487.70483,601.5077,90225.72,30.0,Palisades
2025-01-10 03:51:17.184945024,34.12108630986287,-118.55974309543153,749.6035,680.45166,67785.08,30.0,Palisades
2025-01-10 03:51:17.184945024,34.23982112289933,-118.11896947613783,103.24976,1028.036,4000.0,30.0,Eaton
2025-01-10 03:56:17.186455936,34.12108630986287,-118.55974309543153,638.69183,650.8408,74005.04,30.0,Palisades
2025-01-10 03:56:17.186455936,34.11853599500932,-118.52199548498274,672.30524,631.39325,92908.836,30.0,Palisades
2025-01-10 03:56:17.186455936,34.092446994292104,-118.50148076618906,404.78235,557.39355,121935.32,30.0,Palisades
2025-01-10 03:56:17.186455936,34.23982112289933,-118.11896947613783,108.98192,772.5255,5158.62,30.0,Eaton
2025-01-10 03:56:17.186455936,34.09499226178677,-118.53919286962353,544.71954,564.15076,151449.64,30.0,Palisades
2025-01-10 04:01:17.186164992,34.092446994292104,-118.50148076618906,328.1271,532.1776,135350.92,30.0,Palisades
2025-01-10 04:01:17.186164992,34.11853599500932,-118.52199548498274,429.19916,610.35254,72602.5,30.0,Palisades
2025-01-10 04:01:17.186164992,34.09499226178677,-118.53919286962353,430.4095,511.08194,236821.64,30.0,Palisades
2025-01-10 04:01:17.186164992,34.12108630986287,-118.55974309543153,505.24927,654.41174,56747.7,30.0,Palisades
2025-01-10 04:01:17.186164992,34.23982112289933,-118.11896947613783,96.78435,869.1592,4000.0,30.0,Eaton
2025-01-10 04:06:17.185879936,34.23982112289933,-118.11896947613783,92.9895,863.55566,4000.0,30.0,Eaton
2025-01-10 04:06:17.185879936,34.092446994292104,-118.50148076618906,318.67444,528.0574,138887.77,30.0,Palisades
2025-01-10 04:06:17.185879936,34.09499226178677,-118.53919286962353,419.17584,508.22525,240297.5,30.0,Palisades
2025-01-10 04:06:17.185879936,34.11853599500932,-118.52199548498274,295.9758,553.76776,93091.78,30.0,Palisades
2025-01-10 04:06:17.185879936,34.12108630986287,-118.55974309543153,410.83862,607.27606,71687.8,30.0,Palisades
2025-01-10 04:11:17.185585920,34.23982112289933,-118.11896947613783,96.70008,864.4346,4000.0,30.0,Eaton
2025-01-10 04:11:17.185585920,34.092446994292104,-118.50148076618906,313.22787,529.3209,134253.28,30.0,Palisades
2025-01-10 04:11:17.185585920,34.09499226178677,-118.53919286962353,419.05835,505.80804,248651.77,30.0,Palisades
2025-01-10 04:11:17.185585920,34.12108630986287,-118.55974309543153,423.7071,615.2419,68272.92,30.0,Palisades
2025-01-10 04:11:17.185585920,34.11853599500932,-118.52199548498274,305.18027,564.91986,84127.72,30.0,Palisades
2025-01-10 04:16:17.185278976,34.09499226178677,-118.53919286962353,426.50317,513.8837,225540.34,30.0,Palisades
2025-01-10 04:16:17.185278976,34.12108630986287,-118.55974309543153,391.8796,595.29987,77297.96,30.0,Palisades
2025-01-10 04:16:17.185278976,34.11853599500932,-118.52199548498274,331.0833,562.5027,93884.516,30.0,Palisades
2025-01-10 04:16:17.185278976,34.23982112289933,-118.11896947613783,102.7013,821.4192,4000.0,30.0,Eaton
2025-01-10 04:16:17.185278976,34.092446994292104,-118.50148076618906,357.49216,542.7804,128765.08,30.0,Palisades
2025-01-10 04:21:17.186776064,34.23982112289933,-118.11896947613783,125.56248,,,33.0,Eaton
2025-01-10 04:21:17.186776064,34.12108630986287,-118.55974309543153,477.64066,640.84235,60528.46,30.0,Palisades
2025-01-10 04:21:17.186776064,34.11853599500932,-118.52199548498274,386.30722,577.7201,92055.12,30.0,Palisades
2025-01-10 04:21:17.186776064,34.09499226178677,-118.53919286962353,400.0695,514.32324,210356.31,30.0,Palisades
2025-01-10 04:21:17.186776064,34.092446994292104,-118.50148076618906,341.78363,532.6171,140229.31,30.0,Palisades
2025-01-10 04:26:17.186473984,34.12108630986287,-118.55974309543153,350.63354,608.7044,60284.54,30.0,Palisades
2025-01-10 04:26:17.186473984,34.092446994292104,-118.50148076618906,410.81918,554.09735,128765.08,30.0,Palisades
2025-01-10 04:26:17.186473984,34.09499226178677,-118.53919286962353,418.6165,508.82953,237980.27,30.0,Palisades
2025-01-10 04:26:17.186473984,34.11853599500932,-118.52199548498274,375.70877,590.63025,77846.78,30.0,Palisades
2025-01-10 04:26:17.186473984,34.23982112289933,-118.11896947613783,92.589264,,,33.0,Eaton
2025-01-10 04:31:17.186164992,34.23982112289933,-118.11896947613783,133.48422,,,33.0,Eaton
2025-01-10 04:31:17.186164992,34.092446994292104,-118.50148076618906,343.2127,522.289,161633.3,30.0,Palisades
2025-01-10 04:31:17.186164992,34.12108630986287,-118.55974309543153,385.97635,643.97375,47539.72,30.0,Palisades
2025-01-10 04:31:17.186164992,34.11853599500932,-118.52199548498274,455.09253,615.79126,72907.4,30.0,Palisades
2025-01-10 04:31:17.186164992,34.09499226178677,-118.53919286962353,373.5342,514.2133,196635.81,30.0,Palisades
2025-01-10 04:36:17.185843968,34.09499226178677,-118.53919286962353,383.36478,536.90216,148827.5,30.0,Palisades
2025-01-10 04:36:17.185843968,34.092446994292104,-118.50148076618906,446.19763,560.6348,129313.9,30.0,Palisades
2025-01-10 04:36:17.185843968,34.11853599500932,-118.52199548498274,285.3132,544.5384,100531.336,30.0,Palisades
2025-01-10 04:36:17.185843968,34.23982112289933,-118.11896947613783,147.9861,951.674,4000.0,30.0,Eaton
2025-01-10 04:36:17.185843968,34.12108630986287,-118.55974309543153,270.04095,555.03125,83639.88,30.0,Palisades
2025-01-10 04:41:17.185526016,34.092446994292104,-118.50148076618906,343.39304,544.9229,120410.82,30.0,Palisades
2025-01-10 04:41:17.185526016,34.09499226178677,-118.53919286962353,347.61603,519.3774,170353.44,30.0,Palisades
2025-01-10 04:41:17.185526016,34.23982112289933,-118.11896947613783,153.8857,947.33405,4000.0,30.0,Eaton
2025-01-10 04:41:17.185526016,34.12108630986287,-118.55974309543153,414.29993,601.61755,76505.22,30.0,Palisades
2025-01-10 04:41:17.185526016,34.11853599500932,-118.52199548498274,378.71048,585.6859,82725.18,30.0,Palisades
2025-01-10 04:46:17.185214976,34.09499226178677,-118.53919286962353,414.0089,550.1419,136143.66,30.0,Palisades
2025-01-10 04:46:17.185214976,34.11853599500932,-118.52199548498274,290.5048,530.14496,123154.92,30.0,Palisades
2025-01-10 04:46:17.185214976,34.092446994292104,-118.50148076618906,476.16476,590.24567,99067.82,30.0,Palisades
2025-01-10 04:46:17.185214976,34.12108630986287,-118.55974309543153,264.72134,529.70544,112849.3,30.0,Palisades
2025-01-10 04:46:17.185214976,34.23982112289933,-118.11896947613783,129.40222,893.1665,4000.0,30.0,Eaton
2025-01-10 04:51:17.186700032,34.092446994292104,-118.50148076618906,307.38174,538.66016,116630.06,30.0,Palisades
2025-01-10 04:51:17.186700032,34.09499226178677,-118.53919286962353,361.69168,504.7093,218039.8,30.0,Palisades
2025-01-10 04:51:17.186700032,34.11853599500932,-118.52199548498274,365.75897,586.89453,78883.44,30.0,Palisades
2025-01-10 04:51:17.186700032,34.12108630986287,-118.55974309543153,460.84897,651.06055,53332.82,30.0,Palisades
2025-01-10 04:51:17.186700032,34.23982112289933,-118.11896947613783,122.10623,,,33.0,Eaton
2025-01-10 04:56:17.186372096,34.12108630986287,-118.55974309543153,410.2845,655.0709,45832.28,30.0,Palisades
2025-01-10 04:56:17.186372096,34.09499226178677,-118.53919286962353,376.31766,519.5971,183830.02,30.0,Palisades
2025-01-10 04:56:17.186372096,34.23982112289933,-118.11896947613783,147.59673,,,33.0,Eaton
2025-01-10 04:56:17.186372096,34.11853599500932,-118.52199548498274,398.86282,578.5442,94189.42,30.0,Palisades
2025-01-10 04:56:17.186372096,34.092446994292104,-118.50148076618906,349.55673,542.7804,125899.016,30.0,Palisades
2025-01-10 05:01:17.186048000,34.11853599500932,-118.52199548498274,409.29672,556.23987,124984.32,30.0,Palisades
2025-01-10 05:01:17.186048000,34.09499226178677,-118.53919286962353,394.75867,551.62524,127484.5,30.0,Palisades
2025-01-10 05:01:17.186048000,34.23982112289933,-118.11896947613783,161.59308,,,33.0,Eaton
2025-01-10 05:01:17.186048000,34.12108630986287,-118.55974309543153,335.44214,589.6963,70163.3,30.0,Palisades
2025-01-10 05:01:17.186048000,34.092446994292104,-118.50148076618906,369.43658,560.52496,107178.16,30.0,Palisades
2025-01-10 05:06:17.185731968,34.092446994292104,-118.50148076618906,404.72253,567.83154,107909.92,30.0,Palisades
2025-01-10 05:06:17.185731968,34.11853599500932,-118.52199548498274,400.38828,567.7766,106751.3,30.0,Palisades
2025-01-10 05:06:17.185731968,34.12108630986287,-118.55974309543153,367.66916,585.74084,80285.98,30.0,Palisades
2025-01-10 05:06:17.185731968,34.09499226178677,-118.53919286962353,368.21622,538.27563,140412.27,30.0,Palisades
2025-01-10 05:06:17.185731968,34.23982112289933,-118.11896947613783,130.44064,,,33.0,Eaton
2025-01-10 05:11:17.185410048,34.11853599500932,-118.52199548498274,481.7971,594.1462,96201.76,30.0,Palisades
2025-01-10 05:11:17.185410048,34.092446994292104,-118.50148076618906,341.69424,544.5384,120349.836,30.0,Palisades
2025-01-10 05:11:17.185410048,34.09499226178677,-118.53919286962353,351.46967,525.31055,158828.22,30.0,Palisades
2025-01-10 05:11:17.185410048,34.12108630986287,-118.55974309543153,410.45526,613.97833,66992.34,30.0,Palisades
2025-01-10 05:11:17.185410048,34.23982112289933,-118.11896947613783,105.58539,,,33.0,Eaton
2025-01-10 05:16:17.185080064,34.092446994292104,-118.50148076618906,413.7887,577.7751,98579.98,30.0,Palisades
2025-01-10 05:16:17.185080064,34.11853599500932,-118.52199548498274,441.45804,565.0847,121447.48,30.0,Palisades
2025-01-10 05:16:17.185080064,34.23982112289933,-118.11896947613783,103.950325,,,33.0,Eaton
2025-01-10 05:16:17.185080064,34.09499226178677,-118.53919286962353,461.46518,565.1946,126813.72,30.0,Palisades
2025-01-10 05:16:17.185080064,34.12108630986287,-118.55974309543153,386.63873,583.5983,86383.98,30.0,Palisades
2025-01-10 05:21:17.186557056,34.08167962109204,-118.70764886674131,42.04326,481.85565,35953.52,30.0,Palisades
2025-01-10 05:21:17.186557056,34.092446994292104,-118.50148076618906,387.93323,560.47003,112605.38,30.0,Palisades
2025-01-10 05:21:17.186557056,34.09499226178677,-118.53919286962353,428.68777,536.51764,167182.48,30.0,Palisades
2025-01-10 05:21:17.186557056,34.12108630986287,-118.55974309543153,450.94257,606.452,79310.3,30.0,Palisades
2025-01-10 05:21:17.186557056,34.11853599500932,-118.52199548498274,408.347,576.8411,98275.08,30.0,Palisades
2025-01-10 05:21:17.186557056,34.23982112289933,-118.11896947613783,87.26635,,,33.0,Eaton
2025-01-10 05:26:17.186242048,34.23982112289933,-118.11896947613783,238.98517,,,33.0,Eaton
2025-01-10 05:26:17.186242048,34.092446994292104,-118.50148076618906,505.9776,595.7943,99250.76,30.0,Palisades
2025-01-10 05:26:17.186242048,34.11853599500932,-118.52199548498274,335.0312,530.0351,142241.66,30.0,Palisades
2025-01-10 05:26:17.186242048,34.09499226178677,-118.53919286962353,467.21735,574.20416,115837.32,30.0,Palisades
2025-01-10 05:26:17.186242048,34.12108630986287,-118.55974309543153,405.60056,569.53455,106019.54,30.0,Palisades
2025-01-10 05:31:17.185924992,34.11853599500932,-118.52199548498274,342.29742,541.95636,124618.44,30.0,Palisades
2025-01-10 05:31:17.185924992,34.092446994292104,-118.50148076618906,335.77048,556.45966,102299.76,30.0,Palisades
2025-01-10 05:31:17.185924992,34.09499226178677,-118.53919286962353,408.31332,551.4604,132118.97,30.0,Palisades
2025-01-10 05:31:17.185924992,34.12108630986287,-118.55974309543153,395.0945,571.45734,101019.18,30.0,Palisades
2025-01-10 05:31:17.185924992,34.23982112289933,-118.11896947613783,171.22244,,,33.0,Eaton
2025-01-10 05:36:17.185598976,34.23982112289933,-118.11896947613783,128.75381,,,33.0,Eaton
2025-01-10 05:36:17.185598976,34.092446994292104,-118.50148076618906,367.69336,566.0186,100043.5,30.0,Palisades
2025-01-10 05:36:17.185598976,34.11853599500932,-118.52199548498274,377.72244,584.20264,83822.82,30.0,Palisades
2025-01-10 05:36:17.185598976,34.09499226178677,-118.53919286962353,416.97574,533.4961,169133.84,30.0,Palisades
2025-01-10 05:36:17.185598976,34.12108630986287,-118.55974309543153,460.64896,580.1373,106934.24,30.0,Palisades
2025-01-10 05:41:17.185276032,34.23982112289933,-118.11896947613783,100.26802,,,33.0,Eaton
2025-01-10 05:41:17.185276032,34.09499226178677,-118.53919286962353,402.89737,520.6409,194135.64,30.0,Palisades
2025-01-10 05:41:17.185276032,34.092446994292104,-118.50148076618906,328.27863,545.80194,113885.96,30.0,Palisades
2025-01-10 05:41:17.185276032,34.12108630986287,-118.55974309543153,394.39813,572.3363,99860.56,30.0,Palisades
2025-01-10 05:41:17.185276032,34.11853599500932,-118.52199548498274,309.70676,574.8085,76261.3,30.0,Palisades
2025-01-10 05:46:17.186768000,34.11853599500932,-118.52199548498274,318.23193,548.2191,107117.18,30.0,Palisades
2025-01-10 05:46:17.186768000,34.12108630986287,-118.55974309543153,392.53104,568.76544,103519.36,30.0,Palisades
2025-01-10 05:46:17.186768000,34.23982112289933,-118.11896947613783,113.48003,,,33.0,Eaton
2025-01-10 05:46:17.186768000,34.092446994292104,-118.50148076618906,344.24954,549.5376,113946.94,30.0,Palisades
2025-01-10 05:46:17.186768000,34.09499226178677,-118.53919286962353,365.33118,539.5391,137119.34,30.0,Palisades
2025-01-10 05:51:17.186464000,34.23982112289933,-118.11896947613783,94.54471,,,33.0,Eaton
2025-01-10 05:51:17.186464000,34.12108630986287,-118.55974309543153,324.0,557.1189,97848.22,30.0,Palisades
2025-01-10 05:51:17.186464000,34.11853599500932,-118.52199548498274,259.02042,538.6052,98397.04,30.0,Palisades
2025-01-10 05:51:17.186464000,34.09499226178677,-118.53919286962353,340.25195,522.344,160108.8,30.0,Palisades
2025-01-10 05:51:17.186464000,34.092446994292104,-118.50148076618906,258.6994,517.2898,130411.54,30.0,Palisades
2025-01-10 05:56:17.186153088,34.12108630986287,-118.55974309543153,262.76636,533.8807,106080.516,30.0,Palisades
2025-01-10 05:56:17.186153088,34.09499226178677,-118.53919286962353,345.23474,518.38855,171512.06,30.0,Palisades
2025-01-10 05:56:17.186153088,34.11853599500932,-118.52199548498274,241.81613,543.7693,86018.1,30.0,Palisades
2025-01-10 05:56:17.186153088,34.092446994292104,-118.50148076618906,253.76451,520.8057,121935.32,30.0,Palisades
2025-01-10 05:56:17.186153088,34.23982112289933,-118.11896947613783,85.548355,,,33.0,Eaton
2025-01-10 06:01:17.185839104,34.092446994292104,-118.50148076618906,257.36545,537.89105,98640.96,30.0,Palisades
2025-01-10 06:01:17.185839104,34.23982112289933,-118.11896947613783,147.55582,,,33.0,Eaton
2025-01-10 06:01:17.185839104,34.09499226178677,-118.53919286962353,334.68512,525.0359,151876.5,30.0,Palisades
2025-01-10 06:06:17.185533952,34.23982112289933,-118.11896947613783,116.55301,,,33.0,Eaton
2025-01-10 06:06:17.185533952,34.12108630986287,-118.55974309543153,234.43265,509.26904,132301.92,30.0,Palisades
2025-01-10 06:06:17.185533952,34.09499226178677,-118.53919286962353,302.41605,527.67285,132423.88,30.0,Palisades
2025-01-10 06:06:17.185533952,34.092446994292104,-118.50148076618906,297.6621,545.96674,102970.54,30.0,Palisades
2025-01-10 06:11:17.185240064,34.12108630986287,-118.55974309543153,224.35748,525.3655,101324.08,30.0,Palisades
2025-01-10 06:11:17.185240064,34.09499226178677,-118.53919286962353,276.97824,513.93866,146388.3,30.0,Palisades
2025-01-10 06:11:17.185240064,34.092446994292104,-118.50148076618906,271.1318,534.3751,108702.66,30.0,Palisades
2025-01-10 06:11:17.185240064,34.23982112289933,-118.11896947613783,99.49012,,,33.0,Eaton
2025-01-10 06:16:17.186752000,34.23982112289933,-118.11896947613783,84.36693,,,33.0,Eaton
2025-01-10 06:16:17.186752000,34.09499226178677,-118.53919286962353,302.5314,527.23334,133277.6,30.0,Palisades
2025-01-10 06:16:17.186752000,34.092446994292104,-118.50148076618906,227.16534,525.3655,102543.68,30.0,Palisades
2025-01-10 06:21:17.186454016,34.23982112289933,-118.11896947613783,77.53807,,,33.0,Eaton
2025-01-10 06:21:17.186454016,34.09499226178677,-118.53919286962353,298.28766,523.7174,137729.14,30.0,Palisades
2025-01-10 06:26:17.186162048,34.23982112289933,-118.11896947613783,72.36098,,,33.0,Eaton
2025-01-10 06:26:17.186162048,34.09499226178677,-118.53919286962353,267.70175,515.8065,137790.12,30.0,Palisades
2025-01-10 06:26:17.186162048,34.092446994292104,-118.50148076618906,222.20596,521.1354,106324.44,30.0,Palisades
2025-01-10 06:31:17.185879936,34.09499226178677,-118.53919286962353,240.2833,507.7308,138765.8,30.0,Palisades
2025-01-10 06:31:17.185879936,34.23982112289933,-118.11896947613783,74.130646,,,33.0,Eaton
2025-01-10 06:36:17.185608960,34.23982112289933,-118.11896947613783,63.125736,,,33.0,Eaton
2025-01-10 06:36:17.185608960,34.09499226178677,-118.53919286962353,249.92818,504.21484,151876.5,30.0,Palisades
2025-01-10 06:41:17.187154048,34.23982112289933,-118.11896947613783,60.36798,,,33.0,Eaton
2025-01-10 06:46:17.186908032,34.23982112289933,-118.11896947613783,62.16425,,,33.0,Eaton
2025-01-10 06:46:17.186908032,34.092446994292104,-118.50148076618906,219.92711,526.9037,97299.4,30.0,Palisades
2025-01-10 06:46:17.186908032,34.09499226178677,-118.53919286962353,297.47763,529.04626,127911.36,30.0,Palisades
2025-01-10 06:51:17.186673024,34.092446994292104,-118.50148076618906,307.61914,560.9095,88823.18,30.0,Palisades
2025-01-10 06:51:17.186673024,34.09499226178677,-118.53919286962353,389.17834,539.7589,145656.53,30.0,Palisades
2025-01-10 06:51:17.186673024,34.23982112289933,-118.11896947613783,55.17093,,,33.0,Eaton
2025-01-10 06:51:17.186673024,34.12108630986287,-118.55974309543153,233.93767,575.96216,56869.66,30.0,Palisades
2025-01-10 06:56:17.186446976,34.092446994292104,-118.50148076618906,228.34335,520.47614,110227.16,30.0,Palisades
2025-01-10 06:56:17.186446976,34.09499226178677,-118.53919286962353,326.748,520.6409,157303.72,30.0,Palisades
2025-01-10 06:56:17.186446976,34.12108630986287,-118.55974309543153,223.32707,576.95105,53698.7,30.0,Palisades
2025-01-10 06:56:17.186446976,34.23982112289933,-118.11896947613783,52.13581,,,33.0,Eaton
2025-01-10 07:01:17.186219008,34.09499226178677,-118.53919286962353,284.666,519.2675,139680.5,30.0,Palisades
2025-01-10 07:01:17.186219008,34.23982112289933,-118.11896947613783,52.089577,,,33.0,Eaton
2025-01-10 07:06:17.185986048,34.08167962109204,-118.70764886674131,68.16271,862.2921,4000.0,30.0,Palisades
2025-01-10 07:06:17.185986048,34.23982112289933,-118.11896947613783,46.530735,,,33.0,Eaton
2025-01-10 07:06:17.185986048,34.09499226178677,-118.53919286962353,249.05838,497.2379,167792.28,30.0,Palisades
2025-01-10 07:11:17.187559936,34.23982112289933,-118.11896947613783,48.028008,,,33.0,Eaton
2025-01-10 07:11:17.187559936,34.08167962109204,-118.70764886674131,74.02404,879.6521,4000.0,30.0,Palisades
2025-01-10 07:11:17.187559936,34.09499226178677,-118.53919286962353,225.84723,492.34854,163828.58,30.0,Palisades
2025-01-10 07:16:17.187339008,34.23982112289933,-118.11896947613783,43.143665,,,33.0,Eaton
2025-01-10 07:16:17.187339008,34.09499226178677,-118.53919286962353,203.7085,491.6893,149193.38,30.0,Palisades
2025-01-10 07:16:17.187339008,34.08167962109204,-118.70764886674131,101.0437,,,33.0,Palisades
2025-01-10 07:21:17.187127040,34.08167962109204,-118.70764886674131,112.201614,,,33.0,Palisades
2025-01-10 07:26:17.186925952,34.09499226178677,-118.53919286962353,237.99371,513.33435,126874.695,30.0,Palisades
2025-01-10 07:26:17.186925952,34.08167962109204,-118.70764886674131,90.828575,679.4628,8268.6,30.0,Palisades
2025-01-10 07:31:17.186736000,34.08167962109204,-118.70764886674131,243.27423,863.88525,6866.06,30.0,Palisades
2025-01-10 07:36:17.186557952,34.08167962109204,-118.70764886674131,241.37405,897.067,5829.4,30.0,Palisades
2025-01-10 07:41:17.188195968,34.09499226178677,-118.53919286962353,183.64174,475.86755,172914.6,30.0,Palisades
2025-01-10 07:41:17.188195968,34.08167962109204,-118.70764886674131,154.4149,808.34424,5890.38,30.0,Palisades
2025-01-10 07:46:17.188041984,34.23982112289933,-118.11896947613783,46.39055,,,33.0,Eaton
2025-01-10 07:46:17.188041984,34.09499226178677,-118.53919286962353,202.03055,501.68777,127362.54,30.0,Palisades
2025-01-10 07:46:17.188041984,34.08167962109204,-118.70764886674131,90.23002,670.28845,8878.4,30.0,Palisades
2025-01-10 07:51:17.187897984,34.08167962109204,-118.70764886674131,122.11573,764.8894,6012.34,30.0,Palisades
2025-01-10 07:56:17.187755904,34.08167962109204,-118.70764886674131,97.550125,795.87366,4000.0,30.0,Palisades
2025-01-10 08:01:17.187606016,34.08167962109204,-118.70764886674131,69.00119,628.42664,9793.1,30.0,Palisades
2025-01-10 08:06:17.189260032,34.08167962109204,-118.70764886674131,53.563843,642.7102,6683.12,30.0,Palisades
2025-01-10 08:11:17.189118080,34.08167962109204,-118.70764886674131,39.948833,601.83734,7353.9,30.0,Palisades
2025-01-10 08:11:17.189118080,34.09499226178677,-118.53919286962353,192.56543,494.32626,135472.88,30.0,Palisades
2025-01-10 08:16:17.188984064,34.09499226178677,-118.53919286962353,173.65572,476.1422,162730.94,30.0,Palisades
2025-01-10 08:16:17.188984064,34.08167962109204,-118.70764886674131,58.495285,661.2239,6195.2803,30.0,Palisades
2025-01-10 08:21:17.188860032,34.09499226178677,-118.53919286962353,181.63988,493.28247,129862.72,30.0,Palisades
2025-01-10 08:26:17.188744960,34.08167962109204,-118.70764886674131,40.338047,662.0479,4243.92,30.0,Palisades
2025-01-10 08:31:17.188640000,34.23982112289933,-118.11896947613783,47.59207,,,33.0,Eaton
2025-01-10 08:31:17.188640000,34.09499226178677,-118.53919286962353,179.76459,495.20526,124801.38,30.0,Palisades
2025-01-10 08:36:17.190348928,34.08167962109204,-118.70764886674131,55.39811,745.4418,4000.0,30.0,Palisades
2025-01-10 08:41:17.190262016,34.09499226178677,-118.53919286962353,160.83702,493.22754,115105.56,30.0,Palisades
2025-01-10 08:46:17.190171008,34.09499226178677,-118.53919286962353,137.14879,473.94476,133277.6,30.0,Palisades
2025-01-10 08:51:17.190073984,34.23982112289933,-118.11896947613783,44.281574,,,33.0,Eaton
2025-01-10 08:56:17.189980032,34.12108630986287,-118.55974309543153,119.723206,464.82526,135716.8,30.0,Palisades
2025-01-10 08:56:17.189980032,34.23982112289933,-118.11896947613783,44.887,,,33.0,Eaton
2025-01-10 09:01:17.191697024,34.12108630986287,-118.55974309543153,101.63487,463.45184,118032.6,30.0,Palisades
2025-01-10 09:11:17.191553024,34.23982112289933,-118.11896947613783,45.760414,,,33.0,Eaton
2025-01-10 09:11:17.191553024,34.12108630986287,-118.55974309543153,106.69363,473.01083,105287.78,30.0,Palisades
2025-01-10 09:21:17.191437952,34.23982112289933,-118.11896947613783,44.52727,,,33.0,Eaton
2025-01-10 09:21:17.191437952,34.12108630986287,-118.55974309543153,122.86285,488.55792,94433.336,30.0,Palisades
2025-01-10 09:26:17.191372928,34.23982112289933,-118.11896947613783,46.4804,,,33.0,Eaton
2025-01-10 09:26:17.191372928,34.12108630986287,-118.55974309543153,118.34924,500.8637,75468.56,30.0,Palisades
2025-01-10 09:31:17.193113984,34.12108630986287,-118.55974309543153,146.76744,543.6594,52296.16,30.0,Palisades
2025-01-10 09:36:17.193058048,34.12108630986287,-118.55974309543153,140.56987,543.3298,50283.82,30.0,Palisades
2025-01-10 09:41:17.193012992,34.12108630986287,-118.55974309543153,184.92093,562.6675,52296.16,30.0,Palisades
2025-01-10 09:46:17.192976896,34.12108630986287,-118.55974309543153,211.92822,601.8923,39002.52,30.0,Palisades
2025-01-10 09:51:17.192947968,34.12108630986287,-118.55974309543153,179.90869,568.6556,47478.74,30.0,Palisades
2025-01-10 09:56:17.192913024,34.12108630986287,-118.55974309543153,164.68098,555.69055,50588.72,30.0,Palisades
2025-01-10 10:01:17.194679040,34.12108630986287,-118.55974309543153,159.23093,533.3313,64736.08,30.0,Palisades
2025-01-10 10:06:17.194648064,34.12108630986287,-118.55974309543153,135.14658,501.35815,85652.22,30.0,Palisades
2025-01-10 10:11:17.194627072,34.12108630986287,-118.55974309543153,178.9608,538.27563,68211.94,30.0,Palisades
2025-01-10 10:16:17.194614016,34.12108630986287,-118.55974309543153,138.14337,500.80878,88152.4,30.0,Palisades
2025-01-10 10:21:17.194594048,34.12108630986287,-118.55974309543153,161.34422,528.33203,70041.336,30.0,Palisades
2025-01-10 10:26:17.196372992,34.08167962109204,-118.70764886674131,41.75808,471.4726,42295.44,30.0,Palisades
2025-01-10 10:26:17.196372992,34.23982112289933,-118.11896947613783,60.34373,,,33.0,Eaton
2025-01-10 10:31:17.196354944,34.23982112289933,-118.11896947613783,99.92634,,,33.0,Eaton
2025-01-10 10:31:17.196354944,34.11853599500932,-118.52199548498274,200.77602,533.82574,81078.72,30.0,Palisades
2025-01-10 10:31:17.196354944,34.08167962109204,-118.70764886674131,48.260803,486.19562,38514.68,30.0,Palisades
2025-01-10 10:36:17.196345984,34.23982112289933,-118.11896947613783,113.15902,,,33.0,Eaton
2025-01-10 10:36:17.196345984,34.11853599500932,-118.52199548498274,369.16837,585.5211,80773.82,30.0,Palisades
2025-01-10 10:36:17.196345984,34.12108630986287,-118.55974309543153,342.39816,593.8715,68577.82,30.0,Palisades
2025-01-10 10:41:17.196347904,34.08167962109204,-118.70764886674131,44.629593,469.60477,46625.02,30.0,Palisades
2025-01-10 10:41:17.196347904,34.11853599500932,-118.52199548498274,652.84454,645.0176,79676.18,30.0,Palisades
2025-01-10 10:41:17.196347904,34.12108630986287,-118.55974309543153,531.2814,652.1593,60894.34,30.0,Palisades
2025-01-10 10:41:17.196347904,34.23982112289933,-118.11896947613783,92.01686,,,33.0,Eaton
2025-01-10 10:46:17.196345984,34.092446994292104,-118.50148076618906,461.50958,593.48694,92725.9,30.0,Palisades
2025-01-10 10:46:17.196345984,34.12108630986287,-118.55974309543153,968.0611,726.87317,61748.06,30.0,Palisades
2025-01-10 10:46:17.196345984,34.09499226178677,-118.53919286962353,296.97736,543.71436,105714.64,30.0,Palisades
2025-01-10 10:46:17.196345984,34.23982112289933,-118.11896947613783,69.56924,,,33.0,Eaton
2025-01-10 10:46:17.196345984,34.11853599500932,-118.52199548498274,1672.3246,766.043,82054.4,30.0,Palisades
2025-01-10 10:51:17.196338048,34.23982112289933,-118.11896947613783,58.737595,,,33.0,Eaton
2025-01-10 10:51:17.196338048,34.09499226178677,-118.53919286962353,446.62195,583.1589,100287.42,30.0,Palisades
2025-01-10 10:51:17.196338048,34.12108630986287,-118.55974309543153,1199.9482,712.31494,84981.44,30.0,Palisades
2025-01-10 10:51:17.196338048,34.11853599500932,-118.52199548498274,2009.1937,784.9413,87725.54,30.0,Palisades
2025-01-10 10:51:17.196338048,34.08167962109204,-118.70764886674131,44.00918,466.4734,48515.4,30.0,Palisades
2025-01-10 10:51:17.196338048,34.092446994292104,-118.50148076618906,707.4435,653.1482,80346.96,30.0,Palisades
2025-01-10 10:56:17.198137984,34.12108630986287,-118.55974309543153,1428.5283,702.09674,109129.516,30.0,Palisades
2025-01-10 10:56:17.198137984,34.092446994292104,-118.50148076618906,842.2682,680.06714,76383.26,30.0,Palisades
2025-01-10 10:56:17.198137984,34.09499226178677,-118.53919286962353,703.4796,649.3026,82603.22,30.0,Palisades
2025-01-10 10:56:17.198137984,34.08167962109204,-118.70764886674131,51.548702,480.26248,45222.48,30.0,Palisades
2025-01-10 10:56:17.198137984,34.11853599500932,-118.52199548498274,1708.4254,702.37146,130228.6,30.0,Palisades
2025-01-10 10:56:17.198137984,34.23982112289933,-118.11896947613783,54.09175,,,33.0,Eaton
2025-01-10 11:01:17.198145024,34.08167962109204,-118.70764886674131,45.102364,463.61667,52235.18,30.0,Palisades
2025-01-10 11:01:17.198145024,34.23982112289933,-118.11896947613783,46.559692,,,33.0,Eaton
2025-01-10 11:01:17.198145024,34.12108630986287,-118.55974309543153,1189.6046,701.053,91628.26,30.0,Palisades
2025-01-10 11:01:17.198145024,34.092446994292104,-118.50148076618906,853.9474,666.4429,86566.92,30.0,Palisades
2025-01-10 11:01:17.198145024,34.09499226178677,-118.53919286962353,717.3005,661.49854,75834.44,30.0,Palisades
2025-01-10 11:01:17.198145024,34.11853599500932,-118.52199548498274,1407.614,657.65295,153705.9,30.0,Palisades
2025-01-10 11:06:17.198158976,34.09499226178677,-118.53919286962353,751.49927,699.24005,58699.06,30.0,Palisades
2025-01-10 11:06:17.198158976,34.12108630986287,-118.55974309543153,1057.7877,666.9922,106751.3,30.0,Palisades
2025-01-10 11:06:17.198158976,34.11853599500932,-118.52199548498274,1349.042,623.70215,200294.62,30.0,Palisades
2025-01-10 11:06:17.198158976,34.092446994292104,-118.50148076618906,964.1183,700.6684,74431.9,30.0,Palisades
2025-01-10 11:11:17.198166912,34.09499226178677,-118.53919286962353,412.53864,560.08545,120288.86,30.0,Palisades
2025-01-10 11:11:17.198166912,34.11853599500932,-118.52199548498274,1718.125,714.6223,119618.08,30.0,Palisades
2025-01-10 11:11:17.198166912,34.12108630986287,-118.55974309543153,1010.978,684.7917,88274.36,30.0,Palisades
2025-01-10 11:11:17.198166912,34.092446994292104,-118.50148076618906,662.5455,590.3556,137607.17,30.0,Palisades
2025-01-10 11:16:17.198169984,34.092446994292104,-118.50148076618906,403.02563,538.3855,153461.98,30.0,Palisades
2025-01-10 11:16:17.198169984,34.09499226178677,-118.53919286962353,327.61258,528.0574,142668.52,30.0,Palisades
2025-01-10 11:16:17.198169984,34.12108630986287,-118.55974309543153,1054.0662,667.0471,106385.42,30.0,Palisades
2025-01-10 11:16:17.198169984,34.11853599500932,-118.52199548498274,1274.0468,678.6388,116873.98,30.0,Palisades
2025-01-10 11:16:17.198169984,34.23982112289933,-118.11896947613783,47.27865,,,33.0,Eaton
2025-01-10 11:21:17.198178944,34.092446994292104,-118.50148076618906,313.35345,511.96094,170170.5,30.0,Palisades
2025-01-10 11:21:17.198178944,34.09499226178677,-118.53919286962353,266.06613,517.125,134436.22,30.0,Palisades
2025-01-10 11:21:17.198178944,34.12108630986287,-118.55974309543153,1042.7611,678.74866,95591.96,30.0,Palisades
2025-01-10 11:21:17.198178944,34.11853599500932,-118.52199548498274,1248.8301,664.24536,128948.016,30.0,Palisades
2025-01-10 11:21:17.198178944,34.23982112289933,-118.11896947613783,49.058044,,,33.0,Eaton
2025-01-10 11:26:17.200001920,34.092446994292104,-118.50148076618906,369.97845,519.15765,181756.7,30.0,Palisades
2025-01-10 11:26:17.200001920,34.09499226178677,-118.53919286962353,300.59558,533.7708,121508.46,30.0,Palisades
2025-01-10 11:26:17.200001920,34.12108630986287,-118.55974309543153,1002.4471,709.89777,72236.62,30.0,Palisades
2025-01-10 11:26:17.200001920,34.07911807667682,-118.66977967232299,54.85994,,,33.0,Palisades
2025-01-10 11:26:17.200001920,34.11853599500932,-118.52199548498274,1254.8822,648.8631,147912.8,30.0,Palisades
2025-01-10 11:26:17.200001920,34.23982112289933,-118.11896947613783,52.02957,,,33.0,Eaton
2025-01-10 11:31:17.200024064,34.12108630986287,-118.55974309543153,1207.5613,692.3729,99372.72,30.0,Palisades
2025-01-10 11:31:17.200024064,34.11853599500932,-118.52199548498274,1544.213,714.7871,107422.08,30.0,Palisades
2025-01-10 11:31:17.200024064,34.09499226178677,-118.53919286962353,275.1972,511.027,151571.6,30.0,Palisades
2025-01-10 11:31:17.200024064,34.092446994292104,-118.50148076618906,348.3872,526.07965,155840.2,30.0,Palisades
2025-01-10 11:31:17.200024064,34.23982112289933,-118.11896947613783,52.909775,,,33.0,Eaton
2025-01-10 11:36:17.200038016,34.12108630986287,-118.55974309543153,962.7391,650.2365,112117.54,30.0,Palisades
2025-01-10 11:36:17.200038016,34.092446994292104,-118.50148076618906,418.90222,570.853,107848.94,30.0,Palisades
2025-01-10 11:36:17.200038016,34.11853599500932,-118.52199548498274,1085.9531,631.9426,149254.36,30.0,Palisades
2025-01-10 11:36:17.200038016,34.23982112289933,-118.11896947613783,48.469604,,,33.0,Eaton
2025-01-10 11:36:17.200038016,34.09499226178677,-118.53919286962353,286.14014,551.4604,92542.96,30.0,Palisades
2025-01-10 11:41:17.200051968,34.23982112289933,-118.11896947613783,48.420033,,,33.0,Eaton
2025-01-10 11:41:17.200051968,34.12108630986287,-118.55974309543153,448.91138,568.21606,119069.26,30.0,Palisades
2025-01-10 11:41:17.200051968,34.11853599500932,-118.52199548498274,666.91345,580.6318,153827.86,30.0,Palisades
2025-01-10 11:41:17.200051968,34.09499226178677,-118.53919286962353,291.36673,549.5925,96384.7,30.0,Palisades
2025-01-10 11:41:17.200051968,34.092446994292104,-118.50148076618906,411.58524,590.19073,85652.22,30.0,Palisades
2025-01-10 11:46:17.200075008,34.11853599500932,-118.52199548498274,746.8728,582.2249,169316.78,30.0,Palisades
2025-01-10 11:46:17.200075008,34.12108630986287,-118.55974309543153,693.0103,624.5262,102116.82,30.0,Palisades
2025-01-10 11:46:17.200075008,34.23982112289933,-118.11896947613783,48.154686,,,33.0,Eaton
2025-01-10 11:46:17.200075008,34.092446994292104,-118.50148076618906,517.8095,593.65173,103885.24,30.0,Palisades
2025-01-10 11:46:17.200075008,34.07911807667682,-118.66977967232299,43.123158,,,33.0,Palisades
2025-01-10 11:46:17.200075008,34.09499226178677,-118.53919286962353,482.25925,605.4082,85713.2,30.0,Palisades
2025-01-10 11:51:17.201910016,34.092446994292104,-118.50148076618906,346.0324,522.45386,162548.0,30.0,Palisades
2025-01-10 11:51:17.201910016,34.11853599500932,-118.52199548498274,1008.5626,619.0874,156571.95,30.0,Palisades
2025-01-10 11:51:17.201910016,34.09499226178677,-118.53919286962353,307.45966,537.067,119069.26,30.0,Palisades
2025-01-10 11:51:17.201910016,34.12108630986287,-118.55974309543153,917.76587,676.77094,85469.28,30.0,Palisades
2025-01-10 11:51:17.201910016,34.23982112289933,-118.11896947613783,129.67775,,,33.0,Eaton
2025-01-10 11:56:17.201933056,34.11853599500932,-118.52199548498274,907.2722,611.3414,151937.48,30.0,Palisades
2025-01-10 11:56:17.201933056,34.12108630986287,-118.55974309543153,663.4413,640.29297,84432.62,30.0,Palisades
2025-01-10 11:56:17.201933056,34.092446994292104,-118.50148076618906,303.99875,516.79535,154315.7,30.0,Palisades
2025-01-10 11:56:17.201933056,34.23982112289933,-118.11896947613783,139.06631,,,33.0,Eaton
2025-01-10 12:01:17.201954048,34.23982112289933,-118.11896947613783,137.26154,,,33.0,Eaton
2025-01-10 12:01:17.201954048,34.11853599500932,-118.52199548498274,815.68713,608.75934,140168.34,30.0,Palisades
2025-01-10 12:01:17.201954048,34.12108630986287,-118.55974309543153,713.93146,671.497,69431.54,30.0,Palisades
2025-01-10 12:06:17.201980928,34.07911807667682,-118.66977967232299,59.327724,,,33.0,Palisades
2025-01-10 12:06:17.201980928,34.12108630986287,-118.55974309543153,483.3661,617.10974,76505.22,30.0,Palisades
2025-01-10 12:06:17.201980928,34.092446994292104,-118.50148076618906,311.6474,517.17993,157364.7,30.0,Palisades
2025-01-10 12:06:17.201980928,34.11853599500932,-118.52199548498274,843.2402,632.6568,115105.56,30.0,Palisades
2025-01-10 12:06:17.201980928,34.23982112289933,-118.11896947613783,97.87201,,,33.0,Eaton
2025-01-10 12:11:17.202016896,34.23982112289933,-118.11896947613783,83.9799,,,33.0,Eaton
2025-01-10 12:11:17.202016896,34.12108630986287,-118.55974309543153,725.37665,617.7689,114007.92,30.0,Palisades
2025-01-10 12:11:17.202016896,34.11853599500932,-118.52199548498274,1315.5671,662.817,137485.22,30.0,Palisades
2025-01-10 12:11:17.202016896,34.09499226178677,-118.53919286962353,389.13388,561.7335,111324.8,30.0,Palisades
2025-01-10 12:11:17.202016896,34.092446994292104,-118.50148076618906,694.39056,630.29456,96872.54,30.0,Palisades
2025-01-10 12:16:17.202049920,34.11853599500932,-118.52199548498274,1130.1523,643.36945,139924.42,30.0,Palisades
2025-01-10 12:16:17.202049920,34.09499226178677,-118.53919286962353,383.04602,569.7543,99799.58,30.0,Palisades
2025-01-10 12:16:17.202049920,34.12108630986287,-118.55974309543153,705.53436,602.5515,129069.98,30.0,Palisades
2025-01-10 12:16:17.202049920,34.092446994292104,-118.50148076618906,590.38336,617.3844,93152.76,30.0,Palisades
2025-01-10 12:16:17.202049920,34.23982112289933,-118.11896947613783,77.23739,,,33.0,Eaton
2025-01-10 12:21:17.203879040,34.23982112289933,-118.11896947613783,88.02445,,,33.0,Eaton
2025-01-10 12:21:17.203879040,34.11853599500932,-118.52199548498274,965.0446,639.1943,124069.62,30.0,Palisades
2025-01-10 12:21:17.203879040,34.07911807667682,-118.66977967232299,61.62281,879.0477,4000.0,30.0,Palisades
2025-01-10 12:21:17.203879040,34.12108630986287,-118.55974309543153,685.2955,622.32874,103092.5,30.0,Palisades
2025-01-10 12:21:17.203879040,34.092446994292104,-118.50148076618906,359.0818,537.28674,138643.84,30.0,Palisades
2025-01-10 12:21:17.203879040,34.09499226178677,-118.53919286962353,264.41843,515.7516,136204.64,30.0,Palisades
2025-01-10 12:26:17.203908992,34.23982112289933,-118.11896947613783,88.523735,,,33.0,Eaton
2025-01-10 12:26:17.203908992,34.11853599500932,-118.52199548498274,953.9626,647.59955,113703.016,30.0,Palisades
2025-01-10 12:26:17.203908992,34.12108630986287,-118.55974309543153,629.33374,613.97833,102665.64,30.0,Palisades
2025-01-10 12:26:17.203908992,34.07911807667682,-118.66977967232299,58.90157,756.64886,4000.0,30.0,Palisades
2025-01-10 12:31:17.203948928,34.12108630986287,-118.55974309543153,543.32086,630.1297,75956.4,30.0,Palisades
2025-01-10 12:31:17.203948928,34.11853599500932,-118.52199548498274,873.1381,614.253,142058.72,30.0,Palisades
2025-01-10 12:31:17.203948928,34.09499226178677,-118.53919286962353,266.91867,528.8265,115105.56,30.0,Palisades
2025-01-10 12:31:17.203948928,34.092446994292104,-118.50148076618906,408.4031,545.5272,142058.72,30.0,Palisades
2025-01-10 12:31:17.203948928,34.07911807667682,-118.66977967232299,74.48491,771.92126,4000.0,30.0,Palisades
2025-01-10 12:31:17.203948928,34.23982112289933,-118.11896947613783,77.14435,,,33.0,Eaton
2025-01-10 12:36:17.203992064,34.23982112289933,-118.11896947613783,66.4651,,,33.0,Eaton
2025-01-10 12:36:17.203992064,34.092446994292104,-118.50148076618906,406.73047,563.76624,113642.04,30.0,Palisades
2025-01-10 12:36:17.203992064,34.07911807667682,-118.66977967232299,54.74309,708.4144,4000.0,30.0,Palisades
2025-01-10 12:36:17.203992064,34.11853599500932,-118.52199548498274,754.71826,598.651,143705.17,30.0,Palisades
2025-01-10 12:36:17.203992064,34.09499226178677,-118.53919286962353,264.07074,534.8695,105226.8,30.0,Palisades
2025-01-10 12:36:17.203992064,34.12108630986287,-118.55974309543153,471.95273,583.928,105043.86,30.0,Palisades
2025-01-10 12:41:17.204023936,34.092446994292104,-118.50148076618906,288.39566,508.06042,165657.98,30.0,Palisades
2025-01-10 12:41:17.204023936,34.23982112289933,-118.11896947613783,68.56971,,,33.0,Eaton
2025-01-10 12:41:17.204023936,34.11853599500932,-118.52199548498274,693.0318,593.65173,139009.72,30.0,Palisades
2025-01-10 12:41:17.204023936,34.12108630986287,-118.55974309543153,433.66907,612.22034,71992.7,30.0,Palisades
2025-01-10 12:41:17.204023936,34.07911807667682,-118.66977967232299,44.24229,603.87,7963.7,30.0,Palisades
2025-01-10 12:46:17.205858048,34.23982112289933,-118.11896947613783,78.47257,,,33.0,Eaton
2025-01-10 12:46:17.205858048,34.12108630986287,-118.55974309543153,534.46954,615.8462,85591.24,30.0,Palisades
2025-01-10 12:46:17.205858048,34.11853599500932,-118.52199548498274,592.1532,594.86035,117300.836,30.0,Palisades
2025-01-10 12:51:17.205896960,34.11853599500932,-118.52199548498274,537.7779,560.1953,156632.94,30.0,Palisades
2025-01-10 12:51:17.205896960,34.12108630986287,-118.55974309543153,503.8783,637.05176,66077.64,30.0,Palisades
2025-01-10 12:51:17.205896960,34.23982112289933,-118.11896947613783,69.52286,,,33.0,Eaton
2025-01-10 12:56:17.205940992,34.12108630986287,-118.55974309543153,375.90466,584.25757,83395.96,30.0,Palisades
2025-01-10 12:56:17.205940992,34.07911807667682,-118.66977967232299,95.966125,674.51855,9122.32,30.0,Palisades
2025-01-10 12:56:17.205940992,34.23982112289933,-118.11896947613783,63.771404,,,33.0,Eaton
2025-01-10 12:56:17.205940992,34.11853599500932,-118.52199548498274,562.1835,571.89685,142973.42,30.0,Palisades
2025-01-10 13:01:17.205976064,34.11853599500932,-118.52199548498274,552.5471,577.6102,131814.08,30.0,Palisades
2025-01-10 13:01:17.205976064,34.12108630986287,-118.55974309543153,354.77847,582.994,79798.14,30.0,Palisades
2025-01-10 13:01:17.205976064,34.07911807667682,-118.66977967232299,77.54538,603.54034,14061.7,30.0,Palisades
2025-01-10 13:01:17.205976064,34.23982112289933,-118.11896947613783,54.9786,,,33.0,Eaton
2025-01-10 13:06:17.206009088,34.07911807667682,-118.66977967232299,56.055946,584.36743,12415.24,30.0,Palisades
2025-01-10 13:06:17.206009088,34.12108630986287,-118.55974309543153,391.20218,578.3794,92542.96,30.0,Palisades
2025-01-10 13:06:17.206009088,34.23982112289933,-118.11896947613783,52.70069,,,33.0,Eaton
2025-01-10 13:06:17.206009088,34.11853599500932,-118.52199548498274,469.35864,569.36975,122850.016,30.0,Palisades
2025-01-10 13:11:17.206047104,34.07911807667682,-118.66977967232299,50.530518,552.72394,16074.04,30.0,Palisades
2025-01-10 13:11:17.206047104,34.11853599500932,-118.52199548498274,402.66992,541.79156,146815.16,30.0,Palisades
2025-01-10 13:11:17.206047104,34.23982112289933,-118.11896947613783,50.9353,,,33.0,Eaton
2025-01-10 13:11:17.206047104,34.12108630986287,-118.55974309543153,395.37296,583.928,88030.44,30.0,Palisades
2025-01-10 13:16:17.207895040,34.11853599500932,-118.52199548498274,459.51028,552.8338,146144.38,30.0,Palisades
2025-01-10 13:16:17.207895040,34.23982112289933,-118.11896947613783,52.043262,,,33.0,Eaton
2025-01-10 13:16:17.207895040,34.12108630986287,-118.55974309543153,378.93304,611.7809,63211.58,30.0,Palisades
2025-01-10 13:21:17.207931008,34.23982112289933,-118.11896947613783,57.187195,,,33.0,Eaton
2025-01-10 13:21:17.207931008,34.11853599500932,-118.52199548498274,414.52737,541.68164,151388.66,30.0,Palisades
2025-01-10 13:21:17.207931008,34.12108630986287,-118.55974309543153,363.63943,595.19,71748.78,30.0,Palisades
2025-01-10 13:26:17.207960960,34.12108630986287,-118.55974309543153,224.61313,503.6655,137424.23,30.0,Palisades
2025-01-10 13:26:17.207960960,34.11853599500932,-118.52199548498274,294.29306,506.74194,172304.8,30.0,Palisades
2025-01-10 13:26:17.207960960,34.23982112289933,-118.11896947613783,47.64204,,,33.0,Eaton
2025-01-10 13:31:17.207995008,34.12108630986287,-118.55974309543153,281.80286,540.4731,104495.04,30.0,Palisades
2025-01-10 13:31:17.207995008,34.11853599500932,-118.52199548498274,333.3918,534.7047,133155.64,30.0,Palisades
2025-01-10 13:31:17.207995008,34.23982112289933,-118.11896947613783,47.772163,,,33.0,Eaton
2025-01-10 13:36:17.208038016,34.12108630986287,-118.55974309543153,286.9901,538.4404,109190.5,30.0,Palisades
2025-01-10 13:36:17.208038016,34.11853599500932,-118.52199548498274,313.13092,525.64014,140900.1,30.0,Palisades
2025-01-10 13:36:17.208038016,34.23982112289933,-118.11896947613783,46.515427,,,33.0,Eaton
2025-01-10 13:41:17.208076928,34.12108630986287,-118.55974309543153,252.82658,540.8576,93274.72,30.0,Palisades
2025-01-10 13:41:17.208076928,34.11853599500932,-118.52199548498274,355.90414,541.0774,130960.36,30.0,Palisades
2025-01-10 13:46:17.209908992,34.12108630986287,-118.55974309543153,255.4236,537.7262,98092.14,30.0,Palisades
2025-01-10 13:46:17.209908992,34.08167962109204,-118.70764886674131,48.7319,488.28323,37660.96,30.0,Palisades
2025-01-10 13:46:17.209908992,34.11853599500932,-118.52199548498274,283.03656,520.8057,135899.73,30.0,Palisades
2025-01-10 13:51:17.209938944,34.08167962109204,-118.70764886674131,43.462032,486.08575,34733.92,30.0,Palisades
2025-01-10 13:51:17.209938944,34.11853599500932,-118.52199548498274,248.72337,507.07156,144863.8,30.0,Palisades
2025-01-10 13:56:17.209977088,34.11853599500932,-118.52199548498274,242.89865,516.79535,123276.88,30.0,Palisades
2025-01-10 14:01:17.210015104,34.11853599500932,-118.52199548498274,294.47903,535.36395,116569.08,30.0,Palisades
2025-01-10 14:01:17.210015104,34.23982112289933,-118.11896947613783,44.882465,,,33.0,Eaton
2025-01-10 14:06:17.210041088,34.11853599500932,-118.52199548498274,242.26254,508.3351,138582.86,30.0,Palisades
2025-01-10 14:11:17.211868032,34.11853599500932,-118.52199548498274,248.44987,497.2379,167182.48,30.0,Palisades
2025-01-10 14:16:17.211896960,34.11853599500932,-118.52199548498274,211.52011,483.99817,174561.06,30.0,Palisades
2025-01-10 14:21:17.211928960,34.12108630986287,-118.55974309543153,231.88623,530.2548,98153.12,30.0,Palisades
2025-01-10 14:21:17.211928960,34.11853599500932,-118.52199548498274,272.81772,526.07965,122057.28,30.0,Palisades
2025-01-10 14:26:17.211948928,34.12108630986287,-118.55974309543153,212.7435,528.0574,92725.9,30.0,Palisades
2025-01-10 14:26:17.211948928,34.11853599500932,-118.52199548498274,312.20395,537.5614,120105.92,30.0,Palisades
2025-01-10 14:31:17.211966976,34.11853599500932,-118.52199548498274,275.35492,521.62976,130777.42,30.0,Palisades
2025-01-10 14:36:17.211990016,34.12108630986287,-118.55974309543153,207.69629,540.2533,77236.98,30.0,Palisades
2025-01-10 14:36:17.211990016,34.11853599500932,-118.52199548498274,282.5838,528.7166,121996.3,30.0,Palisades
2025-01-10 14:41:17.213821056,34.11853599500932,-118.52199548498274,277.09723,522.5637,129984.68,30.0,Palisades
2025-01-10 14:46:17.213837056,34.11853599500932,-118.52199548498274,289.45895,536.90216,112300.48,30.0,Palisades
2025-01-10 14:46:17.213837056,34.12108630986287,-118.55974309543153,208.96167,540.36316,77541.88,30.0,Palisades
2025-01-10 14:51:17.213844992,34.11853599500932,-118.52199548498274,233.62665,523.22296,108580.695,30.0,Palisades
2025-01-10 14:56:17.213858048,34.11853599500932,-118.52199548498274,254.89862,526.2994,113642.04,30.0,Palisades
2025-01-10 15:01:17.213876992,34.11853599500932,-118.52199548498274,273.2148,533.4961,110836.96,30.0,Palisades
2025-01-10 15:01:17.213876992,34.12108630986287,-118.55974309543153,224.0742,549.9222,73822.1,30.0,Palisades
2025-01-10 15:06:17.215693952,34.11853599500932,-118.52199548498274,211.82248,494.8756,147790.84,30.0,Palisades
2025-01-10 15:11:17.215697024,34.11853599500932,-118.52199548498274,269.81363,526.24445,120410.82,30.0,Palisades
2025-01-10 15:11:17.215697024,34.12108630986287,-118.55974309543153,207.55864,528.2771,90164.74,30.0,Palisades
2025-01-10 15:16:17.215703040,34.12108630986287,-118.55974309543153,207.79865,527.1235,91689.24,30.0,Palisades
2025-01-10 15:16:17.215703040,34.11853599500932,-118.52199548498274,249.7601,512.73004,134192.3,30.0,Palisades
2025-01-10 15:21:17.215713920,34.12108630986287,-118.55974309543153,238.61229,545.6371,82908.12,30.0,Palisades
2025-01-10 15:21:17.215713920,34.11853599500932,-118.52199548498274,256.0338,516.5207,130472.516,30.0,Palisades
2025-01-10 15:26:17.215720064,34.12108630986287,-118.55974309543153,288.66638,574.97327,70895.06,30.0,Palisades
2025-01-10 15:26:17.215720064,34.11853599500932,-118.52199548498274,253.24289,505.86298,150169.06,30.0,Palisades
2025-01-10 15:31:17.215715968,34.12108630986287,-118.55974309543153,310.3139,577.44543,74127.0,30.0,Palisades
2025-01-10 15:31:17.215715968,34.11853599500932,-118.52199548498274,278.23822,516.35583,142058.72,30.0,Palisades
2025-01-10 15:36:17.217515904,34.12108630986287,-118.55974309543153,214.93906,549.64746,71078.0,30.0,Palisades
2025-01-10 15:36:17.217515904,34.11853599500932,-118.52199548498274,238.93076,505.1488,143095.38,30.0,Palisades
2025-01-10 15:41:17.217520000,34.12108630986287,-118.55974309543153,284.11526,569.97406,73883.08,30.0,Palisades
2025-01-10 15:41:17.217520000,34.11853599500932,-118.52199548498274,300.10333,551.95483,96506.66,30.0,Palisades
2025-01-10 15:46:17.217520000,34.12108630986287,-118.55974309543153,306.4171,601.61755,56625.74,30.0,Palisades
2025-01-10 15:46:17.217520000,34.11853599500932,-118.52199548498274,306.24457,542.67053,110471.08,30.0,Palisades
2025-01-10 15:51:17.217510016,34.12108630986287,-118.55974309543153,251.9954,549.3179,83639.88,30.0,Palisades
2025-01-10 15:51:17.217510016,34.11853599500932,-118.52199548498274,280.3318,539.64905,105104.836,30.0,Palisades
2025-01-10 16:01:17.217493120,34.11853599500932,-118.52199548498274,234.0149,501.90753,146998.1,30.0,Palisades
2025-01-10 16:06:17.219289984,34.11853599500932,-118.52199548498274,212.45717,495.15033,147729.86,30.0,Palisades
2025-01-10 16:06:17.219289984,34.12108630986287,-118.55974309543153,190.91179,526.07965,85469.28,30.0,Palisades
2025-01-10 16:11:17.219272064,34.12108630986287,-118.55974309543153,204.89761,546.7908,70224.28,30.0,Palisades
2025-01-10 16:11:17.219272064,34.11853599500932,-118.52199548498274,214.69608,501.5779,135594.84,30.0,Palisades
2025-01-10 16:21:17.219234944,34.12108630986287,-118.55974309543153,195.7379,521.5748,93091.78,30.0,Palisades
2025-01-10 16:31:17.220999040,34.12108630986287,-118.55974309543153,277.2458,556.62445,84249.68,30.0,Palisades
2025-01-10 16:36:17.220967040,34.12108630986287,-118.55974309543153,291.1337,587.5538,62357.86,30.0,Palisades
2025-01-10 16:36:17.220967040,34.09499226178677,-118.53919286962353,263.89493,494.82068,184561.78,30.0,Palisades
2025-01-10 16:41:17.220937984,34.12108630986287,-118.55974309543153,464.38104,667.2669,46807.96,30.0,Palisades
2025-01-10 16:41:17.220937984,34.09499226178677,-118.53919286962353,277.6807,491.74423,203526.56,30.0,Palisades
2025-01-10 16:41:17.220937984,34.11853599500932,-118.52199548498274,307.7583,554.31714,96201.76,30.0,Palisades
2025-01-10 16:46:17.220913024,34.12108630986287,-118.55974309543153,659.2383,704.84357,49369.12,30.0,Palisades
2025-01-10 16:46:17.220913024,34.11853599500932,-118.52199548498274,311.3873,577.2257,74675.82,30.0,Palisades
2025-01-10 16:46:17.220913024,34.09748567393056,-118.576825912057,227.98163,851.1948,6866.06,30.0,Palisades
2025-01-10 16:46:17.220913024,34.09499226178677,-118.53919286962353,436.04587,535.4189,172609.7,30.0,Palisades
2025-01-10 16:51:17.220878976,34.1235847076586,-118.59741155618087,374.96057,1026.9373,5280.58,30.0,Palisades
2025-01-10 16:51:17.220878976,34.11853599500932,-118.52199548498274,309.72546,572.1715,78578.54,30.0,Palisades
2025-01-10 16:51:17.220878976,34.09499226178677,-118.53919286962353,631.6006,586.4551,136875.42,30.0,Palisades
2025-01-10 16:51:17.220878976,34.12108630986287,-118.55974309543153,783.7435,691.439,64980.0,30.0,Palisades
2025-01-10 16:56:17.220834944,34.11853599500932,-118.52199548498274,305.5834,580.467,70651.14,30.0,Palisades
2025-01-10 16:56:17.220834944,34.1235847076586,-118.59741155618087,240.89575,929.5895,4975.68,30.0,Palisades
2025-01-10 16:56:17.220834944,34.12108630986287,-118.55974309543153,574.6476,647.1601,68821.734,30.0,Palisades
2025-01-10 16:56:17.220834944,34.09499226178677,-118.53919286962353,546.7235,569.80927,142485.58,30.0,Palisades
2025-01-10 17:01:17.222594048,34.11853599500932,-118.52199548498274,286.2057,569.69934,74675.82,30.0,Palisades
2025-01-10 17:01:17.222594048,34.12108630986287,-118.55974309543153,948.9533,771.5917,44978.56,30.0,Palisades
2025-01-10 17:01:17.222594048,34.1235847076586,-118.59741155618087,502.73544,1056.7678,6378.2197,30.0,Palisades
2025-01-10 17:01:17.222594048,34.09748567393056,-118.576825912057,253.67441,603.4305,46015.22,30.0,Palisades
2025-01-10 17:01:17.222594048,34.09499226178677,-118.53919286962353,459.5172,534.1004,185049.62,30.0,Palisades
2025-01-10 17:06:17.222553984,34.12108630986287,-118.55974309543153,988.28326,744.78253,55711.04,30.0,Palisades
2025-01-10 17:06:17.222553984,34.11853599500932,-118.52199548498274,286.03436,572.22644,72541.516,30.0,Palisades
2025-01-10 17:06:17.222553984,34.1235847076586,-118.59741155618087,622.171,1268.9333,4304.9,30.0,Palisades
2025-01-10 17:06:17.222553984,34.09748567393056,-118.576825912057,425.07968,632.16235,58272.2,30.0,Palisades
2025-01-10 17:06:17.222553984,34.09499226178677,-118.53919286962353,640.4241,592.8277,129679.78,30.0,Palisades
2025-01-10 17:11:17.222513024,34.12108630986287,-118.55974309543153,841.5961,752.6385,45039.54,30.0,Palisades
2025-01-10 17:11:17.222513024,34.11853599500932,-118.52199548498274,372.09116,629.63525,52296.16,30.0,Palisades
2025-01-10 17:11:17.222513024,34.09499226178677,-118.53919286962353,585.83966,598.15656,112178.516,30.0,Palisades
2025-01-10 17:11:17.222513024,34.09748567393056,-118.576825912057,329.61038,634.6345,44185.82,30.0,Palisades
2025-01-10 17:11:17.222513024,34.1235847076586,-118.59741155618087,376.95642,1156.2582,4000.0,30.0,Palisades
2025-01-10 17:16:17.222457984,34.11853599500932,-118.52199548498274,382.3707,635.45856,50893.62,30.0,Palisades
2025-01-10 17:16:17.222457984,34.09748567393056,-118.576825912057,233.16231,646.7206,28026.12,30.0,Palisades
2025-01-10 17:16:17.222457984,34.12108630986287,-118.55974309543153,774.98,737.2562,46015.22,30.0,Palisades
2025-01-10 17:16:17.222457984,34.09499226178677,-118.53919286962353,424.7234,559.31635,125106.28,30.0,Palisades
2025-01-10 17:16:17.222457984,34.1235847076586,-118.59741155618087,383.66174,1244.2118,4000.0,30.0,Palisades
2025-01-10 17:21:17.222396928,34.11853599500932,-118.52199548498274,341.86566,637.38135,44673.66,30.0,Palisades
2025-01-10 17:21:17.222396928,34.1235847076586,-118.59741155618087,511.40488,1599.4323,4000.0,30.0,Palisades
2025-01-10 17:21:17.222396928,34.12108630986287,-118.55974309543153,861.5385,748.13367,47539.72,30.0,Palisades
2025-01-10 17:21:17.222396928,34.09748567393056,-118.576825912057,253.04218,847.8987,7780.76,30.0,Palisades
2025-01-10 17:21:17.222396928,34.09499226178677,-118.53919286962353,384.5721,537.3966,148522.6,30.0,Palisades
2025-01-10 17:26:17.224142976,34.12108630986287,-118.55974309543153,653.53986,721.5443,43271.12,30.0,Palisades
2025-01-10 17:26:17.224142976,34.09499226178677,-118.53919286962353,337.90634,522.3989,159133.12,30.0,Palisades
2025-01-10 17:26:17.224142976,34.11853599500932,-118.52199548498274,246.00415,583.9829,54796.34,30.0,Palisades
2025-01-10 17:26:17.224142976,34.1235847076586,-118.59741155618087,339.02774,1482.0326,4000.0,30.0,Palisades
2025-01-10 17:31:17.224087936,34.12108630986287,-118.55974309543153,562.8967,675.83704,52844.98,30.0,Palisades
2025-01-10 17:31:17.224087936,34.1235847076586,-118.59741155618087,261.158,1990.2518,4000.0,30.0,Palisades
2025-01-10 17:31:17.224087936,34.09499226178677,-118.53919286962353,261.78635,491.85413,191696.44,30.0,Palisades
2025-01-10 17:31:17.224087936,34.11853599500932,-118.52199548498274,275.33102,625.07556,40405.06,30.0,Palisades
2025-01-10 17:36:17.224022016,34.12108630986287,-118.55974309543153,488.80637,649.0829,57540.44,30.0,Palisades
2025-01-10 17:36:17.224022016,34.11853599500932,-118.52199548498274,232.02289,619.85657,35770.58,30.0,Palisades
2025-01-10 17:36:17.224022016,34.09499226178677,-118.53919286962353,216.43375,472.51642,216149.42,30.0,Palisades
2025-01-10 17:41:17.223947008,34.12108630986287,-118.55974309543153,430.61917,674.958,40709.96,30.0,Palisades
2025-01-10 17:41:17.223947008,34.11853599500932,-118.52199548498274,297.67505,643.4793,36807.24,30.0,Palisades
2025-01-10 17:41:17.223947008,34.09499226178677,-118.53919286962353,247.15652,494.16144,174683.02,30.0,Palisades
2025-01-10 17:41:17.223947008,34.07911807667682,-118.66977967232299,168.77032,476.36197,158157.44,30.0,Palisades
2025-01-10 17:46:17.223870976,34.07911807667682,-118.66977967232299,410.7589,560.25024,119679.06,30.0,Palisades
2025-01-10 17:46:17.223870976,34.12108630986287,-118.55974309543153,459.69727,679.51776,41868.58,30.0,Palisades
2025-01-10 17:46:17.223870976,34.11853599500932,-118.52199548498274,326.43433,663.03674,34063.14,30.0,Palisades
2025-01-10 17:46:17.223870976,34.08167962109204,-118.70764886674131,332.85217,656.8289,36624.297,30.0,Palisades
2025-01-10 17:51:17.223799936,34.07911807667682,-118.66977967232299,361.87967,538.5503,137729.14,30.0,Palisades
2025-01-10 17:51:17.223799936,34.09499226178677,-118.53919286962353,201.09756,476.30704,188586.45,30.0,Palisades
2025-01-10 17:51:17.223799936,34.11853599500932,-118.52199548498274,323.76376,704.1294,24367.32,30.0,Palisades
2025-01-10 17:51:17.223799936,34.08167962109204,-118.70764886674131,316.43896,637.656,41258.78,30.0,Palisades
2025-01-10 17:51:17.223799936,34.12108630986287,-118.55974309543153,366.73935,637.6011,47844.62,30.0,Palisades
2025-01-10 17:56:17.225527040,34.11853599500932,-118.52199548498274,263.48282,698.5808,20708.52,30.0,Palisades
2025-01-10 17:56:17.225527040,34.12108630986287,-118.55974309543153,315.36496,611.72595,52662.04,30.0,Palisades
2025-01-10 17:56:17.225527040,34.08167962109204,-118.70764886674131,237.2934,603.7052,42905.24,30.0,Palisades
2025-01-10 17:56:17.225527040,34.09499226178677,-118.53919286962353,204.76782,482.35007,174195.17,30.0,Palisades
2025-01-10 17:56:17.225527040,34.07911807667682,-118.66977967232299,288.42328,501.63284,182427.48,30.0,Palisades
2025-01-10 18:01:17.225437056,34.12108630986287,-118.55974309543153,312.63348,627.3829,44856.6,30.0,Palisades
2025-01-10 18:01:17.225437056,34.11853599500932,-118.52199548498274,276.4181,767.19666,13451.9,30.0,Palisades
2025-01-10 18:01:17.225437056,34.08167962109204,-118.70764886674131,192.49802,565.68896,52662.04,30.0,Palisades
2025-01-10 18:01:17.225437056,34.07911807667682,-118.66977967232299,225.73482,476.19714,212246.7,30.0,Palisades
2025-01-10 18:06:17.225342976,34.11853599500932,-118.52199548498274,277.44434,744.0134,15708.16,30.0,Palisades
2025-01-10 18:06:17.225342976,34.07911807667682,-118.66977967232299,213.88281,473.94476,208709.86,30.0,Palisades
2025-01-10 18:06:17.225342976,34.12108630986287,-118.55974309543153,361.45074,674.6284,34246.08,30.0,Palisades
2025-01-10 18:11:17.225250944,34.12108630986287,-118.55974309543153,337.31296,695.2846,27172.4,30.0,Palisades
2025-01-10 18:11:17.225250944,34.07911807667682,-118.66977967232299,179.76205,461.36426,217490.98,30.0,Palisades
2025-01-10 18:11:17.225250944,34.11853599500932,-118.52199548498274,266.66837,749.2324,14610.52,30.0,Palisades
2025-01-10 18:16:17.225161984,34.11853599500932,-118.52199548498274,246.35698,679.73755,22415.959,30.0,Palisades
2025-01-10 18:16:17.225161984,34.07911807667682,-118.66977967232299,187.25046,461.30933,226820.92,30.0,Palisades
2025-01-10 18:16:17.225161984,34.12108630986287,-118.55974309543153,344.82928,697.81165,27233.379,30.0,Palisades
2025-01-10 18:21:17.225064960,34.11853599500932,-118.52199548498274,310.26675,758.7914,15952.08,30.0,Palisades
2025-01-10 18:21:17.225064960,34.12108630986287,-118.55974309543153,285.84622,663.3664,29733.56,30.0,Palisades
2025-01-10 18:26:17.226758016,34.12108630986287,-118.55974309543153,229.80473,610.792,38697.62,30.0,Palisades
2025-01-10 18:26:17.226758016,34.11853599500932,-118.52199548498274,253.12057,711.2712,18086.379,30.0,Palisades
2025-01-10 18:31:17.226644992,34.12108630986287,-118.55974309543153,263.7998,635.5684,35099.797,30.0,Palisades
2025-01-10 18:31:17.226644992,34.11853599500932,-118.52199548498274,227.95308,818.8921,8146.64,30.0,Palisades
2025-01-10 18:36:17.226534016,34.12108630986287,-118.55974309543153,303.3845,681.77014,27172.4,30.0,Palisades
2025-01-10 18:36:17.226534016,34.11853599500932,-118.52199548498274,233.43793,757.96735,12049.359,30.0,Palisades
2025-01-10 18:41:17.226425088,34.11853599500932,-118.52199548498274,221.78752,858.886,6439.2,30.0,Palisades
2025-01-10 18:41:17.226425088,34.12108630986287,-118.55974309543153,251.65186,662.70715,26318.68,30.0,Palisades
2025-01-10 18:41:17.226425088,34.3148545436107,-118.49812387708985,55.87414,582.71936,12598.18,10.0,Other
2025-01-10 18:46:17.226304000,34.3148545436107,-118.49812387708985,40.42048,545.19763,14122.68,30.0,Other
2025-01-10 18:46:17.226304000,34.12108630986287,-118.55974309543153,226.35176,660.18005,24184.379,30.0,Palisades
2025-01-10 18:46:17.226304000,34.07400704112978,-118.59415303589158,258.27478,510.31284,144071.06,30.0,Palisades
2025-01-10 18:46:17.226304000,34.11853599500932,-118.52199548498274,201.56299,817.5187,7292.92,30.0,Palisades
2025-01-10 18:51:17.227972992,34.09499226178677,-118.53919286962353,185.03069,484.71234,151754.53,30.0,Palisades
2025-01-10 18:51:17.227972992,34.07400704112978,-118.59415303589158,251.74031,516.246,129130.96,30.0,Palisades
2025-01-10 18:51:17.227972992,34.11853599500932,-118.52199548498274,260.65738,729.2355,16378.939,30.0,Palisades
2025-01-10 18:51:17.227972992,34.12108630986287,-118.55974309543153,254.11179,759.2858,13025.04,30.0,Palisades
2025-01-10 18:56:17.227836928,34.12108630986287,-118.55974309543153,225.62733,700.8882,17415.6,30.0,Palisades
2025-01-10 18:56:17.227836928,34.11853599500932,-118.52199548498274,251.92201,752.96814,13451.9,30.0,Palisades
2025-01-10 18:56:17.227836928,34.07656001637729,-118.63195172314548,211.16425,505.1488,126874.695,30.0,Palisades
2025-01-10 18:56:17.227836928,34.07400704112978,-118.59415303589158,485.5034,593.15735,98031.16,30.0,Palisades
2025-01-10 19:01:17.227704064,34.12108630986287,-118.55974309543153,272.20267,811.5306,10158.98,30.0,Palisades
2025-01-10 19:01:17.227704064,34.07400704112978,-118.59415303589158,355.25616,558.1077,106202.48,30.0,Palisades
2025-01-10 19:01:17.227704064,34.09499226178677,-118.53919286962353,203.99196,519.9817,99372.72,30.0,Palisades
2025-01-10 19:01:17.227704064,34.11853599500932,-118.52199548498274,290.78687,1019.1912,4243.92,30.0,Palisades
2025-01-10 19:06:17.227565952,34.12108630986287,-118.55974309543153,278.31375,776.15137,12842.1,30.0,Palisades
2025-01-10 19:06:17.227565952,34.11853599500932,-118.52199548498274,288.4617,1329.9131,4000.0,30.0,Palisades
2025-01-10 19:06:17.227565952,34.07400704112978,-118.59415303589158,276.437,531.1888,115837.32,30.0,Palisades
2025-01-10 19:11:17.227413120,34.12108630986287,-118.55974309543153,242.12552,833.83484,8024.6797,30.0,Palisades
2025-01-10 19:11:17.227413120,34.11853599500932,-118.52199548498274,210.17683,817.0792,7597.8203,30.0,Palisades
2025-01-10 19:11:17.227413120,34.09499226178677,-118.53919286962353,196.77304,503.28094,121508.46,30.0,Palisades
2025-01-10 19:16:17.227254016,34.09499226178677,-118.53919286962353,183.7017,504.98398,110654.016,30.0,Palisades
2025-01-10 19:16:17.227254016,34.12108630986287,-118.55974309543153,231.63707,836.0873,7536.84,30.0,Palisades
2025-01-10 19:16:17.227254016,34.11853599500932,-118.52199548498274,232.44229,961.01324,4243.92,30.0,Palisades
2025-01-10 19:21:17.228899968,34.11853599500932,-118.52199548498274,225.062,995.01904,4000.0,30.0,Palisades
2025-01-10 19:21:17.228899968,34.12108630986287,-118.55974309543153,245.45662,989.30566,4000.0,30.0,Palisades
2025-01-10 19:26:17.228736000,34.11853599500932,-118.52199548498274,239.01904,1169.9924,4000.0,30.0,Palisades
2025-01-10 19:26:17.228736000,34.12108630986287,-118.55974309543153,269.9674,954.4758,5036.66,30.0,Palisades
2025-01-10 19:31:17.228556928,34.12108630986287,-118.55974309543153,276.3805,1070.8866,4000.0,30.0,Palisades
2025-01-10 19:31:17.228556928,34.11853599500932,-118.52199548498274,266.2059,1740.3998,4000.0,30.0,Palisades
2025-01-10 19:36:17.228372992,34.12108630986287,-118.55974309543153,200.44354,1412.8674,4000.0,30.0,Palisades
2025-01-10 19:36:17.228372992,34.11853599500932,-118.52199548498274,205.66782,1516.9724,4000.0,30.0,Palisades
2025-01-10 19:41:17.228189952,34.12108630986287,-118.55974309543153,235.89398,1006.336,4000.0,30.0,Palisades
2025-01-10 19:41:17.228189952,34.11853599500932,-118.52199548498274,251.64871,,,33.0,Palisades
2025-01-10 19:46:17.229799040,34.11853599500932,-118.52199548498274,273.35828,,,33.0,Palisades
2025-01-10 19:46:17.229799040,34.12108630986287,-118.55974309543153,227.8232,1368.3137,4000.0,30.0,Palisades
2025-01-10 19:51:17.229591936,34.12108630986287,-118.55974309543153,222.99335,893.3313,5463.52,30.0,Palisades
2025-01-10 19:51:17.229591936,34.11853599500932,-118.52199548498274,225.28665,,,33.0,Palisades
2025-01-10 19:56:17.229384960,34.12108630986287,-118.55974309543153,222.52597,2044.8589,4000.0,30.0,Palisades
2025-01-10 19:56:17.229384960,34.11853599500932,-118.52199548498274,271.3562,,,33.0,Palisades
2025-01-10 20:01:17.229174912,34.11853599500932,-118.52199548498274,230.13336,,,33.0,Palisades
2025-01-10 20:01:17.229174912,34.12108630986287,-118.55974309543153,240.34853,829.65967,8146.64,30.0,Palisades
2025-01-10 20:06:17.228948992,34.11853599500932,-118.52199548498274,271.9424,,,33.0,Palisades
2025-01-10 20:06:17.228948992,34.12108630986287,-118.55974309543153,289.94556,847.7339,8878.4,30.0,Palisades
2025-01-10 20:11:17.228716032,34.12108630986287,-118.55974309543153,424.86365,974.74744,7292.92,30.0,Palisades
2025-01-10 20:11:17.228716032,34.11853599500932,-118.52199548498274,376.356,1598.0039,4000.0,30.0,Palisades
2025-01-10 20:16:17.230290048,34.12108630986287,-118.55974309543153,381.39365,991.2834,6134.3,30.0,Palisades
2025-01-10 20:16:17.230290048,34.11853599500932,-118.52199548498274,342.4797,2913.957,4000.0,30.0,Palisades
2025-01-10 20:16:17.230290048,34.09499226178677,-118.53919286962353,192.03134,641.5016,24184.379,30.0,Palisades
2025-01-10 20:21:17.230060032,34.11853599500932,-118.52199548498274,366.0087,,,33.0,Palisades
2025-01-10 20:21:17.230060032,34.12108630986287,-118.55974309543153,356.83685,1406.0002,4000.0,30.0,Palisades
2025-01-10 20:26:17.229815040,34.11853599500932,-118.52199548498274,292.9692,1766.1101,4000.0,30.0,Palisades
2025-01-10 20:26:17.229815040,34.12108630986287,-118.55974309543153,321.39035,948.5976,6134.3,30.0,Palisades
2025-01-10 20:31:17.229563008,34.11853599500932,-118.52199548498274,541.67474,,,33.0,Palisades
2025-01-10 20:31:17.229563008,34.12108630986287,-118.55974309543153,434.54117,931.45734,8939.38,30.0,Palisades
2025-01-10 20:36:17.229316992,34.12108630986287,-118.55974309543153,448.351,1299.0386,4000.0,30.0,Palisades
2025-01-10 20:36:17.229316992,34.11853599500932,-118.52199548498274,584.1112,1866.6992,4000.0,30.0,Palisades
2025-01-10 20:41:17.229072000,34.11853599500932,-118.52199548498274,398.90402,1452.9163,4000.0,30.0,Palisades
2025-01-10 20:41:17.229072000,34.12108630986287,-118.55974309543153,376.0918,1026.2231,5341.56,30.0,Palisades
2025-01-10 20:46:17.230620032,34.12108630986287,-118.55974309543153,437.40433,1100.8271,4792.74,30.0,Palisades
2025-01-10 20:46:17.230620032,34.11853599500932,-118.52199548498274,426.00244,2257.2441,4000.0,30.0,Palisades
2025-01-10 20:51:17.230356992,34.12108630986287,-118.55974309543153,431.95975,1576.8534,4000.0,30.0,Palisades
2025-01-10 20:51:17.230356992,34.11853599500932,-118.52199548498274,499.56818,,,33.0,Palisades
2025-01-10 20:56:17.230100096,34.11853599500932,-118.52199548498274,436.8808,,,33.0,Palisades
2025-01-10 21:01:17.229844992,34.11853599500932,-118.52199548498274,450.35095,,,33.0,Palisades
2025-01-10 21:01:17.229844992,34.12108630986287,-118.55974309543153,418.37497,959.2553,7658.8,30.0,Palisades
2025-01-10 21:06:17.229576960,34.11853599500932,-118.52199548498274,356.18555,,,33.0,Palisades
2025-01-10 21:06:17.229576960,34.12108630986287,-118.55974309543153,394.43198,1072.4797,4731.76,30.0,Palisades
2025-01-10 21:11:17.231110016,34.11853599500932,-118.52199548498274,418.64145,,,33.0,Palisades
2025-01-10 21:11:17.231110016,34.12108630986287,-118.55974309543153,358.6212,1032.4858,4975.68,30.0,Palisades
2025-01-10 21:16:17.230844928,34.12108630986287,-118.55974309543153,561.81824,1000.29297,8756.439,30.0,Palisades
2025-01-10 21:16:17.230844928,34.11853599500932,-118.52199548498274,523.688,,,33.0,Palisades
2025-01-10 21:21:17.230576000,34.11853599500932,-118.52199548498274,498.84412,,,33.0,Palisades
2025-01-10 21:21:17.230576000,34.12108630986287,-118.55974309543153,468.85062,1191.1431,4000.0,30.0,Palisades
2025-01-10 21:26:17.230294016,34.12108630986287,-118.55974309543153,367.2207,960.68365,6683.12,30.0,Palisades
2025-01-10 21:26:17.230294016,34.11853599500932,-118.52199548498274,367.48972,,,33.0,Palisades
2025-01-10 21:31:17.230012032,34.12108630986287,-118.55974309543153,410.40002,964.4743,7353.9,30.0,Palisades
2025-01-10 21:31:17.230012032,34.11853599500932,-118.52199548498274,375.1386,,,33.0,Palisades
2025-01-10 21:36:17.229737088,34.12108630986287,-118.55974309543153,409.62985,1367.4897,4000.0,30.0,Palisades
2025-01-10 21:36:17.229737088,34.11853599500932,-118.52199548498274,423.37656,,,33.0,Palisades
2025-01-10 21:41:17.231259008,34.12108630986287,-118.55974309543153,406.86795,1398.474,4000.0,30.0,Palisades
2025-01-10 21:41:17.231259008,34.11853599500932,-118.52199548498274,394.0212,,,33.0,Palisades
2025-01-10 21:46:17.230963968,34.12108630986287,-118.55974309543153,489.2623,913.548,10890.74,30.0,Palisades
2025-01-10 21:46:17.230963968,34.11853599500932,-118.52199548498274,492.11346,,,33.0,Palisades
2025-01-10 21:51:17.230667008,34.11853599500932,-118.52199548498274,406.86398,,,33.0,Palisades
2025-01-10 21:51:17.230667008,34.12108630986287,-118.55974309543153,539.0379,998.6998,8451.54,30.0,Palisades
2025-01-10 21:56:17.230379008,34.12108630986287,-118.55974309543153,529.18585,1218.3916,4182.94,30.0,Palisades
2025-01-10 21:56:17.230379008,34.11853599500932,-118.52199548498274,434.45477,,,33.0,Palisades
2025-01-10 21:56:17.230379008,34.09499226178677,-118.53919286962353,243.07213,676.6611,22659.879,30.0,Palisades
2025-01-10 22:01:17.230089984,34.12108630986287,-118.55974309543153,766.6926,913.76776,17110.7,30.0,Palisades
2025-01-10 22:01:17.230089984,34.11853599500932,-118.52199548498274,468.91364,,,33.0,Palisades
2025-01-10 22:01:17.230089984,34.09499226178677,-118.53919286962353,337.38824,824.3308,11744.46,30.0,Palisades
2025-01-10 22:06:17.231592064,34.09499226178677,-118.53919286962353,811.01263,1174.8268,7170.96,30.0,Palisades
2025-01-10 22:06:17.231592064,34.11853599500932,-118.52199548498274,831.4145,,,33.0,Palisades
2025-01-10 22:06:17.231592064,34.092446994292104,-118.50148076618906,272.24982,,,33.0,Palisades
2025-01-10 22:06:17.231592064,34.12108630986287,-118.55974309543153,1433.0537,993.0963,22964.78,30.0,Palisades
2025-01-10 22:06:17.231592064,34.1235847076586,-118.59741155618087,207.1926,,,33.0,Palisades
2025-01-10 22:11:17.231286016,34.11853599500932,-118.52199548498274,696.48206,,,33.0,Palisades
2025-01-10 22:11:17.231286016,34.12108630986287,-118.55974309543153,1862.4369,1175.6509,16439.92,30.0,Palisades
2025-01-10 22:11:17.231286016,34.09499226178677,-118.53919286962353,1230.7451,,,33.0,Palisades
2025-01-10 22:11:17.231286016,34.092446994292104,-118.50148076618906,233.8982,,,33.0,Palisades
2025-01-10 22:11:17.231286016,34.14719909896778,-118.58034250281736,197.58107,,,33.0,Palisades
2025-01-10 22:11:17.231286016,34.1235847076586,-118.59741155618087,600.61835,,,33.0,Palisades
2025-01-10 22:16:17.230988032,34.12108630986287,-118.55974309543153,1592.2542,1012.3241,23696.54,30.0,Palisades
2025-01-10 22:16:17.230988032,34.1235847076586,-118.59741155618087,503.16052,,,33.0,Palisades
2025-01-10 22:16:17.230988032,34.11853599500932,-118.52199548498274,605.9006,,,33.0,Palisades
2025-01-10 22:21:17.230690048,34.09499226178677,-118.53919286962353,1119.3894,,,33.0,Palisades
2025-01-10 22:21:17.230690048,34.11853599500932,-118.52199548498274,417.44724,,,33.0,Palisades
2025-01-10 22:21:17.230690048,34.1235847076586,-118.59741155618087,387.7504,,,33.0,Palisades
2025-01-10 22:21:17.230690048,34.092446994292104,-118.50148076618906,220.64368,,,33.0,Palisades
2025-01-10 22:21:17.230690048,34.12108630986287,-118.55974309543153,1165.0962,828.2313,39673.3,30.0,Palisades
2025-01-10 22:26:17.230381056,34.1235847076586,-118.59741155618087,331.38217,,,33.0,Palisades
2025-01-10 22:26:17.230381056,34.11853599500932,-118.52199548498274,456.25522,,,33.0,Palisades
2025-01-10 22:26:17.230381056,34.12108630986287,-118.55974309543153,1158.0853,849.98627,35099.797,30.0,Palisades
2025-01-10 22:31:17.230064000,34.1235847076586,-118.59741155618087,237.2237,,,33.0,Palisades
2025-01-10 22:31:17.230064000,34.12108630986287,-118.55974309543153,958.9432,772.5255,45222.48,30.0,Palisades
2025-01-10 22:31:17.230064000,34.11853599500932,-118.52199548498274,408.17557,,,33.0,Palisades
2025-01-10 22:36:17.231558016,34.11853599500932,-118.52199548498274,441.46274,,,33.0,Palisades
2025-01-10 22:36:17.231558016,34.09499226178677,-118.53919286962353,342.5743,1021.2239,4914.7,30.0,Palisades
2025-01-10 22:36:17.231558016,34.12108630986287,-118.55974309543153,1024.7069,846.1956,31684.92,30.0,Palisades
2025-01-10 22:36:17.231558016,34.1235847076586,-118.59741155618087,247.28424,,,33.0,Palisades
2025-01-10 22:41:17.231252992,34.11853599500932,-118.52199548498274,381.9918,,,33.0,Palisades
2025-01-10 22:41:17.231252992,34.09499226178677,-118.53919286962353,479.4604,897.89105,11500.54,30.0,Palisades
2025-01-10 22:41:17.231252992,34.12108630986287,-118.55974309543153,722.568,701.2727,55589.08,30.0,Palisades
2025-01-10 22:46:17.230937984,34.11853599500932,-118.52199548498274,293.0097,,,33.0,Palisades
2025-01-10 22:46:17.230937984,34.12108630986287,-118.55974309543153,574.5672,671.2773,56015.94,30.0,Palisades
2025-01-10 22:51:17.230615040,34.11853599500932,-118.52199548498274,239.20287,,,33.0,Palisades
2025-01-10 22:51:17.230615040,34.12108630986287,-118.55974309543153,531.5404,671.7717,51564.4,30.0,Palisades
2025-01-10 22:51:17.230615040,34.09499226178677,-118.53919286962353,359.99512,626.8884,51869.3,30.0,Palisades
2025-01-10 22:56:17.230296960,34.11853599500932,-118.52199548498274,256.31442,,,33.0,Palisades
2025-01-10 22:56:17.230296960,34.12108630986287,-118.55974309543153,494.5269,677.8147,45710.32,30.0,Palisades
2025-01-10 23:01:17.229985024,34.12108630986287,-118.55974309543153,454.40167,642.875,56564.758,30.0,Palisades
2025-01-10 23:01:17.229985024,34.11853599500932,-118.52199548498274,240.67499,,,33.0,Palisades
2025-01-10 23:06:17.231467008,34.12108630986287,-118.55974309543153,435.89542,633.9753,58821.02,30.0,Palisades
2025-01-10 23:06:17.231467008,34.11853599500932,-118.52199548498274,270.25537,,,33.0,Palisades
2025-01-10 23:11:17.231136000,34.12108630986287,-118.55974309543153,409.5651,641.5565,51564.4,30.0,Palisades
2025-01-10 23:11:17.231136000,34.11853599500932,-118.52199548498274,247.05164,,,33.0,Palisades
2025-01-10 23:16:17.230808960,34.12108630986287,-118.55974309543153,495.86276,641.11707,62662.758,30.0,Palisades
2025-01-10 23:16:17.230808960,34.11853599500932,-118.52199548498274,257.50156,,,33.0,Palisades
2025-01-10 23:16:17.230808960,34.07911807667682,-118.66977967232299,63.031693,413.1848,196879.73,30.0,Palisades
2025-01-10 23:21:17.230488960,34.07911807667682,-118.66977967232299,197.74432,529.1561,85042.42,30.0,Palisades
2025-01-10 23:21:17.230488960,34.12108630986287,-118.55974309543153,348.4489,584.80695,76871.1,30.0,Palisades
2025-01-10 23:26:17.230164096,34.12108630986287,-118.55974309543153,377.1306,599.5849,71199.96,30.0,Palisades
2025-01-10 23:26:17.230164096,34.07911807667682,-118.66977967232299,346.77396,622.2738,52235.18,30.0,Palisades
2025-01-10 23:26:17.230164096,34.11853599500932,-118.52199548498274,223.46439,,,33.0,Palisades
2025-01-10 23:31:17.231632896,34.07911807667682,-118.66977967232299,158.10005,539.42926,59430.82,30.0,Palisades
2025-01-10 23:31:17.231632896,34.12108630986287,-118.55974309543153,312.46945,537.0121,121203.56,30.0,Palisades
2025-01-10 23:36:17.231304064,34.07911807667682,-118.66977967232299,134.50989,491.085,99616.64,30.0,Palisades
2025-01-10 23:36:17.231304064,34.12108630986287,-118.55974309543153,298.0473,532.1227,123276.88,30.0,Palisades
2025-01-10 23:41:17.230983040,34.07911807667682,-118.66977967232299,91.79752,412.69037,289630.3,30.0,Palisades
2025-01-10 23:41:17.230983040,34.12108630986287,-118.55974309543153,295.20483,530.3098,124923.336,30.0,Palisades
2025-01-10 23:46:17.230654976,34.12108630986287,-118.55974309543153,275.46286,504.59943,166572.67,30.0,Palisades
2025-01-10 23:51:17.230318976,34.12108630986287,-118.55974309543153,265.87863,516.0812,136509.53,30.0,Palisades
2025-01-10 23:56:17.229988992,34.12108630986287,-118.55974309543153,237.71895,502.67664,147851.81,30.0,Palisades
2025-01-11 00:16:17.230473984,34.1235847076586,-118.59741155618087,301.89105,831.14294,10098.0,30.0,Palisades
2025-01-11 00:21:17.230148992,34.1235847076586,-118.59741155618087,310.61127,623.6472,46198.16,30.0,Palisades
2025-01-11 00:21:17.230148992,34.11853599500932,-118.52199548498274,332.33722,1196.0323,4000.0,30.0,Palisades
2025-01-11 00:26:17.231619968,34.1235847076586,-118.59741155618087,266.97543,692.1532,21989.1,30.0,Palisades
2025-01-11 00:26:17.231619968,34.12108630986287,-118.55974309543153,893.6634,651.555,102909.56,30.0,Palisades
2025-01-11 00:26:17.231619968,34.11853599500932,-118.52199548498274,269.70856,1207.1296,4000.0,30.0,Palisades
2025-01-11 00:31:17.231284992,34.12108630986287,-118.55974309543153,793.8294,676.1666,74309.94,30.0,Palisades
2025-01-11 00:36:17.230960000,34.11853599500932,-118.52199548498274,390.6932,1002.21576,6073.3203,30.0,Palisades
2025-01-11 00:36:17.230960000,34.12108630986287,-118.55974309543153,949.7737,816.0354,34611.96,30.0,Palisades
2025-01-11 00:36:17.230960000,34.09499226178677,-118.53919286962353,356.21524,903.8242,8329.58,30.0,Palisades
2025-01-11 00:41:17.230636032,34.11853599500932,-118.52199548498274,413.93228,802.9055,16256.9795,30.0,Palisades
2025-01-11 00:41:17.230636032,34.09499226178677,-118.53919286962353,613.1732,1076.8748,7292.92,30.0,Palisades
2025-01-11 00:41:17.230636032,34.12108630986287,-118.55974309543153,858.3739,721.7091,56808.68,30.0,Palisades
2025-01-11 00:46:17.230303104,34.12108630986287,-118.55974309543153,1022.79364,736.1575,61138.258,30.0,Palisades
2025-01-11 00:46:17.230303104,34.11853599500932,-118.52199548498274,580.4161,867.34625,16135.02,30.0,Palisades
2025-01-11 00:46:17.230303104,34.09499226178677,-118.53919286962353,575.8918,1187.572,4914.7,30.0,Palisades
2025-01-11 00:51:17.229972992,34.12108630986287,-118.55974309543153,770.9443,729.2904,48332.46,30.0,Palisades
2025-01-11 00:51:17.229972992,34.11853599500932,-118.52199548498274,464.54974,867.4561,12903.08,30.0,Palisades
2025-01-11 00:51:17.229972992,34.09499226178677,-118.53919286962353,413.45398,1025.0695,5890.38,30.0,Palisades
2025-01-11 00:56:17.231454976,34.11853599500932,-118.52199548498274,438.65536,779.5025,19793.82,30.0,Palisades
2025-01-11 00:56:17.231454976,34.09499226178677,-118.53919286962353,486.14105,938.7639,9732.12,30.0,Palisades
2025-01-11 00:56:17.231454976,34.12108630986287,-118.55974309543153,727.78754,685.7256,63089.62,30.0,Palisades
2025-01-11 01:01:17.231131008,34.12108630986287,-118.55974309543153,806.03436,668.69525,80225.0,30.0,Palisades
2025-01-11 01:01:17.231131008,34.11853599500932,-118.52199548498274,363.64926,725.0603,23513.6,30.0,Palisades
2025-01-11 01:01:17.231131008,34.09499226178677,-118.53919286962353,550.8277,908.3839,12598.18,30.0,Palisades
2025-01-11 01:06:17.230803968,34.09499226178677,-118.53919286962353,372.21185,842.5698,11744.46,30.0,Palisades
2025-01-11 01:06:17.230803968,34.11853599500932,-118.52199548498274,467.79605,738.6846,27477.3,30.0,Palisades
2025-01-11 01:06:17.230803968,34.12108630986287,-118.55974309543153,1055.796,759.7803,53942.62,30.0,Palisades
2025-01-11 01:11:17.230484992,34.09499226178677,-118.53919286962353,819.6116,880.531,21318.32,30.0,Palisades
2025-01-11 01:11:17.230484992,34.09748567393056,-118.576825912057,259.0631,1291.0178,4000.0,30.0,Palisades
2025-01-11 01:11:17.230484992,34.11853599500932,-118.52199548498274,370.79535,675.5074,34916.86,30.0,Palisades
2025-01-11 01:11:17.230484992,34.12108630986287,-118.55974309543153,906.2635,691.9335,74858.76,30.0,Palisades
2025-01-11 01:16:17.230167040,34.09499226178677,-118.53919286962353,646.2049,989.08594,10524.859,30.0,Palisades
2025-01-11 01:16:17.230167040,34.12108630986287,-118.55974309543153,907.099,700.6684,70041.336,30.0,Palisades
2025-01-11 01:16:17.230167040,34.11853599500932,-118.52199548498274,400.77258,669.5193,39612.32,30.0,Palisades
2025-01-11 01:21:17.229843968,34.09499226178677,-118.53919286962353,398.6982,904.4834,9244.279,30.0,Palisades
2025-01-11 01:21:17.229843968,34.11853599500932,-118.52199548498274,448.71515,696.54816,35770.58,30.0,Palisades
2025-01-11 01:21:17.229843968,34.12108630986287,-118.55974309543153,752.2253,702.756,57174.56,30.0,Palisades
2025-01-11 01:26:17.231330048,34.11853599500932,-118.52199548498274,629.7278,757.3081,32721.58,30.0,Palisades
2025-01-11 01:26:17.231330048,34.12108630986287,-118.55974309543153,841.6522,788.67694,35892.54,30.0,Palisades
2025-01-11 01:31:17.231016064,34.11853599500932,-118.52199548498274,547.79755,752.74835,29306.7,30.0,Palisades
2025-01-11 01:31:17.231016064,34.12108630986287,-118.55974309543153,918.8455,805.92706,35465.68,30.0,Palisades
2025-01-11 01:31:17.231016064,34.09499226178677,-118.53919286962353,301.97043,826.803,10341.92,30.0,Palisades
2025-01-11 01:36:17.230697088,34.11853599500932,-118.52199548498274,592.4106,701.32764,45527.38,30.0,Palisades
2025-01-11 01:36:17.230697088,34.12108630986287,-118.55974309543153,1102.9027,751.81445,59369.84,30.0,Palisades
2025-01-11 01:36:17.230697088,34.09499226178677,-118.53919286962353,332.9887,672.0464,32233.74,30.0,Palisades
2025-01-11 01:41:17.230382976,34.09499226178677,-118.53919286962353,321.55676,668.036,32172.76,30.0,Palisades
2025-01-11 01:41:17.230382976,34.12108630986287,-118.55974309543153,1057.5864,696.49316,84310.66,30.0,Palisades
2025-01-11 01:41:17.230382976,34.11853599500932,-118.52199548498274,651.7945,724.73065,42234.46,30.0,Palisades
2025-01-11 01:46:17.230074112,34.09499226178677,-118.53919286962353,372.31577,613.2092,61199.24,30.0,Palisades
2025-01-11 01:46:17.230074112,34.11853599500932,-118.52199548498274,595.5687,684.73676,52052.24,30.0,Palisades
2025-01-11 01:46:17.230074112,34.12108630986287,-118.55974309543153,1054.4302,682.04486,94128.44,30.0,Palisades
2025-01-11 01:51:17.231560960,34.12108630986287,-118.55974309543153,1089.5507,677.4302,100897.22,30.0,Palisades
2025-01-11 01:51:17.231560960,34.09499226178677,-118.53919286962353,271.21133,580.35706,62784.72,30.0,Palisades
2025-01-11 01:51:17.231560960,34.11853599500932,-118.52199548498274,594.6619,711.21625,42478.38,30.0,Palisades
2025-01-11 01:56:17.231249024,34.12108630986287,-118.55974309543153,1041.6543,681.9899,93030.8,30.0,Palisades
2025-01-11 01:56:17.231249024,34.11853599500932,-118.52199548498274,589.3592,679.0233,53881.64,30.0,Palisades
2025-01-11 02:01:17.230942976,34.11853599500932,-118.52199548498274,595.42865,667.9811,59613.758,30.0,Palisades
2025-01-11 02:01:17.230942976,34.12108630986287,-118.55974309543153,968.3584,666.0583,98519.0,30.0,Palisades
2025-01-11 02:06:17.230631936,34.09499226178677,-118.53919286962353,321.93195,604.6391,57662.4,30.0,Palisades
2025-01-11 02:06:17.230631936,34.11853599500932,-118.52199548498274,688.174,704.78864,51503.418,30.0,Palisades
2025-01-11 02:06:17.230631936,34.12108630986287,-118.55974309543153,1125.796,671.4421,109495.4,30.0,Palisades
2025-01-11 02:11:17.230322048,34.12108630986287,-118.55974309543153,1056.7711,695.61426,84859.48,30.0,Palisades
2025-01-11 02:11:17.230322048,34.11853599500932,-118.52199548498274,668.4978,678.19934,61565.12,30.0,Palisades
2025-01-11 02:16:17.230020992,34.09499226178677,-118.53919286962353,316.8001,574.97327,77846.78,30.0,Palisades
2025-01-11 02:16:17.230020992,34.11853599500932,-118.52199548498274,744.3144,681.27576,66870.375,30.0,Palisades
2025-01-11 02:16:17.230020992,34.12108630986287,-118.55974309543153,1243.5288,723.8517,81017.74,30.0,Palisades
2025-01-11 02:21:17.231518976,34.11853599500932,-118.52199548498274,891.39996,712.97424,62845.7,30.0,Palisades
2025-01-11 02:21:17.231518976,34.09499226178677,-118.53919286962353,361.34836,606.23224,63699.418,30.0,Palisades
2025-01-11 02:21:17.231518976,34.12108630986287,-118.55974309543153,1389.5298,716.4352,95470.0,30.0,Palisades
2025-01-11 02:26:17.231209088,34.12108630986287,-118.55974309543153,1271.5392,724.45593,82542.24,30.0,Palisades
2025-01-11 02:26:17.231209088,34.11853599500932,-118.52199548498274,1019.7692,725.88434,65528.82,30.0,Palisades
2025-01-11 02:26:17.231209088,34.09499226178677,-118.53919286962353,341.5674,597.8819,65589.8,30.0,Palisades
2025-01-11 02:31:17.230905984,34.092446994292104,-118.50148076618906,294.78522,650.5112,34246.08,30.0,Palisades
2025-01-11 02:31:17.230905984,34.11853599500932,-118.52199548498274,1901.6404,898.98975,45344.44,30.0,Palisades
2025-01-11 02:31:17.230905984,34.12108630986287,-118.55974309543153,1199.7626,797.35693,48637.36,30.0,Palisades
2025-01-11 02:36:17.230610944,34.11853599500932,-118.52199548498274,1858.9579,900.2533,44063.86,30.0,Palisades
2025-01-11 02:36:17.230610944,34.115989125678,-118.48428865920967,329.19327,852.5133,9854.08,30.0,Palisades
2025-01-11 02:36:17.230610944,34.092446994292104,-118.50148076618906,295.5921,652.04944,33880.2,30.0,Palisades
2025-01-11 02:36:17.230610944,34.12108630986287,-118.55974309543153,1040.338,835.9225,34002.16,30.0,Palisades
2025-01-11 02:41:17.230308992,34.092446994292104,-118.50148076618906,407.82077,704.3491,30648.26,30.0,Palisades
2025-01-11 02:41:17.230308992,34.144643719452084,-118.54255925767897,289.1333,937.0609,5829.4,30.0,Palisades
2025-01-11 02:41:17.230308992,34.115989125678,-118.48428865920967,369.22086,829.65967,12476.22,30.0,Palisades
2025-01-11 02:41:17.230308992,34.11853599500932,-118.52199548498274,1893.4218,894.43005,46137.18,30.0,Palisades
2025-01-11 02:41:17.230308992,34.12108630986287,-118.55974309543153,990.1502,817.29895,35831.562,30.0,Palisades
2025-01-11 02:46:17.230003968,34.092446994292104,-118.50148076618906,386.3217,690.9446,32172.76,30.0,Palisades
2025-01-11 02:46:17.230003968,34.12108630986287,-118.55974309543153,1003.51294,894.5399,24428.3,30.0,Palisades
2025-01-11 02:46:17.230003968,34.11853599500932,-118.52199548498274,2176.4697,881.7396,56320.84,30.0,Palisades
2025-01-11 02:46:17.230003968,34.115989125678,-118.48428865920967,335.2058,863.1161,9488.2,30.0,Palisades
2025-01-11 02:51:17.231508992,34.092446994292104,-118.50148076618906,612.0393,792.35767,25525.94,30.0,Palisades
2025-01-11 02:51:17.231508992,34.11853599500932,-118.52199548498274,2822.2332,873.49915,76017.38,30.0,Palisades
2025-01-11 02:51:17.231508992,34.115989125678,-118.48428865920967,367.81995,778.7334,16683.84,30.0,Palisades
2025-01-11 02:51:17.231508992,34.144643719452084,-118.54255925767897,440.70294,1033.5297,6073.3203,30.0,Palisades
2025-01-11 02:51:17.231508992,34.12108630986287,-118.55974309543153,950.9247,1064.9534,11744.46,30.0,Palisades
2025-01-11 02:56:17.231219968,34.115989125678,-118.48428865920967,347.40714,722.58813,22842.82,30.0,Palisades
2025-01-11 02:56:17.231219968,34.11853599500932,-118.52199548498274,2627.3875,862.2921,74797.78,30.0,Palisades
2025-01-11 02:56:17.231219968,34.144643719452084,-118.54255925767897,457.18185,992.60187,7353.9,30.0,Palisades
2025-01-11 02:56:17.231219968,34.092446994292104,-118.50148076618906,598.01874,784.4468,26196.72,30.0,Palisades
2025-01-11 02:56:17.231219968,34.12108630986287,-118.55974309543153,860.5215,972.6049,14915.42,30.0,Palisades
2025-01-11 03:01:17.230926976,34.115989125678,-118.48428865920967,507.48853,884.2118,12964.06,30.0,Palisades
2025-01-11 03:01:17.230926976,34.11853599500932,-118.52199548498274,2204.3633,770.8225,104982.88,30.0,Palisades
2025-01-11 03:01:17.230926976,34.09499226178677,-118.53919286962353,371.66187,884.1019,9488.2,30.0,Palisades
2025-01-11 03:01:17.230926976,34.092446994292104,-118.50148076618906,702.89716,845.7561,21806.16,30.0,Palisades
2025-01-11 03:01:17.230926976,34.12108630986287,-118.55974309543153,1005.0482,826.0339,34611.96,30.0,Palisades
2025-01-11 03:01:17.230926976,34.144643719452084,-118.54255925767897,520.03516,1095.2786,5829.4,30.0,Palisades
2025-01-11 03:06:17.230625024,34.12108630986287,-118.55974309543153,965.5674,875.5318,25769.86,30.0,Palisades
2025-01-11 03:06:17.230625024,34.144643719452084,-118.54255925767897,703.437,1072.5896,8512.52,30.0,Palisades
2025-01-11 03:06:17.230625024,34.14719909896778,-118.58034250281736,294.1443,956.7282,5463.52,30.0,Palisades
2025-01-11 03:06:17.230625024,34.115989125678,-118.48428865920967,376.13763,831.6924,12598.18,30.0,Palisades
2025-01-11 03:06:17.230625024,34.11853599500932,-118.52199548498274,2181.17,741.2117,126020.98,30.0,Palisades
2025-01-11 03:06:17.230625024,34.092446994292104,-118.50148076618906,844.88965,975.2968,14488.56,30.0,Palisades
2025-01-11 03:06:17.230625024,34.09499226178677,-118.53919286962353,434.54907,1105.5516,4731.76,30.0,Palisades
2025-01-11 03:11:17.230327040,34.144643719452084,-118.54255925767897,329.04706,882.5088,8451.54,30.0,Palisades
2025-01-11 03:11:17.230327040,34.092446994292104,-118.50148076618906,569.4595,731.1033,35282.742,30.0,Palisades
2025-01-11 03:11:17.230327040,34.12108630986287,-118.55974309543153,948.3997,950.3006,18025.398,30.0,Palisades
2025-01-11 03:11:17.230327040,34.09499226178677,-118.53919286962353,265.9396,839.9878,8512.52,30.0,Palisades
2025-01-11 03:11:17.230327040,34.115989125678,-118.48428865920967,301.80533,737.7506,17842.46,30.0,Palisades
2025-01-11 03:11:17.230327040,34.11853599500932,-118.52199548498274,2373.9927,792.52246,99067.82,30.0,Palisades
2025-01-11 03:16:17.231841024,34.12108630986287,-118.55974309543153,795.0201,778.239,36136.46,30.0,Palisades
2025-01-11 03:16:17.231841024,34.11853599500932,-118.52199548498274,2581.3123,812.1349,96079.8,30.0,Palisades
2025-01-11 03:16:17.231841024,34.144643719452084,-118.54255925767897,311.56735,845.5364,9671.141,30.0,Palisades
2025-01-11 03:16:17.231841024,34.092446994292104,-118.50148076618906,549.8112,710.9415,39307.418,30.0,Palisades
2025-01-11 03:16:17.231841024,34.115989125678,-118.48428865920967,490.28522,737.80554,29001.8,30.0,Palisades
2025-01-11 03:21:17.231559040,34.12108630986287,-118.55974309543153,894.65,749.0676,49003.24,30.0,Palisades
2025-01-11 03:21:17.231559040,34.144643719452084,-118.54255925767897,323.06244,954.7505,6012.34,30.0,Palisades
2025-01-11 03:21:17.231559040,34.092446994292104,-118.50148076618906,771.5565,797.302,31319.04,30.0,Palisades
2025-01-11 03:21:17.231559040,34.11853599500932,-118.52199548498274,2273.3933,785.76526,98762.92,30.0,Palisades
2025-01-11 03:21:17.231559040,34.115989125678,-118.48428865920967,625.74744,865.9179,17476.58,30.0,Palisades
2025-01-11 03:21:17.231559040,34.09499226178677,-118.53919286962353,323.78824,685.83545,28026.12,30.0,Palisades
2025-01-11 03:26:17.231271040,34.11853599500932,-118.52199548498274,2960.6917,836.6916,96323.72,30.0,Palisades
2025-01-11 03:26:17.231271040,34.115989125678,-118.48428865920967,583.1542,940.74164,11561.52,30.0,Palisades
2025-01-11 03:26:17.231271040,34.12108630986287,-118.55974309543153,1080.7529,832.6812,35892.54,30.0,Palisades
2025-01-11 03:26:17.231271040,34.144643719452084,-118.54255925767897,310.82745,713.68835,21806.16,30.0,Palisades
2025-01-11 03:26:17.231271040,34.092446994292104,-118.50148076618906,457.74237,713.4686,32172.76,30.0,Palisades
2025-01-11 03:31:17.230977024,34.144643719452084,-118.54255925767897,531.8783,983.7571,8817.42,30.0,Palisades
2025-01-11 03:31:17.230977024,34.12108630986287,-118.55974309543153,798.88824,726.9281,50954.6,30.0,Palisades
2025-01-11 03:31:17.230977024,34.11853599500932,-118.52199548498274,2580.7476,769.8336,123703.74,30.0,Palisades
2025-01-11 03:31:17.230977024,34.115989125678,-118.48428865920967,710.60516,792.4126,29672.58,30.0,Palisades
2025-01-11 03:31:17.230977024,34.09499226178677,-118.53919286962353,294.46408,706.16205,21806.16,30.0,Palisades
2025-01-11 03:31:17.230977024,34.092446994292104,-118.50148076618906,857.9511,858.886,24855.16,30.0,Palisades
2025-01-11 03:36:17.230688000,34.092446994292104,-118.50148076618906,634.2804,711.38104,45222.48,30.0,Palisades
2025-01-11 03:36:17.230688000,34.11853599500932,-118.52199548498274,2602.175,798.89514,104556.016,30.0,Palisades
2025-01-11 03:36:17.230688000,34.115989125678,-118.48428865920967,700.84045,920.52496,15159.34,30.0,Palisades
2025-01-11 03:36:17.230688000,34.12108630986287,-118.55974309543153,951.0198,792.4675,39673.3,30.0,Palisades
2025-01-11 03:41:17.230407040,34.115989125678,-118.48428865920967,661.3482,777.5248,30221.4,30.0,Palisades
2025-01-11 03:41:17.230407040,34.092446994292104,-118.50148076618906,682.16486,745.38684,38331.74,30.0,Palisades
2025-01-11 03:41:17.230407040,34.11853599500932,-118.52199548498274,2928.8127,827.4073,100165.46,30.0,Palisades
2025-01-11 03:41:17.230407040,34.144643719452084,-118.54255925767897,305.83524,734.23474,18513.24,30.0,Palisades
2025-01-11 03:41:17.230407040,34.12108630986287,-118.55974309543153,909.11487,729.8947,56747.7,30.0,Palisades
2025-01-11 03:46:17.231936000,34.144643719452084,-118.54255925767897,542.5658,938.48926,10829.76,30.0,Palisades
2025-01-11 03:46:17.231936000,34.12108630986287,-118.55974309543153,842.1315,800.10376,33575.297,30.0,Palisades
2025-01-11 03:46:17.231936000,34.11853599500932,-118.52199548498274,3017.945,767.03186,147242.02,30.0,Palisades
2025-01-11 03:46:17.231936000,34.115989125678,-118.48428865920967,496.475,722.3684,32721.58,30.0,Palisades
2025-01-11 03:46:17.231936000,34.09499226178677,-118.53919286962353,374.38528,729.7848,23391.64,30.0,Palisades
2025-01-11 03:46:17.231936000,34.092446994292104,-118.50148076618906,1289.8474,926.0186,27233.379,30.0,Palisades
2025-01-11 03:51:17.231660032,34.144643719452084,-118.54255925767897,402.88065,906.24146,9305.26,30.0,Palisades
2025-01-11 03:51:17.231660032,34.0899051597329,-118.4638093392549,270.25806,722.9177,17720.5,30.0,Palisades
2025-01-11 03:51:17.231660032,34.09499226178677,-118.53919286962353,461.26556,750.3312,25038.1,30.0,Palisades
2025-01-11 03:51:17.231660032,34.115989125678,-118.48428865920967,759.8885,910.47156,17171.68,30.0,Palisades
2025-01-11 03:51:17.231660032,34.12108630986287,-118.55974309543153,1247.2838,864.65436,35099.797,30.0,Palisades
2025-01-11 03:51:17.231660032,34.092446994292104,-118.50148076618906,1199.7124,792.0281,50222.84,30.0,Palisades
2025-01-11 03:51:17.231660032,34.11853599500932,-118.52199548498274,3407.4763,777.30505,155840.2,30.0,Palisades
2025-01-11 03:56:17.231374080,34.12108630986287,-118.55974309543153,1083.5802,826.3635,37234.1,30.0,Palisades
2025-01-11 03:56:17.231374080,34.0899051597329,-118.4638093392549,331.72565,778.07416,15098.36,30.0,Palisades
2025-01-11 03:56:17.231374080,34.092446994292104,-118.50148076618906,1901.5461,987.3829,31136.1,30.0,Palisades
2025-01-11 03:56:17.231374080,34.144643719452084,-118.54255925767897,760.5215,1140.1617,7414.88,30.0,Palisades
2025-01-11 03:56:17.231374080,34.115989125678,-118.48428865920967,693.4438,822.1883,24428.3,30.0,Palisades
2025-01-11 03:56:17.231374080,34.11853599500932,-118.52199548498274,3511.653,761.2086,177793.0,30.0,Palisades
2025-01-11 03:56:17.231374080,34.09499226178677,-118.53919286962353,642.77356,864.5445,18086.379,30.0,Palisades
2025-01-11 04:01:17.231088000,34.12108630986287,-118.55974309543153,938.1954,850.206,28392.0,30.0,Palisades
2025-01-11 04:01:17.231088000,34.092446994292104,-118.50148076618906,1396.0682,851.964,41929.56,30.0,Palisades
2025-01-11 04:01:17.231088000,34.144643719452084,-118.54255925767897,467.5352,1024.575,6683.12,30.0,Palisades
2025-01-11 04:01:17.231088000,34.115989125678,-118.48428865920967,536.67584,750.05646,29184.74,30.0,Palisades
2025-01-11 04:01:17.231088000,34.09499226178677,-118.53919286962353,456.04086,734.5094,27599.26,30.0,Palisades
2025-01-11 04:01:17.231088000,34.11853599500932,-118.52199548498274,2942.44,768.1306,142546.56,30.0,Palisades
2025-01-11 04:06:17.230808064,34.144643719452084,-118.54255925767897,812.9323,912.0647,18269.32,30.0,Palisades
2025-01-11 04:06:17.230808064,34.12108630986287,-118.55974309543153,782.09717,747.2547,43393.08,30.0,Palisades
2025-01-11 04:06:17.230808064,34.092446994292104,-118.50148076618906,1157.9906,906.95557,26623.58,30.0,Palisades
2025-01-11 04:06:17.230808064,34.115989125678,-118.48428865920967,983.1055,810.0473,37051.16,30.0,Palisades
2025-01-11 04:06:17.230808064,34.09499226178677,-118.53919286962353,358.2492,724.45593,23269.68,30.0,Palisades
2025-01-11 04:06:17.230808064,34.11853599500932,-118.52199548498274,3597.5605,836.63666,117056.92,30.0,Palisades
2025-01-11 04:11:17.232339072,34.11853599500932,-118.52199548498274,2783.4062,816.6397,101019.18,30.0,Palisades
2025-01-11 04:11:17.232339072,34.115989125678,-118.48428865920967,643.43536,728.6861,40527.02,30.0,Palisades
2025-01-11 04:11:17.232339072,34.12108630986287,-118.55974309543153,771.88293,771.70154,36563.32,30.0,Palisades
2025-01-11 04:11:17.232339072,34.092446994292104,-118.50148076618906,884.99,760.43945,45039.54,30.0,Palisades
2025-01-11 04:11:17.232339072,34.09499226178677,-118.53919286962353,295.17862,651.06055,34124.117,30.0,Palisades
2025-01-11 04:11:17.232339072,34.144643719452084,-118.54255925767897,474.87085,899.97864,11256.62,30.0,Palisades
2025-01-11 04:16:17.232067968,34.144643719452084,-118.54255925767897,295.39157,657.5431,32294.72,30.0,Palisades
2025-01-11 04:16:17.232067968,34.11853599500932,-118.52199548498274,3073.7825,803.0154,120593.76,30.0,Palisades
2025-01-11 04:16:17.232067968,34.115989125678,-118.48428865920967,917.02844,827.90173,31258.06,30.0,Palisades
2025-01-11 04:16:17.232067968,34.09499226178677,-118.53919286962353,263.63553,641.172,33270.4,30.0,Palisades
2025-01-11 04:16:17.232067968,34.12108630986287,-118.55974309543153,937.7691,768.35034,45344.44,30.0,Palisades
2025-01-11 04:16:17.232067968,34.092446994292104,-118.50148076618906,766.6642,696.54816,61077.28,30.0,Palisades
2025-01-11 04:21:17.231785088,34.09499226178677,-118.53919286962353,359.3897,668.5854,35770.58,30.0,Palisades
2025-01-11 04:21:17.231785088,34.092446994292104,-118.50148076618906,898.2684,725.7744,57723.38,30.0,Palisades
2025-01-11 04:21:17.231785088,34.115989125678,-118.48428865920967,610.62256,824.7154,21196.36,30.0,Palisades
2025-01-11 04:21:17.231785088,34.12108630986287,-118.55974309543153,929.8613,758.40686,47905.6,30.0,Palisades
2025-01-11 04:21:17.231785088,34.11853599500932,-118.52199548498274,2497.2083,731.2132,154498.64,30.0,Palisades
2025-01-11 04:21:17.231785088,34.144643719452084,-118.54255925767897,468.71484,877.72925,12354.26,30.0,Palisades
2025-01-11 04:26:17.231499008,34.092446994292104,-118.50148076618906,721.4908,686.0003,62418.84,30.0,Palisades
2025-01-11 04:26:17.231499008,34.12108630986287,-118.55974309543153,821.17706,729.6749,51381.46,30.0,Palisades
2025-01-11 04:26:17.231499008,34.144643719452084,-118.54255925767897,396.47253,803.12524,15525.22,30.0,Palisades
2025-01-11 04:26:17.231499008,34.11853599500932,-118.52199548498274,2199.984,728.9059,138338.94,30.0,Palisades
2025-01-11 04:26:17.231499008,34.09499226178677,-118.53919286962353,282.53342,626.8884,40709.96,30.0,Palisades
2025-01-11 04:26:17.231499008,34.115989125678,-118.48428865920967,560.931,782.90857,24794.18,30.0,Palisades
2025-01-11 04:31:17.231217920,34.144643719452084,-118.54255925767897,322.53885,701.38257,24794.18,30.0,Palisades
2025-01-11 04:31:17.231217920,34.115989125678,-118.48428865920967,417.34225,758.0772,21562.24,30.0,Palisades
2025-01-11 04:31:17.231217920,34.092446994292104,-118.50148076618906,580.8681,651.71985,66809.4,30.0,Palisades
2025-01-11 04:31:17.231217920,34.12108630986287,-118.55974309543153,977.44336,734.61926,59064.94,30.0,Palisades
2025-01-11 04:31:17.231217920,34.11853599500932,-118.52199548498274,2148.8047,721.3795,142485.58,30.0,Palisades
2025-01-11 04:36:17.230944000,34.144643719452084,-118.54255925767897,471.75568,819.0569,16866.781,30.0,Palisades
2025-01-11 04:36:17.230944000,34.11853599500932,-118.52199548498274,1778.5621,650.56616,206575.56,30.0,Palisades
2025-01-11 04:36:17.230944000,34.115989125678,-118.48428865920967,347.18866,691.2193,28818.86,30.0,Palisades
2025-01-11 04:36:17.230944000,34.09499226178677,-118.53919286962353,335.95596,652.7087,38270.758,30.0,Palisades
2025-01-11 04:36:17.230944000,34.092446994292104,-118.50148076618906,813.0456,703.47015,61504.14,30.0,Palisades
2025-01-11 04:36:17.230944000,34.12108630986287,-118.55974309543153,691.2375,674.4087,65650.78,30.0,Palisades
2025-01-11 04:41:17.232481024,34.11853599500932,-118.52199548498274,1895.6252,700.2838,146876.14,30.0,Palisades
2025-01-11 04:41:17.232481024,34.12108630986287,-118.55974309543153,700.4055,647.81934,83334.98,30.0,Palisades
2025-01-11 04:41:17.232481024,34.115989125678,-118.48428865920967,391.4059,660.3998,41746.62,30.0,Palisades
2025-01-11 04:41:17.232481024,34.092446994292104,-118.50148076618906,533.2662,635.6234,70834.08,30.0,Palisades
2025-01-11 04:46:17.232215040,34.12108630986287,-118.55974309543153,514.6714,595.0801,101689.96,30.0,Palisades
2025-01-11 04:46:17.232215040,34.144643719452084,-118.54255925767897,303.19373,697.09753,24062.42,30.0,Palisades
2025-01-11 04:46:17.232215040,34.115989125678,-118.48428865920967,284.09152,654.02716,32050.799,30.0,Palisades
2025-01-11 04:46:17.232215040,34.092446994292104,-118.50148076618906,717.7043,695.7241,57540.44,30.0,Palisades
2025-01-11 04:46:17.232215040,34.11853599500932,-118.52199548498274,1331.6412,623.5922,197916.4,30.0,Palisades
2025-01-11 04:51:17.231936000,34.092446994292104,-118.50148076618906,413.78485,592.8277,83761.836,30.0,Palisades
2025-01-11 04:51:17.231936000,34.11853599500932,-118.52199548498274,1561.285,664.24536,161206.44,30.0,Palisades
2025-01-11 04:51:17.231936000,34.12108630986287,-118.55974309543153,579.5688,634.24994,77968.74,30.0,Palisades
2025-01-11 04:56:17.231651968,34.11853599500932,-118.52199548498274,1219.8804,614.6376,197794.44,30.0,Palisades
2025-01-11 04:56:17.231651968,34.092446994292104,-118.50148076618906,481.8725,630.8439,66931.36,30.0,Palisades
2025-01-11 04:56:17.231651968,34.115989125678,-118.48428865920967,296.331,611.3414,49613.04,30.0,Palisades
2025-01-11 04:56:17.231651968,34.12108630986287,-118.55974309543153,438.92166,586.94946,94555.3,30.0,Palisades
2025-01-11 05:01:17.231369984,34.12108630986287,-118.55974309543153,500.96747,593.8715,100287.42,30.0,Palisades
2025-01-11 05:01:17.231369984,34.11853599500932,-118.52199548498274,1163.9789,614.91223,188159.6,30.0,Palisades
2025-01-11 05:01:17.231369984,34.092446994292104,-118.50148076618906,360.81805,558.8219,106812.28,30.0,Palisades
2025-01-11 05:01:17.231369984,34.115989125678,-118.48428865920967,272.4539,631.77783,37478.02,30.0,Palisades
2025-01-11 05:06:17.231094016,34.12108630986287,-118.55974309543153,451.32703,597.0029,87420.64,30.0,Palisades
2025-01-11 05:06:17.231094016,34.11853599500932,-118.52199548498274,1048.0243,597.1677,202611.86,30.0,Palisades
2025-01-11 05:06:17.231094016,34.092446994292104,-118.50148076618906,331.05203,552.8338,105287.78,30.0,Palisades
2025-01-11 05:11:17.232628992,34.092446994292104,-118.50148076618906,304.35135,542.56067,109922.26,30.0,Palisades
2025-01-11 05:11:17.232628992,34.12108630986287,-118.55974309543153,417.9361,587.2791,89737.88,30.0,Palisades
2025-01-11 05:11:17.232628992,34.11853599500932,-118.52199548498274,909.29175,588.0482,193647.8,30.0,Palisades
2025-01-11 05:16:17.232366976,34.092446994292104,-118.50148076618906,281.81854,549.1531,93762.56,30.0,Palisades
2025-01-11 05:16:17.232366976,34.12108630986287,-118.55974309543153,406.10516,576.67633,97909.2,30.0,Palisades
2025-01-11 05:16:17.232366976,34.11853599500932,-118.52199548498274,863.7907,579.8627,201087.36,30.0,Palisades
2025-01-11 05:21:17.232110976,34.11853599500932,-118.52199548498274,1116.3275,614.4728,181268.86,30.0,Palisades
2025-01-11 05:21:17.232110976,34.12108630986287,-118.55974309543153,426.47165,588.43274,90408.66,30.0,Palisades
2025-01-11 05:21:17.232110976,34.092446994292104,-118.50148076618906,294.80313,549.208,98031.16,30.0,Palisades
2025-01-11 05:21:17.232110976,34.144643719452084,-118.54255925767897,352.5841,716.9297,24123.4,30.0,Palisades
2025-01-11 05:26:17.231849984,34.12108630986287,-118.55974309543153,383.94113,587.49884,82237.336,30.0,Palisades
2025-01-11 05:26:17.231849984,34.11853599500932,-118.52199548498274,975.35175,600.9034,181390.81,30.0,Palisades
2025-01-11 05:31:17.231579008,34.12108630986287,-118.55974309543153,441.8821,584.0928,98214.1,30.0,Palisades
2025-01-11 05:31:17.231579008,34.11853599500932,-118.52199548498274,853.724,579.58795,199318.94,30.0,Palisades
2025-01-11 05:36:17.233109888,34.11853599500932,-118.52199548498274,982.66614,595.7394,192855.06,30.0,Palisades
2025-01-11 05:36:17.233109888,34.12108630986287,-118.55974309543153,442.0298,604.6391,79127.36,30.0,Palisades
2025-01-11 05:41:17.232840960,34.11853599500932,-118.52199548498274,786.5334,562.5027,222918.2,30.0,Palisades
2025-01-11 05:41:17.232840960,34.12108630986287,-118.55974309543153,325.93088,555.85535,99921.54,30.0,Palisades
2025-01-11 05:41:17.232840960,34.144643719452084,-118.54255925767897,262.5113,663.9707,27172.4,30.0,Palisades
2025-01-11 05:46:17.232576000,34.11853599500932,-118.52199548498274,661.4203,544.5933,232735.98,30.0,Palisades
2025-01-11 05:46:17.232576000,34.12108630986287,-118.55974309543153,290.4867,533.3313,118093.58,30.0,Palisades
2025-01-11 05:51:17.232318080,34.12108630986287,-118.55974309543153,284.5747,550.1419,93518.64,30.0,Palisades
2025-01-11 05:51:17.232318080,34.11853599500932,-118.52199548498274,732.3338,567.83154,195050.34,30.0,Palisades
2025-01-11 05:56:17.232064000,34.11853599500932,-118.52199548498274,720.45166,563.76624,201209.31,30.0,Palisades
2025-01-11 05:56:17.232064000,34.12108630986287,-118.55974309543153,302.16385,539.64905,113215.18,30.0,Palisades
2025-01-11 06:01:17.231816960,34.11853599500932,-118.52199548498274,784.4151,567.8865,208892.8,30.0,Palisades
2025-01-11 06:01:17.231816960,34.12108630986287,-118.55974309543153,347.36478,575.3029,85042.42,30.0,Palisades
2025-01-11 06:06:17.233378048,34.12108630986287,-118.55974309543153,331.42728,558.9867,97909.2,30.0,Palisades
2025-01-11 06:06:17.233378048,34.11853599500932,-118.52199548498274,685.437,557.6133,205843.8,30.0,Palisades
2025-01-11 06:06:17.233378048,34.092446994292104,-118.50148076618906,258.13272,537.5065,99433.7,30.0,Palisades
2025-01-11 06:11:17.233140992,34.12108630986287,-118.55974309543153,283.46426,563.60144,79310.3,30.0,Palisades
2025-01-11 06:11:17.233140992,34.11853599500932,-118.52199548498274,732.8155,569.15,192306.23,30.0,Palisades
2025-01-11 06:16:17.232908928,34.11853599500932,-118.52199548498274,597.0822,549.5376,197733.45,30.0,Palisades
2025-01-11 06:21:17.232682880,34.11853599500932,-118.52199548498274,572.9393,551.4604,185293.53,30.0,Palisades
2025-01-11 06:21:17.232682880,34.12108630986287,-118.55974309543153,247.33498,534.59485,98823.9,30.0,Palisades
2025-01-11 06:26:17.232460928,34.11853599500932,-118.52199548498274,656.1922,559.92065,191757.42,30.0,Palisades
2025-01-11 06:26:17.232460928,34.12108630986287,-118.55974309543153,257.43903,544.868,90286.7,30.0,Palisades
2025-01-11 06:31:17.232244992,34.12108630986287,-118.55974309543153,254.58812,553.8776,79920.1,30.0,Palisades
2025-01-11 06:31:17.232244992,34.11853599500932,-118.52199548498274,695.723,576.3467,168341.1,30.0,Palisades
2025-01-11 06:36:17.233836032,34.11853599500932,-118.52199548498274,610.8081,560.08545,178158.88,30.0,Palisades
2025-01-11 06:41:17.233628928,34.11853599500932,-118.52199548498274,813.6556,589.0371,171390.1,30.0,Palisades
2025-01-11 06:41:17.233628928,34.12108630986287,-118.55974309543153,326.6457,577.9399,77663.836,30.0,Palisades
2025-01-11 06:46:17.233427072,34.11853599500932,-118.52199548498274,750.0716,569.53455,196026.02,30.0,Palisades
2025-01-11 06:46:17.233427072,34.092446994292104,-118.50148076618906,272.33307,540.2533,101263.1,30.0,Palisades
2025-01-11 06:51:17.233229056,34.11853599500932,-118.52199548498274,638.12604,558.4923,189684.1,30.0,Palisades
2025-01-11 06:56:17.233036032,34.12108630986287,-118.55974309543153,270.55002,556.40466,82420.28,30.0,Palisades
2025-01-11 06:56:17.233036032,34.11853599500932,-118.52199548498274,689.66876,569.4247,180415.14,30.0,Palisades
2025-01-11 07:01:17.234651008,34.12108630986287,-118.55974309543153,247.42062,544.2637,87481.62,30.0,Palisades
2025-01-11 07:01:17.234651008,34.11853599500932,-118.52199548498274,638.09814,554.9214,197855.42,30.0,Palisades
2025-01-11 07:06:17.234467072,34.11853599500932,-118.52199548498274,605.1843,549.5376,200355.6,30.0,Palisades
2025-01-11 07:11:17.234288000,34.092446994292104,-118.50148076618906,314.82025,567.7766,83883.8,30.0,Palisades
2025-01-11 07:11:17.234288000,34.11853599500932,-118.52199548498274,598.40314,541.1323,219991.16,30.0,Palisades
2025-01-11 07:16:17.234114048,34.092446994292104,-118.50148076618906,324.96585,568.7105,85713.2,30.0,Palisades
2025-01-11 07:16:17.234114048,34.11853599500932,-118.52199548498274,598.8936,542.0113,217734.89,30.0,Palisades
2025-01-11 07:21:17.233944064,34.11853599500932,-118.52199548498274,767.74475,574.97327,188586.45,30.0,Palisades
2025-01-11 07:21:17.233944064,34.12108630986287,-118.55974309543153,330.04767,549.0432,109983.24,30.0,Palisades
2025-01-11 07:26:17.233779968,34.12108630986287,-118.55974309543153,293.93103,552.7789,93518.64,30.0,Palisades
2025-01-11 07:26:17.233779968,34.11853599500932,-118.52199548498274,759.362,576.95105,182488.45,30.0,Palisades
2025-01-11 07:31:17.235424000,34.12108630986287,-118.55974309543153,311.75595,544.42847,109922.26,30.0,Palisades
2025-01-11 07:31:17.235424000,34.11853599500932,-118.52199548498274,625.503,546.5161,214929.81,30.0,Palisades
2025-01-11 07:36:17.235272064,34.12108630986287,-118.55974309543153,263.2366,530.69434,110715.0,30.0,Palisades
2025-01-11 07:36:17.235272064,34.11853599500932,-118.52199548498274,589.2267,536.68243,229321.1,30.0,Palisades
2025-01-11 07:41:17.235126016,34.12108630986287,-118.55974309543153,280.81213,526.51917,124862.36,30.0,Palisades
2025-01-11 07:41:17.235126016,34.11853599500932,-118.52199548498274,972.03076,604.30945,174683.02,30.0,Palisades
2025-01-11 07:41:17.235126016,34.092446994292104,-118.50148076618906,406.7501,596.2887,79371.28,30.0,Palisades
2025-01-11 07:46:17.234987008,34.12108630986287,-118.55974309543153,294.20132,529.5956,125594.12,30.0,Palisades
2025-01-11 07:46:17.234987008,34.11853599500932,-118.52199548498274,841.5076,584.1477,186818.03,30.0,Palisades
2025-01-11 07:46:17.234987008,34.092446994292104,-118.50148076618906,296.37244,547.6698,100409.38,30.0,Palisades
2025-01-11 07:51:17.234855040,34.12108630986287,-118.55974309543153,312.7452,531.1888,130716.44,30.0,Palisades
2025-01-11 07:51:17.234855040,34.092446994292104,-118.50148076618906,315.78314,558.6571,93640.6,30.0,Palisades
2025-01-11 07:51:17.234855040,34.11853599500932,-118.52199548498274,766.3155,570.4136,198282.28,30.0,Palisades
2025-01-11 07:56:17.236532992,34.12108630986287,-118.55974309543153,324.5156,543.6594,115532.42,30.0,Palisades
2025-01-11 07:56:17.236532992,34.092446994292104,-118.50148076618906,373.19315,597.0029,72297.6,30.0,Palisades
2025-01-11 07:56:17.236532992,34.11853599500932,-118.52199548498274,737.63586,559.591,216332.36,30.0,Palisades
2025-01-11 08:01:17.236413952,34.11853599500932,-118.52199548498274,769.7686,567.6118,205599.88,30.0,Palisades
2025-01-11 08:01:17.236413952,34.092446994292104,-118.50148076618906,276.2935,551.4604,89372.0,30.0,Palisades
2025-01-11 08:01:17.236413952,34.12108630986287,-118.55974309543153,351.40216,542.3959,127179.6,30.0,Palisades
2025-01-11 08:06:17.236302976,34.092446994292104,-118.50148076618906,312.5357,565.8538,85225.36,30.0,Palisades
2025-01-11 08:06:17.236302976,34.11853599500932,-118.52199548498274,886.28485,583.5434,198038.36,30.0,Palisades
2025-01-11 08:06:17.236302976,34.12108630986287,-118.55974309543153,357.97208,546.57104,122911.0,30.0,Palisades
2025-01-11 08:11:17.236197888,34.092446994292104,-118.50148076618906,270.08685,539.97864,100714.28,30.0,Palisades
2025-01-11 08:11:17.236197888,34.144643719452084,-118.54255925767897,270.04657,609.69324,45954.24,30.0,Palisades
2025-01-11 08:11:17.236197888,34.12108630986287,-118.55974309543153,322.6775,531.6283,134131.31,30.0,Palisades
2025-01-11 08:11:17.236197888,34.11853599500932,-118.52199548498274,792.5894,567.99634,210783.17,30.0,Palisades
2025-01-11 08:16:17.236100992,34.092446994292104,-118.50148076618906,313.52698,568.8204,82603.22,30.0,Palisades
2025-01-11 08:16:17.236100992,34.11853599500932,-118.52199548498274,742.47577,557.77814,222430.36,30.0,Palisades
2025-01-11 08:16:17.236100992,34.12108630986287,-118.55974309543153,342.02573,528.60675,147851.81,30.0,Palisades
2025-01-11 08:21:17.236009984,34.12108630986287,-118.55974309543153,414.57834,576.51154,100165.46,30.0,Palisades
2025-01-11 08:21:17.236009984,34.11853599500932,-118.52199548498274,840.90436,570.4685,217369.02,30.0,Palisades
2025-01-11 08:26:17.237728896,34.144643719452084,-118.54255925767897,329.0668,622.87805,49247.16,30.0,Palisades
2025-01-11 08:26:17.237728896,34.12108630986287,-118.55974309543153,456.82892,566.7877,123154.92,30.0,Palisades
2025-01-11 08:26:17.237728896,34.11853599500932,-118.52199548498274,830.0572,568.8753,218527.64,30.0,Palisades
2025-01-11 08:31:17.237651968,34.092446994292104,-118.50148076618906,274.44513,555.47076,84554.58,30.0,Palisades
2025-01-11 08:31:17.237651968,34.11853599500932,-118.52199548498274,890.03986,577.7201,212063.77,30.0,Palisades
2025-01-11 08:31:17.237651968,34.12108630986287,-118.55974309543153,509.67535,589.31177,107056.2,30.0,Palisades
2025-01-11 08:31:17.237651968,34.144643719452084,-118.54255925767897,380.60373,637.1616,49856.96,30.0,Palisades
2025-01-11 08:36:17.237581056,34.11853599500932,-118.52199548498274,921.4291,586.6748,199136.0,30.0,Palisades
2025-01-11 08:36:17.237581056,34.12108630986287,-118.55974309543153,572.2011,575.19305,140229.31,30.0,Palisades
2025-01-11 08:36:17.237581056,34.144643719452084,-118.54255925767897,428.08453,648.4786,50649.7,30.0,Palisades
2025-01-11 08:41:17.237503104,34.092446994292104,-118.50148076618906,297.54538,562.3379,84493.6,30.0,Palisades
2025-01-11 08:41:17.237503104,34.14719909896778,-118.58034250281736,324.16342,,,33.0,Palisades
2025-01-11 08:41:17.237503104,34.144643719452084,-118.54255925767897,492.60468,702.2616,37599.98,30.0,Palisades
2025-01-11 08:41:17.237503104,34.12108630986287,-118.55974309543153,818.1309,628.9211,115654.38,30.0,Palisades
2025-01-11 08:41:17.237503104,34.11853599500932,-118.52199548498274,1059.3738,592.2783,215661.58,30.0,Palisades
2025-01-11 08:46:17.237416960,34.14719909896778,-118.58034250281736,288.2577,,,33.0,Palisades
2025-01-11 08:46:17.237416960,34.144643719452084,-118.54255925767897,371.51065,616.3406,59186.9,30.0,Palisades
2025-01-11 08:46:17.237416960,34.11853599500932,-118.52199548498274,1016.405,591.0697,209502.6,30.0,Palisades
2025-01-11 08:46:17.237416960,34.12108630986287,-118.55974309543153,739.7172,622.4935,111141.86,30.0,Palisades
2025-01-11 08:51:17.237331072,34.144643719452084,-118.54255925767897,451.4701,655.6753,50161.86,30.0,Palisades
2025-01-11 08:51:17.237331072,34.12108630986287,-118.55974309543153,575.89966,598.4862,109861.28,30.0,Palisades
2025-01-11 08:51:17.237331072,34.11853599500932,-118.52199548498274,927.95544,577.006,222857.22,30.0,Palisades
2025-01-11 08:56:17.239054976,34.12108630986287,-118.55974309543153,555.7178,568.1062,147607.9,30.0,Palisades
2025-01-11 08:56:17.239054976,34.144643719452084,-118.54255925767897,460.27554,653.75244,51991.258,30.0,Palisades
2025-01-11 08:56:17.239054976,34.11853599500932,-118.52199548498274,921.12335,581.67554,210173.38,30.0,Palisades
2025-01-11 09:01:17.238982016,34.11853599500932,-118.52199548498274,1000.4383,588.6525,211575.92,30.0,Palisades
2025-01-11 09:01:17.238982016,34.144643719452084,-118.54255925767897,463.26834,679.90234,42051.52,30.0,Palisades
2025-01-11 09:01:17.238982016,34.12108630986287,-118.55974309543153,649.7723,601.6725,119922.98,30.0,Palisades
2025-01-11 09:06:17.238917888,34.12108630986287,-118.55974309543153,674.2517,606.67175,118276.516,30.0,Palisades
2025-01-11 09:06:17.238917888,34.144643719452084,-118.54255925767897,449.36267,648.973,52905.96,30.0,Palisades
2025-01-11 09:06:17.238917888,34.14719909896778,-118.58034250281736,319.8403,,,33.0,Palisades
2025-01-11 09:06:17.238917888,34.11853599500932,-118.52199548498274,953.04767,587.16925,204807.14,30.0,Palisades
2025-01-11 09:11:17.238860928,34.144643719452084,-118.54255925767897,391.5798,627.0532,56320.84,30.0,Palisades
2025-01-11 09:11:17.238860928,34.11853599500932,-118.52199548498274,1187.8325,614.4728,192855.06,30.0,Palisades
2025-01-11 09:11:17.238860928,34.12108630986287,-118.55974309543153,877.59436,663.751,91018.46,30.0,Palisades
2025-01-11 09:16:17.238813952,34.14719909896778,-118.58034250281736,284.50656,,,33.0,Palisades
2025-01-11 09:16:17.238813952,34.11853599500932,-118.52199548498274,1411.0519,642.6553,175841.64,30.0,Palisades
2025-01-11 09:16:17.238813952,34.144643719452084,-118.54255925767897,403.98114,651.9945,46320.12,30.0,Palisades
2025-01-11 09:16:17.238813952,34.12108630986287,-118.55974309543153,941.8783,691.9335,77785.8,30.0,Palisades
2025-01-11 09:21:17.240578048,34.11853599500932,-118.52199548498274,809.96155,574.5338,200050.7,30.0,Palisades
2025-01-11 09:21:17.240578048,34.12108630986287,-118.55974309543153,603.0792,614.5277,97848.22,30.0,Palisades
2025-01-11 09:21:17.240578048,34.144643719452084,-118.54255925767897,410.57736,654.41174,46137.18,30.0,Palisades
2025-01-11 09:21:17.240578048,34.14719909896778,-118.58034250281736,324.14935,,,33.0,Palisades
2025-01-11 09:26:17.240537984,34.144643719452084,-118.54255925767897,374.0779,623.6472,55589.08,30.0,Palisades
2025-01-11 09:26:17.240537984,34.11853599500932,-118.52199548498274,822.1539,592.16846,167487.38,30.0,Palisades
2025-01-11 09:26:17.240537984,34.12108630986287,-118.55974309543153,528.61383,600.07935,99189.78,30.0,Palisades
2025-01-11 09:31:17.240489984,34.144643719452084,-118.54255925767897,351.12366,636.22766,46381.1,30.0,Palisades
2025-01-11 09:31:17.240489984,34.14719909896778,-118.58034250281736,280.49612,,,33.0,Palisades
2025-01-11 09:31:17.240489984,34.12108630986287,-118.55974309543153,516.96704,581.5657,118093.58,30.0,Palisades
2025-01-11 09:31:17.240489984,34.11853599500932,-118.52199548498274,653.87866,561.1842,188220.58,30.0,Palisades
2025-01-11 09:36:17.240440960,34.12108630986287,-118.55974309543153,657.72723,625.4601,96018.82,30.0,Palisades
2025-01-11 09:36:17.240440960,34.11853599500932,-118.52199548498274,826.62537,583.32367,185171.58,30.0,Palisades
2025-01-11 09:41:17.240398976,34.12108630986287,-118.55974309543153,655.99426,627.2181,94189.42,30.0,Palisades
2025-01-11 09:41:17.240398976,34.11853599500932,-118.52199548498274,740.6683,569.5895,193403.88,30.0,Palisades
2025-01-11 09:46:17.240363904,34.11853599500932,-118.52199548498274,659.26764,555.9652,201941.08,30.0,Palisades
2025-01-11 09:46:17.240363904,34.12108630986287,-118.55974309543153,598.7409,592.2783,121874.336,30.0,Palisades
2025-01-11 09:51:17.242141952,34.12108630986287,-118.55974309543153,526.4655,573.59985,131387.22,30.0,Palisades
2025-01-11 09:51:17.242141952,34.11853599500932,-118.52199548498274,667.51794,558.9867,197184.64,30.0,Palisades
2025-01-11 09:56:17.242125952,34.12108630986287,-118.55974309543153,631.83167,602.00214,116203.195,30.0,Palisades
2025-01-11 09:56:17.242125952,34.11853599500932,-118.52199548498274,752.8705,565.9637,204990.08,30.0,Palisades
2025-01-11 09:56:17.242125952,34.144643719452084,-118.54255925767897,318.3493,624.03174,47112.86,30.0,Palisades
2025-01-11 10:01:17.242112000,34.12108630986287,-118.55974309543153,518.05255,576.67633,124923.336,30.0,Palisades
2025-01-11 10:01:17.242112000,34.11853599500932,-118.52199548498274,616.6405,542.50574,222796.23,30.0,Palisades
2025-01-11 10:01:17.242112000,34.144643719452084,-118.54255925767897,308.61102,,,33.0,Palisades
2025-01-11 10:06:17.242089088,34.11853599500932,-118.52199548498274,574.7427,533.0017,234626.36,30.0,Palisades
2025-01-11 10:06:17.242089088,34.144643719452084,-118.54255925767897,274.27316,,,33.0,Palisades
2025-01-11 10:06:17.242089088,34.12108630986287,-118.55974309543153,453.1746,562.8872,127850.38,30.0,Palisades
2025-01-11 10:11:17.242063104,34.144643719452084,-118.54255925767897,285.2528,,,33.0,Palisades
2025-01-11 10:11:17.242063104,34.12108630986287,-118.55974309543153,459.4105,564.75507,126874.695,30.0,Palisades
2025-01-11 10:11:17.242063104,34.11853599500932,-118.52199548498274,562.6284,533.8807,227064.84,30.0,Palisades
2025-01-11 10:16:17.243846016,34.144643719452084,-118.54255925767897,265.45724,585.96063,57784.36,30.0,Palisades
2025-01-11 10:16:17.243846016,34.11853599500932,-118.52199548498274,831.90765,586.72974,179622.4,30.0,Palisades
2025-01-11 10:16:17.243846016,34.12108630986287,-118.55974309543153,584.861,598.1016,111995.58,30.0,Palisades
2025-01-11 10:21:17.243835008,34.14719909896778,-118.58034250281736,316.22656,,,33.0,Palisades
2025-01-11 10:21:17.243835008,34.144643719452084,-118.54255925767897,549.3394,735.11365,33087.46,30.0,Palisades
2025-01-11 10:21:17.243835008,34.11853599500932,-118.52199548498274,838.7876,582.6095,189440.17,30.0,Palisades
2025-01-11 10:21:17.243835008,34.12108630986287,-118.55974309543153,549.55695,569.04016,144436.94,30.0,Palisades
2025-01-11 10:26:17.243832960,34.14719909896778,-118.58034250281736,603.9545,,,33.0,Palisades
2025-01-11 10:26:17.243832960,34.12108630986287,-118.55974309543153,801.253,618.0986,125533.14,30.0,Palisades
2025-01-11 10:26:17.243832960,34.11853599500932,-118.52199548498274,1239.2937,633.6456,167670.31,30.0,Palisades
2025-01-11 10:26:17.243832960,34.144643719452084,-118.54255925767897,1000.5759,862.2372,28513.959,30.0,Palisades
2025-01-11 10:31:17.243836032,34.12108630986287,-118.55974309543153,897.7648,661.16895,95165.1,30.0,Palisades
2025-01-11 10:31:17.243836032,34.144643719452084,-118.54255925767897,923.34845,786.9739,39795.258,30.0,Palisades
2025-01-11 10:31:17.243836032,34.14719909896778,-118.58034250281736,616.84766,,,33.0,Palisades
2025-01-11 10:31:17.243836032,34.11853599500932,-118.52199548498274,1300.0377,635.3487,173097.53,30.0,Palisades
2025-01-11 10:36:17.243828096,34.11853599500932,-118.52199548498274,1278.9536,645.0176,156023.14,30.0,Palisades
2025-01-11 10:36:17.243828096,34.144643719452084,-118.54255925767897,697.1653,750.1114,37965.86,30.0,Palisades
2025-01-11 10:36:17.243828096,34.14719909896778,-118.58034250281736,505.3113,,,33.0,Palisades
2025-01-11 10:36:17.243828096,34.12108630986287,-118.55974309543153,917.3446,672.54083,88457.3,30.0,Palisades
2025-01-11 10:41:17.243819904,34.14719909896778,-118.58034250281736,579.0789,,,33.0,Palisades
2025-01-11 10:41:17.243819904,34.144643719452084,-118.54255925767897,1119.6853,882.1242,28879.84,30.0,Palisades
2025-01-11 10:41:17.243819904,34.11853599500932,-118.52199548498274,1252.8368,653.0383,142363.62,30.0,Palisades
2025-01-11 10:41:17.243819904,34.12108630986287,-118.55974309543153,720.36096,609.2538,123154.92,30.0,Palisades
2025-01-11 10:46:17.245623040,34.11853599500932,-118.52199548498274,1731.8782,695.11975,139497.56,30.0,Palisades
2025-01-11 10:46:17.245623040,34.14719909896778,-118.58034250281736,908.87024,,,33.0,Palisades
2025-01-11 10:46:17.245623040,34.144643719452084,-118.54255925767897,1528.4832,1004.633,23452.62,30.0,Palisades
2025-01-11 10:46:17.245623040,34.12108630986287,-118.55974309543153,1075.9182,662.1578,113093.22,30.0,Palisades
2025-01-11 10:51:17.245630976,34.12108630986287,-118.55974309543153,1254.1835,724.95044,81078.72,30.0,Palisades
2025-01-11 10:51:17.245630976,34.144643719452084,-118.54255925767897,1433.9755,985.2953,23696.54,30.0,Palisades
2025-01-11 10:51:17.245630976,34.14719909896778,-118.58034250281736,1099.2506,,,33.0,Palisades
2025-01-11 10:51:17.245630976,34.092446994292104,-118.50148076618906,302.41492,545.74695,104860.92,30.0,Palisades
2025-01-11 10:51:17.245630976,34.11853599500932,-118.52199548498274,1648.4794,659.85046,176695.36,30.0,Palisades
2025-01-11 10:56:17.245649024,34.14719909896778,-118.58034250281736,450.90952,,,33.0,Palisades
2025-01-11 10:56:17.245649024,34.144643719452084,-118.54255925767897,758.5984,740.937,43880.918,30.0,Palisades
2025-01-11 10:56:17.245649024,34.11853599500932,-118.52199548498274,1787.9185,722.1486,117910.64,30.0,Palisades
2025-01-11 10:56:17.245649024,34.12108630986287,-118.55974309543153,975.6816,692.3729,80285.98,30.0,Palisades
2025-01-11 11:01:17.245661056,34.092446994292104,-118.50148076618906,326.8513,557.00903,98884.88,30.0,Palisades
2025-01-11 11:01:17.245661056,34.11853599500932,-118.52199548498274,1871.1965,714.07294,130838.4,30.0,Palisades
2025-01-11 11:01:17.245661056,34.12108630986287,-118.55974309543153,1145.7947,731.5978,70712.12,30.0,Palisades
2025-01-11 11:01:17.245661056,34.144643719452084,-118.54255925767897,752.9386,711.7656,53515.758,30.0,Palisades
2025-01-11 11:01:17.245661056,34.14719909896778,-118.58034250281736,492.56616,,,33.0,Palisades
2025-01-11 11:06:17.245668096,34.14719909896778,-118.58034250281736,685.89355,,,33.0,Palisades
2025-01-11 11:06:17.245668096,34.144643719452084,-118.54255925767897,948.0598,757.6377,49125.2,30.0,Palisades
2025-01-11 11:06:17.245668096,34.11853599500932,-118.52199548498274,1807.1194,699.5697,140717.16,30.0,Palisades
2025-01-11 11:06:17.245668096,34.12108630986287,-118.55974309543153,1275.8302,738.5198,75041.7,30.0,Palisades
2025-01-11 11:11:17.245680000,34.11853599500932,-118.52199548498274,1266.9978,652.04944,145290.66,30.0,Palisades
2025-01-11 11:11:17.245680000,34.12108630986287,-118.55974309543153,808.83167,634.1401,108885.6,30.0,Palisades
2025-01-11 11:11:17.245680000,34.144643719452084,-118.54255925767897,1041.2191,803.1802,40831.918,30.0,Palisades
2025-01-11 11:11:17.245680000,34.14719909896778,-118.58034250281736,641.37616,,,33.0,Palisades
2025-01-11 11:16:17.247504896,34.11853599500932,-118.52199548498274,1081.8173,606.23224,190598.8,30.0,Palisades
2025-01-11 11:16:17.247504896,34.12108630986287,-118.55974309543153,609.5017,631.9426,83700.86,30.0,Palisades
2025-01-11 11:16:17.247504896,34.144643719452084,-118.54255925767897,880.25305,772.5255,41502.7,30.0,Palisades
2025-01-11 11:16:17.247504896,34.14719909896778,-118.58034250281736,489.07947,,,33.0,Palisades
2025-01-11 11:21:17.247534080,34.144643719452084,-118.54255925767897,693.5618,724.45593,44978.56,30.0,Palisades
2025-01-11 11:21:17.247534080,34.092446994292104,-118.50148076618906,377.6273,567.22723,101263.1,30.0,Palisades
2025-01-11 11:21:17.247534080,34.14719909896778,-118.58034250281736,446.32935,,,33.0,Palisades
2025-01-11 11:21:17.247534080,34.11853599500932,-118.52199548498274,1001.0995,578.98364,235297.14,30.0,Palisades
2025-01-11 11:21:17.247534080,34.12108630986287,-118.55974309543153,709.3877,622.6583,106324.44,30.0,Palisades
2025-01-11 11:26:17.247555072,34.092446994292104,-118.50148076618906,312.4793,535.309,123764.72,30.0,Palisades
2025-01-11 11:26:17.247555072,34.14719909896778,-118.58034250281736,353.26834,,,33.0,Palisades
2025-01-11 11:26:17.247555072,34.11853599500932,-118.52199548498274,1038.555,588.70746,219564.3,30.0,Palisades
2025-01-11 11:26:17.247555072,34.12108630986287,-118.55974309543153,681.1819,624.5262,100348.4,30.0,Palisades
2025-01-11 11:26:17.247555072,34.144643719452084,-118.54255925767897,552.56116,647.43475,65955.68,30.0,Palisades
2025-01-11 11:31:17.247572992,34.14719909896778,-118.58034250281736,280.18918,,,33.0,Palisades
2025-01-11 11:31:17.247572992,34.144643719452084,-118.54255925767897,503.25858,668.42053,50222.84,30.0,Palisades
2025-01-11 11:31:17.247572992,34.12108630986287,-118.55974309543153,586.0136,602.27686,107483.06,30.0,Palisades
2025-01-11 11:31:17.247572992,34.11853599500932,-118.52199548498274,917.87604,567.3371,245968.64,30.0,Palisades
2025-01-11 11:31:17.247572992,34.092446994292104,-118.50148076618906,384.01132,560.0305,111995.58,30.0,Palisades
2025-01-11 11:36:17.247596928,34.144643719452084,-118.54255925767897,321.87286,578.98364,75651.5,30.0,Palisades
2025-01-11 11:36:17.247596928,34.092446994292104,-118.50148076618906,545.8895,619.41705,84432.62,30.0,Palisades
2025-01-11 11:36:17.247596928,34.12108630986287,-118.55974309543153,548.8107,589.8062,114678.695,30.0,Palisades
2025-01-11 11:36:17.247596928,34.11853599500932,-118.52199548498274,1011.0741,589.47656,211941.8,30.0,Palisades
2025-01-11 11:36:17.247596928,34.09499226178677,-118.53919286962353,334.0028,581.6206,76200.32,30.0,Palisades
2025-01-11 11:41:17.249433984,34.092446994292104,-118.50148076618906,446.13858,581.6206,101811.92,30.0,Palisades
2025-01-11 11:41:17.249433984,34.11853599500932,-118.52199548498274,1060.434,597.2776,204746.16,30.0,Palisades
2025-01-11 11:41:17.249433984,34.12108630986287,-118.55974309543153,587.93695,565.68896,160535.66,30.0,Palisades
2025-01-11 11:41:17.249433984,34.14719909896778,-118.58034250281736,312.43393,,,33.0,Palisades
2025-01-11 11:41:17.249433984,34.144643719452084,-118.54255925767897,736.58685,709.7329,53149.88,30.0,Palisades
2025-01-11 11:46:17.249473024,34.144643719452084,-118.54255925767897,886.6491,742.2555,50832.64,30.0,Palisades
2025-01-11 11:46:17.249473024,34.14719909896778,-118.58034250281736,384.81744,,,33.0,Palisades
2025-01-11 11:46:17.249473024,34.11853599500932,-118.52199548498274,1184.3076,598.4313,226028.17,30.0,Palisades
2025-01-11 11:46:17.249473024,34.12108630986287,-118.55974309543153,662.52527,604.74896,118520.44,30.0,Palisades
2025-01-11 11:46:17.249473024,34.092446994292104,-118.50148076618906,392.2705,556.5695,119313.18,30.0,Palisades
2025-01-11 11:51:17.249502976,34.14719909896778,-118.58034250281736,438.17,,,33.0,Palisades
2025-01-11 11:51:17.249502976,34.144643719452084,-118.54255925767897,1276.9917,838.55945,41136.82,30.0,Palisades
2025-01-11 11:51:17.249502976,34.11853599500932,-118.52199548498274,1779.6857,650.8408,206270.66,30.0,Palisades
2025-01-11 11:51:17.249502976,34.12108630986287,-118.55974309543153,775.9492,654.137,87359.66,30.0,Palisades
2025-01-11 11:51:17.249502976,34.09499226178677,-118.53919286962353,289.52698,545.1427,101202.12,30.0,Palisades
2025-01-11 11:51:17.249502976,34.092446994292104,-118.50148076618906,530.1194,581.51074,121142.58,30.0,Palisades
2025-01-11 11:56:17.249528960,34.144643719452084,-118.54255925767897,891.52594,780.1068,40100.16,30.0,Palisades
2025-01-11 11:56:17.249528960,34.092446994292104,-118.50148076618906,546.9977,597.9368,104921.9,30.0,Palisades
2025-01-11 11:56:17.249528960,34.14719909896778,-118.58034250281736,308.56476,,,33.0,Palisades
2025-01-11 11:56:17.249528960,34.11853599500932,-118.52199548498274,1135.117,590.46545,235541.06,30.0,Palisades
2025-01-11 11:56:17.249528960,34.12108630986287,-118.55974309543153,580.8735,604.91376,103763.28,30.0,Palisades
2025-01-11 11:56:17.249528960,34.09499226178677,-118.53919286962353,315.27045,556.0751,96384.7,30.0,Palisades
2025-01-11 12:01:17.249563008,34.09499226178677,-118.53919286962353,388.60254,576.6214,93701.58,30.0,Palisades
2025-01-11 12:01:17.249563008,34.11853599500932,-118.52199548498274,1100.5703,603.97986,198404.23,30.0,Palisades
2025-01-11 12:01:17.249563008,34.144643719452084,-118.54255925767897,662.0612,728.1367,41868.58,30.0,Palisades
2025-01-11 12:01:17.249563008,34.092446994292104,-118.50148076618906,612.086,614.3629,99494.68,30.0,Palisades
2025-01-11 12:01:17.249563008,34.12108630986287,-118.55974309543153,493.3742,562.5027,139802.45,30.0,Palisades
2025-01-11 12:06:17.249606016,34.11853599500932,-118.52199548498274,1100.1139,607.331,191696.44,30.0,Palisades
2025-01-11 12:06:17.249606016,34.09499226178677,-118.53919286962353,459.9454,602.99097,83761.836,30.0,Palisades
2025-01-11 12:06:17.249606016,34.12108630986287,-118.55974309543153,580.1312,585.6859,126691.76,30.0,Palisades
2025-01-11 12:06:17.249606016,34.092446994292104,-118.50148076618906,980.202,651.88464,112544.4,30.0,Palisades
2025-01-11 12:11:17.251449984,34.11853599500932,-118.52199548498274,823.4483,562.3379,233833.62,30.0,Palisades
2025-01-11 12:11:17.251449984,34.092446994292104,-118.50148076618906,676.5525,609.19885,115715.36,30.0,Palisades
2025-01-11 12:11:17.251449984,34.12108630986287,-118.55974309543153,551.5813,577.3356,131997.02,30.0,Palisades
2025-01-11 12:11:17.251449984,34.144643719452084,-118.54255925767897,382.7464,,,33.0,Palisades
2025-01-11 12:11:17.251449984,34.09499226178677,-118.53919286962353,357.9256,557.55835,107483.06,30.0,Palisades
2025-01-11 12:16:17.251483008,34.12108630986287,-118.55974309543153,557.8227,598.4313,106446.4,30.0,Palisades
2025-01-11 12:16:17.251483008,34.092446994292104,-118.50148076618906,503.77396,555.85535,154437.66,30.0,Palisades
2025-01-11 12:16:17.251483008,34.11853599500932,-118.52199548498274,873.4734,579.3133,204502.23,30.0,Palisades
2025-01-11 12:16:17.251483008,34.09499226178677,-118.53919286962353,342.1767,550.7462,111629.695,30.0,Palisades
2025-01-11 12:21:17.251517056,34.09499226178677,-118.53919286962353,328.24,551.7351,105775.62,30.0,Palisades
2025-01-11 12:21:17.251517056,34.11853599500932,-118.52199548498274,945.8046,588.70746,199928.73,30.0,Palisades
2025-01-11 12:21:17.251517056,34.092446994292104,-118.50148076618906,521.4353,559.48114,153096.1,30.0,Palisades
2025-01-11 12:21:17.251517056,34.12108630986287,-118.55974309543153,555.49744,608.1001,96018.82,30.0,Palisades
2025-01-11 12:26:17.251561088,34.12108630986287,-118.55974309543153,524.07904,591.5092,107544.04,30.0,Palisades
2025-01-11 12:26:17.251561088,34.09499226178677,-118.53919286962353,344.45523,550.8561,112178.516,30.0,Palisades
2025-01-11 12:26:17.251561088,34.11853599500932,-118.52199548498274,837.0779,570.029,217490.98,30.0,Palisades
2025-01-11 12:26:17.251561088,34.092446994292104,-118.50148076618906,572.4038,567.1723,153644.92,30.0,Palisades
2025-01-11 12:31:17.251606016,34.09499226178677,-118.53919286962353,399.31674,563.76624,111507.74,30.0,Palisades
2025-01-11 12:31:17.251606016,34.12108630986287,-118.55974309543153,382.05362,527.06854,168646.0,30.0,Palisades
2025-01-11 12:31:17.251606016,34.11853599500932,-118.52199548498274,792.936,563.931,221027.81,30.0,Palisades
2025-01-11 12:31:17.251606016,34.092446994292104,-118.50148076618906,680.6899,607.27606,118703.38,30.0,Palisades
2025-01-11 12:36:17.253444992,34.12108630986287,-118.55974309543153,399.56735,530.5845,168341.1,30.0,Palisades
2025-01-11 12:36:17.253444992,34.11853599500932,-118.52199548498274,754.57574,551.8999,242675.72,30.0,Palisades
2025-01-11 12:36:17.253444992,34.092446994292104,-118.50148076618906,901.5537,642.3806,112605.38,30.0,Palisades
2025-01-11 12:36:17.253444992,34.09499226178677,-118.53919286962353,583.90436,613.04443,96140.78,30.0,Palisades
2025-01-11 12:41:17.253479936,34.11853599500932,-118.52199548498274,826.7874,574.42395,204380.28,30.0,Palisades
2025-01-11 12:41:17.253479936,34.09499226178677,-118.53919286962353,450.8417,567.22723,120959.64,30.0,Palisades
2025-01-11 12:41:17.253479936,34.092446994292104,-118.50148076618906,768.2973,604.69403,137485.22,30.0,Palisades
2025-01-11 12:41:17.253479936,34.12108630986287,-118.55974309543153,577.3968,579.3133,135107.0,30.0,Palisades
2025-01-11 12:46:17.253522944,34.092446994292104,-118.50148076618906,906.4447,610.4075,153218.06,30.0,Palisades
2025-01-11 12:46:17.253522944,34.09499226178677,-118.53919286962353,530.3201,588.213,112727.336,30.0,Palisades
2025-01-11 12:46:17.253522944,34.12108630986287,-118.55974309543153,651.9566,621.23,99128.8,30.0,Palisades
2025-01-11 12:46:17.253522944,34.11853599500932,-118.52199548498274,938.4401,581.18115,215295.7,30.0,Palisades
2025-01-11 12:51:17.253569920,34.12108630986287,-118.55974309543153,548.93915,600.6287,102360.74,30.0,Palisades
2025-01-11 12:51:17.253569920,34.092446994292104,-118.50148076618906,922.677,611.72595,153888.84,30.0,Palisades
2025-01-11 12:51:17.253569920,34.09499226178677,-118.53919286962353,615.4484,615.2419,99128.8,30.0,Palisades
2025-01-11 12:51:17.253569920,34.11853599500932,-118.52199548498274,1041.073,594.4209,207063.4,30.0,Palisades
2025-01-11 12:56:17.253607936,34.12108630986287,-118.55974309543153,443.96863,549.48267,147120.06,30.0,Palisades
2025-01-11 12:56:17.253607936,34.11853599500932,-118.52199548498274,894.516,579.3682,209197.7,30.0,Palisades
2025-01-11 12:56:17.253607936,34.092446994292104,-118.50148076618906,916.1385,630.5692,127484.5,30.0,Palisades
2025-01-11 12:56:17.253607936,34.09499226178677,-118.53919286962353,621.122,615.9011,99433.7,30.0,Palisades
2025-01-11 13:01:17.253644032,34.12108630986287,-118.55974309543153,425.43225,531.6283,176756.34,30.0,Palisades
2025-01-11 13:01:17.253644032,34.09499226178677,-118.53919286962353,597.2817,627.93225,85164.38,30.0,Palisades
2025-01-11 13:01:17.253644032,34.092446994292104,-118.50148076618906,1087.1276,646.1163,131326.25,30.0,Palisades
2025-01-11 13:01:17.253644032,34.11853599500932,-118.52199548498274,703.8268,547.17535,239931.62,30.0,Palisades
2025-01-11 13:06:17.255489920,34.09499226178677,-118.53919286962353,642.97455,608.8143,110349.12,30.0,Palisades
2025-01-11 13:06:17.255489920,34.092446994292104,-118.50148076618906,1112.9294,646.50085,134009.36,30.0,Palisades
2025-01-11 13:06:17.255489920,34.11853599500932,-118.52199548498274,862.8308,560.3052,250908.02,30.0,Palisades
2025-01-11 13:06:17.255489920,34.12108630986287,-118.55974309543153,492.992,590.24567,102482.7,30.0,Palisades
2025-01-11 13:11:17.255538048,34.092446994292104,-118.50148076618906,921.6003,609.8581,156571.95,30.0,Palisades
2025-01-11 13:11:17.255538048,34.09499226178677,-118.53919286962353,657.7456,621.17505,100043.5,30.0,Palisades
2025-01-11 13:11:17.255538048,34.12108630986287,-118.55974309543153,487.58905,574.3141,120715.72,30.0,Palisades
2025-01-11 13:11:17.255538048,34.11853599500932,-118.52199548498274,925.66046,586.6748,199989.72,30.0,Palisades
2025-01-11 13:16:17.255579008,34.12108630986287,-118.55974309543153,464.9313,577.3356,111263.82,30.0,Palisades
2025-01-11 13:16:17.255579008,34.11853599500932,-118.52199548498274,925.5024,589.147,194684.45,30.0,Palisades
2025-01-11 13:16:17.255579008,34.09499226178677,-118.53919286962353,545.7675,590.4105,113276.16,30.0,Palisades
2025-01-11 13:16:17.255579008,34.092446994292104,-118.50148076618906,983.81287,610.2976,166450.72,30.0,Palisades
2025-01-11 13:21:17.255614976,34.12108630986287,-118.55974309543153,354.18292,534.1004,142485.58,30.0,Palisades
2025-01-11 13:21:17.255614976,34.09499226178677,-118.53919286962353,527.1913,598.59607,100470.36,30.0,Palisades
2025-01-11 13:21:17.255614976,34.11853599500932,-118.52199548498274,617.6451,522.94824,287983.84,30.0,Palisades
2025-01-11 13:21:17.255614976,34.092446994292104,-118.50148076618906,951.51105,615.6814,152669.23,30.0,Palisades
2025-01-11 13:26:17.255656064,34.092446994292104,-118.50148076618906,816.8487,597.1677,157913.52,30.0,Palisades
2025-01-11 13:26:17.255656064,34.12108630986287,-118.55974309543153,368.0893,533.1116,149986.12,30.0,Palisades
2025-01-11 13:26:17.255656064,34.11853599500932,-118.52199548498274,557.24854,513.4442,296216.16,30.0,Palisades
2025-01-11 13:26:17.255656064,34.09499226178677,-118.53919286962353,455.66714,574.75354,112239.5,30.0,Palisades
2025-01-11 13:31:17.255704064,34.092446994292104,-118.50148076618906,714.09973,580.9614,164133.48,30.0,Palisades
2025-01-11 13:31:17.255704064,34.09499226178677,-118.53919286962353,399.42575,543.11005,143217.34,30.0,Palisades
2025-01-11 13:31:17.255704064,34.12108630986287,-118.55974309543153,407.89978,542.72546,146937.12,30.0,Palisades
2025-01-11 13:31:17.255704064,34.11853599500932,-118.52199548498274,638.1595,547.2303,217369.02,30.0,Palisades
2025-01-11 13:36:17.257549056,34.092446994292104,-118.50148076618906,703.62756,576.2368,170475.4,30.0,Palisades
2025-01-11 13:36:17.257549056,34.11853599500932,-118.52199548498274,834.3484,566.4581,225845.23,30.0,Palisades
2025-01-11 13:36:17.257549056,34.12108630986287,-118.55974309543153,456.51392,572.83075,114861.64,30.0,Palisades
2025-01-11 13:36:17.257549056,34.09499226178677,-118.53919286962353,458.84033,570.1938,119008.28,30.0,Palisades
2025-01-11 13:41:17.257581056,34.11853599500932,-118.52199548498274,704.57965,547.0105,240602.39,30.0,Palisades
2025-01-11 13:41:17.257581056,34.12108630986287,-118.55974309543153,499.77133,568.3259,132362.9,30.0,Palisades
2025-01-11 13:41:17.257581056,34.092446994292104,-118.50148076618906,761.2586,592.2783,154925.5,30.0,Palisades
2025-01-11 13:41:17.257581056,34.09499226178677,-118.53919286962353,415.0329,560.9095,119801.016,30.0,Palisades
2025-01-11 13:46:17.257617024,34.092446994292104,-118.50148076618906,710.27386,583.48846,158828.22,30.0,Palisades
2025-01-11 13:46:17.257617024,34.09499226178677,-118.53919286962353,504.83762,579.1485,118398.48,30.0,Palisades
2025-01-11 13:46:17.257617024,34.11853599500932,-118.52199548498274,700.74023,548.49384,234992.23,30.0,Palisades
2025-01-11 13:46:17.257617024,34.12108630986287,-118.55974309543153,392.98532,549.9771,129435.86,30.0,Palisades
2025-01-11 13:51:17.257660032,34.09499226178677,-118.53919286962353,430.72702,558.71204,127606.46,30.0,Palisades
2025-01-11 13:51:17.257660032,34.11853599500932,-118.52199548498274,703.84546,561.84344,201026.38,30.0,Palisades
2025-01-11 13:51:17.257660032,34.12108630986287,-118.55974309543153,380.44925,533.1116,154986.48,30.0,Palisades
2025-01-11 13:51:17.257660032,34.092446994292104,-118.50148076618906,696.88275,583.9829,154986.48,30.0,Palisades
2025-01-11 13:56:17.257700992,34.12108630986287,-118.55974309543153,390.04935,528.6617,168463.06,30.0,Palisades
2025-01-11 13:56:17.257700992,34.092446994292104,-118.50148076618906,863.4472,609.2538,147607.9,30.0,Palisades
2025-01-11 13:56:17.257700992,34.09499226178677,-118.53919286962353,499.80478,580.467,115532.42,30.0,Palisades
2025-01-11 13:56:17.257700992,34.11853599500932,-118.52199548498274,626.31006,541.2422,229808.94,30.0,Palisades
2025-01-11 14:01:17.259534976,34.12108630986287,-118.55974309543153,334.98373,513.2245,178646.72,30.0,Palisades
2025-01-11 14:01:17.259534976,34.09499226178677,-118.53919286962353,574.10834,611.50616,95957.836,30.0,Palisades
2025-01-11 14:01:17.259534976,34.092446994292104,-118.50148076618906,1041.9363,625.1305,152608.27,30.0,Palisades
2025-01-11 14:01:17.259534976,34.11853599500932,-118.52199548498274,571.1008,534.8695,227369.73,30.0,Palisades
2025-01-11 14:06:17.259565952,34.12108630986287,-118.55974309543153,402.69012,562.17303,114556.74,30.0,Palisades
2025-01-11 14:06:17.259565952,34.11853599500932,-118.52199548498274,676.64777,552.55914,215844.52,30.0,Palisades
2025-01-11 14:06:17.259565952,34.09499226178677,-118.53919286962353,492.87323,569.3148,129069.98,30.0,Palisades
2025-01-11 14:06:17.259565952,34.092446994292104,-118.50148076618906,778.9401,594.53076,154864.52,30.0,Palisades
2025-01-11 14:11:17.259603968,34.092446994292104,-118.50148076618906,915.0138,613.26416,150291.02,30.0,Palisades
2025-01-11 14:11:17.259603968,34.09499226178677,-118.53919286962353,535.65186,575.0282,131509.19,30.0,Palisades
2025-01-11 14:11:17.259603968,34.12108630986287,-118.55974309543153,473.27277,569.69934,123398.836,30.0,Palisades
2025-01-11 14:11:17.259603968,34.11853599500932,-118.52199548498274,653.61523,555.30597,201758.14,30.0,Palisades
2025-01-11 14:16:17.259643008,34.12108630986287,-118.55974309543153,365.54144,551.1857,118581.42,30.0,Palisades
2025-01-11 14:16:17.259643008,34.11853599500932,-118.52199548498274,669.62494,556.23987,204380.28,30.0,Palisades
2025-01-11 14:16:17.259643008,34.092446994292104,-118.50148076618906,940.5514,604.30945,169011.88,30.0,Palisades
2025-01-11 14:16:17.259643008,34.09499226178677,-118.53919286962353,639.27106,610.57227,107848.94,30.0,Palisades
2025-01-11 14:21:17.259670912,34.092446994292104,-118.50148076618906,1583.6516,701.053,121935.32,30.0,Palisades
2025-01-11 14:21:17.259670912,34.11853599500932,-118.52199548498274,641.4553,533.7708,259201.3,30.0,Palisades
2025-01-11 14:21:17.259670912,34.12108630986287,-118.55974309543153,389.20007,548.3839,130655.46,30.0,Palisades
2025-01-11 14:21:17.259670912,34.09499226178677,-118.53919286962353,1090.6725,671.22235,106324.44,30.0,Palisades
2025-01-11 14:26:17.259697024,34.12108630986287,-118.55974309543153,454.79495,532.727,186208.23,30.0,Palisades
2025-01-11 14:26:17.259697024,34.11853599500932,-118.52199548498274,697.52386,555.6356,214381.0,30.0,Palisades
2025-01-11 14:26:17.259697024,34.09499226178677,-118.53919286962353,1322.5895,696.7679,105226.8,30.0,Palisades
2025-01-11 14:26:17.259697024,34.092446994292104,-118.50148076618906,1896.9725,727.03796,120837.68,30.0,Palisades
2025-01-11 14:31:17.261531008,34.11853599500932,-118.52199548498274,767.95984,566.4581,207856.14,30.0,Palisades
2025-01-11 14:31:17.261531008,34.092446994292104,-118.50148076618906,1982.2343,712.26,140412.27,30.0,Palisades
2025-01-11 14:31:17.261531008,34.09499226178677,-118.53919286962353,1365.9689,698.03143,107605.016,30.0,Palisades
2025-01-11 14:31:17.261531008,34.12108630986287,-118.55974309543153,516.4548,544.48346,182000.62,30.0,Palisades
2025-01-11 14:36:17.261564032,34.11853599500932,-118.52199548498274,1064.3137,618.04364,166816.6,30.0,Palisades
2025-01-11 14:36:17.261564032,34.092446994292104,-118.50148076618906,2449.3132,717.3142,167182.48,30.0,Palisades
2025-01-11 14:36:17.261564032,34.09499226178677,-118.53919286962353,1612.7548,709.78784,116325.16,30.0,Palisades
2025-01-11 14:36:17.261564032,34.12108630986287,-118.55974309543153,716.1261,597.6072,137790.12,30.0,Palisades
2025-01-11 14:41:17.261585024,34.092446994292104,-118.50148076618906,2471.3782,711.4909,176085.56,30.0,Palisades
2025-01-11 14:41:17.261585024,34.09499226178677,-118.53919286962353,1497.6215,682.42944,133277.6,30.0,Palisades
2025-01-11 14:41:17.261585024,34.12108630986287,-118.55974309543153,897.99524,639.1943,115471.44,30.0,Palisades
2025-01-11 14:41:17.261585024,34.11853599500932,-118.52199548498274,1081.9631,596.39856,210783.17,30.0,Palisades
2025-01-11 14:46:17.261603968,34.11853599500932,-118.52199548498274,1506.2765,661.2788,159499.0,30.0,Palisades
2025-01-11 14:46:17.261603968,34.12108630986287,-118.55974309543153,1196.3799,706.6565,88335.336,30.0,Palisades
2025-01-11 14:46:17.261603968,34.092446994292104,-118.50148076618906,2278.778,666.22314,231516.38,30.0,Palisades
2025-01-11 14:46:17.261603968,34.066429700418006,-118.48112767526477,491.79648,,,33.0,Palisades
2025-01-11 14:46:17.261603968,34.09499226178677,-118.53919286962353,1605.2789,689.73596,134863.08,30.0,Palisades
2025-01-11 14:46:17.261603968,34.068969962321546,-118.51880459364624,327.02036,569.80927,85164.38,30.0,Palisades
2025-01-11 14:51:17.261627008,34.092446994292104,-118.50148076618906,2482.4805,714.1828,173402.44,30.0,Palisades
2025-01-11 14:51:17.261627008,34.09499226178677,-118.53919286962353,1831.789,683.96765,161023.5,30.0,Palisades
2025-01-11 14:51:17.261627008,34.11853599500932,-118.52199548498274,1025.0562,575.0282,251700.77,30.0,Palisades
2025-01-11 14:51:17.261627008,34.12108630986287,-118.55974309543153,889.44305,626.2842,128887.04,30.0,Palisades
2025-01-11 14:56:17.263456000,34.066429700418006,-118.48112767526477,325.40118,,,33.0,Palisades
2025-01-11 14:56:17.263456000,34.09499226178677,-118.53919286962353,1981.4255,682.59424,176085.56,30.0,Palisades
2025-01-11 14:56:17.263456000,34.11853599500932,-118.52199548498274,1137.6433,596.7282,220966.84,30.0,Palisades
2025-01-11 14:56:17.263456000,34.092446994292104,-118.50148076618906,2624.8086,695.2297,211271.02,30.0,Palisades
2025-01-11 14:56:17.263456000,34.0899051597329,-118.4638093392549,295.16632,,,33.0,Palisades
2025-01-11 14:56:17.263456000,34.12108630986287,-118.55974309543153,962.7443,636.7221,126569.8,30.0,Palisades
2025-01-11 15:01:17.263468928,34.12108630986287,-118.55974309543153,774.1726,578.1047,183647.08,30.0,Palisades
2025-01-11 15:01:17.263468928,34.092446994292104,-118.50148076618906,3434.4236,745.05725,193281.92,30.0,Palisades
2025-01-11 15:01:17.263468928,34.11853599500932,-118.52199548498274,997.3732,590.9049,205904.78,30.0,Palisades
2025-01-11 15:01:17.263468928,34.066429700418006,-118.48112767526477,442.21338,635.67834,58699.06,30.0,Palisades
2025-01-11 15:01:17.263468928,34.09499226178677,-118.53919286962353,2871.6665,733.74023,174561.06,30.0,Palisades
2025-01-11 15:01:17.263468928,34.068969962321546,-118.51880459364624,379.98993,572.1715,96323.72,30.0,Palisades
2025-01-11 15:06:17.263478016,34.066429700418006,-118.48112767526477,429.76233,634.85425,57479.46,30.0,Palisades
2025-01-11 15:06:17.263478016,34.068969962321546,-118.51880459364624,363.687,555.25104,112361.46,30.0,Palisades
2025-01-11 15:06:17.263478016,34.12108630986287,-118.55974309543153,708.14056,567.99634,188342.53,30.0,Palisades
2025-01-11 15:06:17.263478016,34.11853599500932,-118.52199548498274,959.40607,584.0928,213100.42,30.0,Palisades
2025-01-11 15:06:17.263478016,34.09499226178677,-118.53919286962353,2625.148,702.09674,200538.53,30.0,Palisades
2025-01-11 15:06:17.263478016,34.092446994292104,-118.50148076618906,3331.8179,743.6289,189379.2,30.0,Palisades
2025-01-11 15:11:17.263491968,34.11853599500932,-118.52199548498274,741.7721,560.1404,216210.39,30.0,Palisades
2025-01-11 15:11:17.263491968,34.066429700418006,-118.48112767526477,327.9155,,,33.0,Palisades
2025-01-11 15:11:17.263491968,34.092446994292104,-118.50148076618906,2674.6018,674.1889,254383.88,30.0,Palisades
2025-01-11 15:11:17.263491968,34.09499226178677,-118.53919286962353,2174.4033,703.03064,164987.2,30.0,Palisades
2025-01-11 15:11:17.263491968,34.12108630986287,-118.55974309543153,642.28876,555.25104,198343.27,30.0,Palisades
2025-01-11 15:16:17.263507968,34.066429700418006,-118.48112767526477,914.4104,771.31696,43393.08,30.0,Palisades
2025-01-11 15:16:17.263507968,34.068969962321546,-118.51880459364624,662.7237,623.9219,98153.12,30.0,Palisades
2025-01-11 15:16:17.263507968,34.092446994292104,-118.50148076618906,2546.4224,668.91504,252859.38,30.0,Palisades
2025-01-11 15:16:17.263507968,34.11853599500932,-118.52199548498274,909.7839,596.6733,176817.31,30.0,Palisades
2025-01-11 15:16:17.263507968,34.12108630986287,-118.55974309543153,720.6908,592.4981,146266.34,30.0,Palisades
2025-01-11 15:16:17.263507968,34.09499226178677,-118.53919286962353,1824.5905,642.3257,228040.52,30.0,Palisades
2025-01-11 15:21:17.263512960,34.12108630986287,-118.55974309543153,487.34433,548.93335,162548.0,30.0,Palisades
2025-01-11 15:21:17.263512960,34.09499226178677,-118.53919286962353,1875.8595,656.1697,207551.23,30.0,Palisades
2025-01-11 15:21:17.263512960,34.11853599500932,-118.52199548498274,558.49194,514.10345,294264.8,30.0,Palisades
2025-01-11 15:21:17.263512960,34.092446994292104,-118.50148076618906,2215.0745,672.8705,212917.48,30.0,Palisades
2025-01-11 15:26:17.265316992,34.12108630986287,-118.55974309543153,576.19476,574.20416,142729.5,30.0,Palisades
2025-01-11 15:26:17.265316992,34.092446994292104,-118.50148076618906,2515.8315,654.6315,282068.8,30.0,Palisades
2025-01-11 15:26:17.265316992,34.11853599500932,-118.52199548498274,758.8131,583.48846,169682.66,30.0,Palisades
2025-01-11 15:26:17.265316992,34.066429700418006,-118.48112767526477,766.52075,720.995,50954.6,30.0,Palisades
2025-01-11 15:26:17.265316992,34.068969962321546,-118.51880459364624,512.23676,584.80695,112910.28,30.0,Palisades
2025-01-11 15:26:17.265316992,34.09499226178677,-118.53919286962353,1758.0453,669.07983,174378.12,30.0,Palisades
2025-01-11 15:31:17.265321984,34.068969962321546,-118.51880459364624,577.50854,602.112,106141.5,30.0,Palisades
2025-01-11 15:31:17.265321984,34.066429700418006,-118.48112767526477,786.5568,725.0054,50832.64,30.0,Palisades
2025-01-11 15:31:17.265321984,34.092446994292104,-118.50148076618906,2055.9692,630.01984,287617.97,30.0,Palisades
2025-01-11 15:31:17.265321984,34.09499226178677,-118.53919286962353,1548.7202,646.5558,186330.2,30.0,Palisades
2025-01-11 15:31:17.265321984,34.11853599500932,-118.52199548498274,798.752,594.7505,158401.36,30.0,Palisades
2025-01-11 15:31:17.265321984,34.12108630986287,-118.55974309543153,605.955,587.93835,129191.94,30.0,Palisades
2025-01-11 15:36:17.265331968,34.12108630986287,-118.55974309543153,504.70294,594.5857,100287.42,30.0,Palisades
2025-01-11 15:41:17.265333120,34.12108630986287,-118.55974309543153,397.3717,543.8242,141205.0,30.0,Palisades
2025-01-11 15:46:17.265326976,34.12108630986287,-118.55974309543153,420.9646,545.96674,145656.53,30.0,Palisades
2025-01-11 15:46:17.265326976,34.066429700418006,-118.48112767526477,557.72754,700.2289,43210.14,30.0,Palisades
2025-01-11 15:51:17.265323008,34.092446994292104,-118.50148076618906,1495.892,596.2887,291886.56,30.0,Palisades
2025-01-11 15:51:17.265323008,34.12108630986287,-118.55974309543153,285.36395,508.49994,162852.9,30.0,Palisades
2025-01-11 15:51:17.265323008,34.11853599500932,-118.52199548498274,410.13474,501.35815,259567.17,30.0,Palisades
2025-01-11 15:51:17.265323008,34.066429700418006,-118.48112767526477,340.0051,578.04974,80773.82,30.0,Palisades
2025-01-11 15:56:17.267127936,34.092446994292104,-118.50148076618906,1135.0947,562.7224,320913.06,30.0,Palisades
2025-01-11 15:56:17.267127936,34.11853599500932,-118.52199548498274,615.7732,550.8561,200721.48,30.0,Palisades
2025-01-11 15:56:17.267127936,34.12108630986287,-118.55974309543153,425.3536,567.5568,113703.016,30.0,Palisades
2025-01-11 15:56:17.267127936,34.066429700418006,-118.48112767526477,431.98734,645.8416,52296.16,30.0,Palisades
2025-01-11 16:01:17.267127040,34.11853599500932,-118.52199548498274,455.64682,507.40118,264262.62,30.0,Palisades
2025-01-11 16:01:17.267127040,34.092446994292104,-118.50148076618906,1346.651,625.73474,196147.98,30.0,Palisades
2025-01-11 16:01:17.267127040,34.12108630986287,-118.55974309543153,257.70914,488.06348,199684.81,30.0,Palisades
2025-01-11 16:06:17.267115008,34.11853599500932,-118.52199548498274,500.46536,523.168,232857.94,30.0,Palisades
2025-01-11 16:06:17.267115008,34.092446994292104,-118.50148076618906,1235.5391,609.69324,210295.34,30.0,Palisades
2025-01-11 16:06:17.267115008,34.066429700418006,-118.48112767526477,272.80408,558.2176,81383.62,30.0,Palisades
2025-01-11 16:11:17.267101056,34.092446994292104,-118.50148076618906,1157.5283,607.4958,201453.23,30.0,Palisades
2025-01-11 16:11:17.267101056,34.12108630986287,-118.55974309543153,286.63217,501.35815,181512.78,30.0,Palisades
2025-01-11 16:11:17.267101056,34.11853599500932,-118.52199548498274,522.0035,523.38776,242126.89,30.0,Palisades
2025-01-11 16:16:17.267091968,34.144643719452084,-118.54255925767897,263.20538,671.4421,25586.92,30.0,Palisades
2025-01-11 16:16:17.267091968,34.092446994292104,-118.50148076618906,1160.3938,596.45355,226089.16,30.0,Palisades
2025-01-11 16:16:17.267091968,34.11853599500932,-118.52199548498274,674.2535,541.79156,245968.64,30.0,Palisades
2025-01-11 16:16:17.267091968,34.12108630986287,-118.55974309543153,305.8015,517.94904,152852.17,30.0,Palisades
2025-01-11 16:21:17.268883968,34.11853599500932,-118.52199548498274,822.5066,576.0171,199806.78,30.0,Palisades
2025-01-11 16:21:17.268883968,34.12108630986287,-118.55974309543153,285.0395,527.61786,124923.336,30.0,Palisades
2025-01-11 16:21:17.268883968,34.144643719452084,-118.54255925767897,428.75845,795.2144,17598.54,30.0,Palisades
2025-01-11 16:21:17.268883968,34.092446994292104,-118.50148076618906,1086.7552,600.2991,203526.56,30.0,Palisades
2025-01-11 16:26:17.268860032,34.11853599500932,-118.52199548498274,708.71124,552.5042,226333.08,30.0,Palisades
2025-01-11 16:26:17.268860032,34.12108630986287,-118.55974309543153,256.4599,504.76422,154498.64,30.0,Palisades
2025-01-11 16:26:17.268860032,34.092446994292104,-118.50148076618906,1040.7609,605.68286,184439.81,30.0,Palisades
2025-01-11 16:26:17.268860032,34.144643719452084,-118.54255925767897,451.55338,750.27625,24550.26,30.0,Palisades
2025-01-11 16:31:17.268834048,34.092446994292104,-118.50148076618906,1069.9197,607.9353,185354.52,30.0,Palisades
2025-01-11 16:31:17.268834048,34.09499226178677,-118.53919286962353,955.00336,583.48846,213710.22,30.0,Palisades
2025-01-11 16:31:17.268834048,34.11853599500932,-118.52199548498274,808.52124,577.44543,193342.9,30.0,Palisades
2025-01-11 16:31:17.268834048,34.12108630986287,-118.55974309543153,304.19138,540.0885,113398.12,30.0,Palisades
2025-01-11 16:36:17.268813056,34.12108630986287,-118.55974309543153,290.42004,515.6417,149925.14,30.0,Palisades
2025-01-11 16:36:17.268813056,34.092446994292104,-118.50148076618906,1007.67334,610.8469,169560.7,30.0,Palisades
2025-01-11 16:36:17.268813056,34.144643719452084,-118.54255925767897,338.47836,709.1836,24550.26,30.0,Palisades
2025-01-11 16:36:17.268813056,34.09499226178677,-118.53919286962353,1070.731,601.83734,197367.58,30.0,Palisades
2025-01-11 16:36:17.268813056,34.11853599500932,-118.52199548498274,680.75433,548.27405,229077.17,30.0,Palisades
2025-01-11 16:41:17.268792064,34.12108630986287,-118.55974309543153,322.5912,521.24524,154132.77,30.0,Palisades
2025-01-11 16:41:17.268792064,34.09499226178677,-118.53919286962353,1221.6833,618.9226,189989.0,30.0,Palisades
2025-01-11 16:41:17.268792064,34.092446994292104,-118.50148076618906,1044.3795,622.54846,156815.88,30.0,Palisades
2025-01-11 16:41:17.268792064,34.144643719452084,-118.54255925767897,537.83606,774.94275,24977.12,30.0,Palisades
2025-01-11 16:41:17.268792064,34.11853599500932,-118.52199548498274,751.8613,558.6571,223040.16,30.0,Palisades
2025-01-11 16:46:17.268756992,34.09499226178677,-118.53919286962353,1170.2125,620.0763,179988.28,30.0,Palisades
2025-01-11 16:46:17.268756992,34.115989125678,-118.48428865920967,321.688,667.10205,32477.66,30.0,Palisades
2025-01-11 16:46:17.268756992,34.066429700418006,-118.48112767526477,329.01248,656.6641,36258.42,30.0,Palisades
2025-01-11 16:46:17.268756992,34.12108630986287,-118.55974309543153,401.61517,577.006,96506.66,30.0,Palisades
2025-01-11 16:46:17.268756992,34.144643719452084,-118.54255925767897,545.521,724.7856,35282.742,30.0,Palisades
2025-01-11 16:46:17.268756992,34.092446994292104,-118.50148076618906,1094.6085,628.152,155840.2,30.0,Palisades
2025-01-11 16:46:17.268756992,34.11853599500932,-118.52199548498274,1131.6508,632.32715,154925.5,30.0,Palisades
2025-01-11 16:51:17.270521088,34.09499226178677,-118.53919286962353,952.31256,598.9806,180720.03,30.0,Palisades
2025-01-11 16:51:17.270521088,34.12108630986287,-118.55974309543153,375.00403,619.0874,58211.22,30.0,Palisades
2025-01-11 16:51:17.270521088,34.066429700418006,-118.48112767526477,354.13773,684.9016,30892.18,30.0,Palisades
2025-01-11 16:51:17.270521088,34.068969962321546,-118.51880459364624,505.41,590.6852,104617.0,30.0,Palisades
2025-01-11 16:51:17.270521088,34.092446994292104,-118.50148076618906,1261.034,632.437,172487.73,30.0,Palisades
2025-01-11 16:51:17.270521088,34.11853599500932,-118.52199548498274,1367.0195,647.26996,163462.7,30.0,Palisades
2025-01-11 16:51:17.270521088,34.115989125678,-118.48428865920967,306.64896,616.3406,48881.28,30.0,Palisades
2025-01-11 16:51:17.270521088,34.144643719452084,-118.54255925767897,471.21576,765.6035,23208.7,30.0,Palisades
2025-01-11 16:56:17.270483968,34.09499226178677,-118.53919286962353,1100.9501,607.4958,191635.45,30.0,Palisades
2025-01-11 16:56:17.270483968,34.11853599500932,-118.52199548498274,1483.3306,658.2573,161206.44,30.0,Palisades
2025-01-11 16:56:17.270483968,34.12108630986287,-118.55974309543153,529.5837,631.99756,72785.44,30.0,Palisades
2025-01-11 16:56:17.270483968,34.115989125678,-118.48428865920967,411.66296,680.6165,37173.12,30.0,Palisades
2025-01-11 16:56:17.270483968,34.092446994292104,-118.50148076618906,1646.3116,692.64764,135228.95,30.0,Palisades
2025-01-11 16:56:17.270483968,34.066429700418006,-118.48112767526477,356.76453,776.2063,16439.92,30.0,Palisades
2025-01-11 16:56:17.270483968,34.144643719452084,-118.54255925767897,375.36017,684.57196,32843.54,30.0,Palisades
2025-01-11 16:56:17.270483968,34.068969962321546,-118.51880459364624,536.01013,594.86035,106263.46,30.0,Palisades
2025-01-11 17:01:17.270450048,34.12108630986287,-118.55974309543153,596.2915,673.7494,56930.64,30.0,Palisades
2025-01-11 17:01:17.270450048,34.0899051597329,-118.4638093392549,236.08504,718.0833,16013.06,30.0,Palisades
2025-01-11 17:01:17.270450048,34.144643719452084,-118.54255925767897,813.54456,818.5625,29245.72,30.0,Palisades
2025-01-11 17:01:17.270450048,34.142091798115906,-118.5048169059748,314.09457,1020.94916,4548.82,30.0,Palisades
2025-01-11 17:01:17.270450048,34.115989125678,-118.48428865920967,551.93164,699.3499,43088.18,30.0,Palisades
2025-01-11 17:01:17.270450048,34.066429700418006,-118.48112767526477,236.66452,659.79553,25403.98,30.0,Palisades
2025-01-11 17:01:17.270450048,34.068969962321546,-118.51880459364624,277.70105,532.23254,114556.74,30.0,Palisades
2025-01-11 17:01:17.270450048,34.11853599500932,-118.52199548498274,2497.9348,757.58276,129496.836,30.0,Palisades
2025-01-11 17:01:17.270450048,34.092446994292104,-118.50148076618906,1808.4486,687.978,154010.8,30.0,Palisades
2025-01-11 17:06:17.270404992,34.09499226178677,-118.53919286962353,1436.2667,705.0084,107361.1,30.0,Palisades
2025-01-11 17:06:17.270404992,34.144643719452084,-118.54255925767897,1179.7262,912.94366,26379.66,30.0,Palisades
2025-01-11 17:06:17.270404992,34.068969962321546,-118.51880459364624,306.52084,630.01984,42905.24,30.0,Palisades
2025-01-11 17:06:17.270404992,34.0899051597329,-118.4638093392549,263.0574,2763.5403,4000.0,30.0,Palisades
2025-01-11 17:06:17.270404992,34.066429700418006,-118.48112767526477,299.36444,958.8707,5463.52,30.0,Palisades
2025-01-11 17:06:17.270404992,34.092446994292104,-118.50148076618906,2692.7227,756.2643,140778.14,30.0,Palisades
2025-01-11 17:06:17.270404992,34.14719909896778,-118.58034250281736,255.57582,977.87885,4365.88,30.0,Palisades
2025-01-11 17:06:17.270404992,34.115989125678,-118.48428865920967,692.59753,853.44727,20647.54,30.0,Palisades
2025-01-11 17:06:17.270404992,34.11853599500932,-118.52199548498274,2655.5312,715.5013,183708.06,30.0,Palisades
2025-01-11 17:06:17.270404992,34.12108630986287,-118.55974309543153,929.3527,782.0296,41319.758,30.0,Palisades
2025-01-11 17:06:17.270404992,34.142091798115906,-118.5048169059748,479.6209,1284.9199,4000.0,30.0,Palisades
2025-01-11 17:11:17.270349056,34.066429700418006,-118.48112767526477,269.86612,883.4427,6927.04,30.0,Palisades
2025-01-11 17:11:17.270349056,34.14719909896778,-118.58034250281736,216.23216,920.25024,4670.78,30.0,Palisades
2025-01-11 17:11:17.270349056,34.0899051597329,-118.4638093392549,263.64548,1259.594,4000.0,30.0,Palisades
2025-01-11 17:11:17.270349056,34.068969962321546,-118.51880459364624,296.25195,676.3314,27721.22,30.0,Palisades
2025-01-11 17:11:17.270349056,34.144643719452084,-118.54255925767897,1032.363,874.0485,27721.22,30.0,Palisades
2025-01-11 17:11:17.270349056,34.115989125678,-118.48428865920967,759.25446,831.5825,25403.98,30.0,Palisades
2025-01-11 17:11:17.270349056,34.092446994292104,-118.50148076618906,2369.9668,762.80176,118764.36,30.0,Palisades
2025-01-11 17:11:17.270349056,34.11853599500932,-118.52199548498274,2808.3884,750.66077,152303.36,30.0,Palisades
2025-01-11 17:11:17.270349056,34.12108630986287,-118.55974309543153,1048.8119,802.1364,41380.74,30.0,Palisades
2025-01-11 17:11:17.270349056,34.142091798115906,-118.5048169059748,437.10156,1102.8597,4792.74,30.0,Palisades
2025-01-11 17:16:17.272097920,34.068969962321546,-118.51880459364624,230.97536,630.8988,32050.799,30.0,Palisades
2025-01-11 17:16:17.272097920,34.066429700418006,-118.48112767526477,267.8135,1028.1459,4000.0,30.0,Palisades
2025-01-11 17:16:17.272097920,34.14719909896778,-118.58034250281736,271.86078,894.92444,6622.1396,30.0,Palisades
2025-01-11 17:16:17.272097920,34.144643719452084,-118.54255925767897,1069.9567,824.38574,37234.1,30.0,Palisades
2025-01-11 17:16:17.272097920,34.142091798115906,-118.5048169059748,419.61716,1153.0719,4000.0,30.0,Palisades
2025-01-11 17:16:17.272097920,34.12108630986287,-118.55974309543153,1314.8442,881.0255,34124.117,30.0,Palisades
2025-01-11 17:16:17.272097920,34.115989125678,-118.48428865920967,763.8247,882.17914,19732.84,30.0,Palisades
2025-01-11 17:16:17.272097920,34.11853599500932,-118.52199548498274,3002.047,734.7291,181268.86,30.0,Palisades
2025-01-11 17:16:17.272097920,34.092446994292104,-118.50148076618906,2341.4602,737.2013,139009.72,30.0,Palisades
2025-01-11 17:21:17.272048000,34.11853599500932,-118.52199548498274,2648.6611,753.6273,140839.12,30.0,Palisades
2025-01-11 17:21:17.272048000,34.14719909896778,-118.58034250281736,268.96118,854.6559,7963.7,30.0,Palisades
2025-01-11 17:21:17.272048000,34.092446994292104,-118.50148076618906,1792.9008,733.57544,109129.516,30.0,Palisades
2025-01-11 17:21:17.272048000,34.068969962321546,-118.51880459364624,218.10985,667.92615,21867.14,30.0,Palisades
2025-01-11 17:21:17.272048000,34.142091798115906,-118.5048169059748,362.43622,984.9107,6012.34,30.0,Palisades
2025-01-11 17:21:17.272048000,34.115989125678,-118.48428865920967,698.25696,853.667,20769.5,30.0,Palisades
2025-01-11 17:21:17.272048000,34.12108630986287,-118.55974309543153,1116.0455,851.7992,33514.32,30.0,Palisades
2025-01-11 17:21:17.272048000,34.144643719452084,-118.54255925767897,849.65063,782.4691,37660.96,30.0,Palisades
2025-01-11 17:26:17.271996928,34.144643719452084,-118.54255925767897,713.8762,748.6281,39246.44,30.0,Palisades
2025-01-11 17:26:17.271996928,34.14719909896778,-118.58034250281736,215.73743,871.24677,5890.38,30.0,Palisades
2025-01-11 17:26:17.271996928,34.12108630986287,-118.55974309543153,1187.2455,872.18066,32172.76,30.0,Palisades
2025-01-11 17:26:17.271996928,34.142091798115906,-118.5048169059748,231.80113,1541.529,4000.0,30.0,Palisades
2025-01-11 17:26:17.271996928,34.115989125678,-118.48428865920967,548.24457,853.99664,16317.96,30.0,Palisades
2025-01-11 17:26:17.271996928,34.11853599500932,-118.52199548498274,2567.0505,709.3484,185842.36,30.0,Palisades
2025-01-11 17:26:17.271996928,34.092446994292104,-118.50148076618906,2094.6882,733.57544,127545.48,30.0,Palisades
2025-01-11 17:26:17.271996928,34.068969962321546,-118.51880459364624,218.64801,621.0652,33331.38,30.0,Palisades
2025-01-11 17:31:17.271932032,34.144643719452084,-118.54255925767897,713.68567,786.6443,30831.2,30.0,Palisades
2025-01-11 17:31:17.271932032,34.092446994292104,-118.50148076618906,1674.9374,712.0952,118825.336,30.0,Palisades
2025-01-11 17:31:17.271932032,34.115989125678,-118.48428865920967,564.0136,989.91,9122.32,30.0,Palisades
2025-01-11 17:31:17.271932032,34.12108630986287,-118.55974309543153,1166.1696,846.69006,35953.52,30.0,Palisades
2025-01-11 17:31:17.271932032,34.142091798115906,-118.5048169059748,237.72945,1599.9268,4000.0,30.0,Palisades
2025-01-11 17:31:17.271932032,34.14719909896778,-118.58034250281736,270.6689,890.36475,6744.1,30.0,Palisades
2025-01-11 17:31:17.271932032,34.11853599500932,-118.52199548498274,2346.548,716.21545,161572.31,30.0,Palisades
2025-01-11 17:36:17.271859072,34.144643719452084,-118.54255925767897,819.2752,766.043,40222.12,30.0,Palisades
2025-01-11 17:36:17.271859072,34.14719909896778,-118.58034250281736,256.67975,925.9637,5402.54,30.0,Palisades
2025-01-11 17:36:17.271859072,34.142091798115906,-118.5048169059748,252.01053,2055.5166,4000.0,30.0,Palisades
2025-01-11 17:36:17.271859072,34.115989125678,-118.48428865920967,567.8685,835.86755,18574.219,30.0,Palisades
2025-01-11 17:36:17.271859072,34.11853599500932,-118.52199548498274,3045.4001,778.29395,138460.9,30.0,Palisades
2025-01-11 17:36:17.271859072,34.12108630986287,-118.55974309543153,1144.2827,922.6675,24489.28,30.0,Palisades
2025-01-11 17:36:17.271859072,34.092446994292104,-118.50148076618906,1962.1852,718.57776,132789.75,30.0,Palisades
2025-01-11 17:41:17.271788928,34.11853599500932,-118.52199548498274,2834.9182,700.2289,219747.23,30.0,Palisades
2025-01-11 17:41:17.271788928,34.092446994292104,-118.50148076618906,2892.3953,817.7384,104373.08,30.0,Palisades
2025-01-11 17:41:17.271788928,34.12108630986287,-118.55974309543153,1295.9235,975.95605,22172.04,30.0,Palisades
2025-01-11 17:41:17.271788928,34.115989125678,-118.48428865920967,648.0068,860.0397,18635.2,30.0,Palisades
2025-01-11 17:41:17.271788928,34.14719909896778,-118.58034250281736,207.9657,803.5648,8146.64,30.0,Palisades
2025-01-11 17:41:17.271788928,34.144643719452084,-118.54255925767897,549.79626,692.09827,45344.44,30.0,Palisades
2025-01-11 17:46:17.273526016,34.144643719452084,-118.54255925767897,458.16495,679.4628,41746.62,30.0,Palisades
2025-01-11 17:46:17.273526016,34.11853599500932,-118.52199548498274,2400.7612,676.4962,224137.8,30.0,Palisades
2025-01-11 17:46:17.273526016,34.115989125678,-118.48428865920967,564.62164,794.3904,23330.66,30.0,Palisades
2025-01-11 17:46:17.273526016,34.12108630986287,-118.55974309543153,1208.5226,867.6759,33514.32,30.0,Palisades
2025-01-11 17:46:17.273526016,34.092446994292104,-118.50148076618906,2633.1926,806.3666,101324.08,30.0,Palisades
2025-01-11 17:46:17.273526016,34.09499226178677,-118.53919286962353,1136.5887,928.3259,23757.52,30.0,Palisades
2025-01-11 17:51:17.273458048,34.12108630986287,-118.55974309543153,1550.088,794.7749,63821.38,30.0,Palisades
2025-01-11 17:51:17.273458048,34.144643719452084,-118.54255925767897,341.94742,621.94415,51686.36,30.0,Palisades
2025-01-11 17:51:17.273458048,34.14719909896778,-118.58034250281736,211.50201,771.86633,10037.02,30.0,Palisades
2025-01-11 17:51:17.273458048,34.11853599500932,-118.52199548498274,2027.1102,661.114,215051.78,30.0,Palisades
2025-01-11 17:51:17.273458048,34.115989125678,-118.48428865920967,475.8767,771.7565,22537.92,30.0,Palisades
2025-01-11 17:51:17.273458048,34.092446994292104,-118.50148076618906,2239.4656,796.9175,91018.46,30.0,Palisades
2025-01-11 17:56:17.273376000,34.092446994292104,-118.50148076618906,1863.4291,734.94885,112361.46,30.0,Palisades
2025-01-11 17:56:17.273376000,34.115989125678,-118.48428865920967,409.64304,957.9368,7536.84,30.0,Palisades
2025-01-11 17:56:17.273376000,34.14719909896778,-118.58034250281736,221.80849,837.5156,7170.96,30.0,Palisades
2025-01-11 17:56:17.273376000,34.144643719452084,-118.54255925767897,342.0769,612.6049,56564.758,30.0,Palisades
2025-01-11 17:56:17.273376000,34.12108630986287,-118.55974309543153,1189.4462,756.7587,61991.98,30.0,Palisades
2025-01-11 17:56:17.273376000,34.11853599500932,-118.52199548498274,1966.4164,662.0479,206941.44,30.0,Palisades
2025-01-11 18:01:17.273286016,34.092446994292104,-118.50148076618906,1958.7612,739.23395,114739.68,30.0,Palisades
2025-01-11 18:01:17.273286016,34.11853599500932,-118.52199548498274,1821.839,640.0183,232553.03,30.0,Palisades
2025-01-11 18:01:17.273286016,34.115989125678,-118.48428865920967,445.84842,809.71765,16805.8,30.0,Palisades
2025-01-11 18:01:17.273286016,34.12108630986287,-118.55974309543153,1706.5354,806.86096,65467.84,30.0,Palisades
2025-01-11 18:01:17.273286016,34.144643719452084,-118.54255925767897,346.5576,673.91425,33026.48,30.0,Palisades
2025-01-11 18:01:17.273286016,34.09499226178677,-118.53919286962353,1134.2219,731.70764,69980.36,30.0,Palisades
2025-01-11 18:06:17.273196032,34.092446994292104,-118.50148076618906,1590.6014,714.2927,111019.9,30.0,Palisades
2025-01-11 18:06:17.273196032,34.115989125678,-118.48428865920967,402.9869,784.5567,17659.52,30.0,Palisades
2025-01-11 18:06:17.273196032,34.11853599500932,-118.52199548498274,1947.4872,656.93884,214076.1,30.0,Palisades
2025-01-11 18:06:17.273196032,34.12108630986287,-118.55974309543153,2081.2083,859.5453,60101.598,30.0,Palisades
2025-01-11 18:06:17.273196032,34.144643719452084,-118.54255925767897,367.26733,652.5439,41929.56,30.0,Palisades
2025-01-11 18:06:17.273196032,34.14719909896778,-118.58034250281736,293.35916,919.92065,6378.2197,30.0,Palisades
2025-01-11 18:06:17.273196032,34.09499226178677,-118.53919286962353,1055.4474,668.1459,105531.7,30.0,Palisades
2025-01-11 18:11:17.273111040,34.12108630986287,-118.55974309543153,2134.6448,820.37537,75895.42,30.0,Palisades
2025-01-11 18:11:17.273111040,34.14719909896778,-118.58034250281736,501.49194,962.112,9061.34,30.0,Palisades
2025-01-11 18:11:17.273111040,34.11853599500932,-118.52199548498274,2207.5557,685.7256,191452.52,30.0,Palisades
2025-01-11 18:11:17.273111040,34.144643719452084,-118.54255925767897,461.17578,679.0233,42173.48,30.0,Palisades
2025-01-11 18:11:17.273111040,34.068969962321546,-118.51880459364624,220.59158,848.2832,6744.1,30.0,Palisades
2025-01-11 18:11:17.273111040,34.115989125678,-118.48428865920967,319.63443,2635.2083,4000.0,30.0,Palisades
2025-01-11 18:11:17.273111040,34.09499226178677,-118.53919286962353,1060.4883,731.1033,65650.78,30.0,Palisades
2025-01-11 18:11:17.273111040,34.092446994292104,-118.50148076618906,1607.4958,676.4413,150169.06,30.0,Palisades
2025-01-11 18:16:17.274822912,34.144643719452084,-118.54255925767897,530.21875,762.03265,26684.56,30.0,Palisades
2025-01-11 18:16:17.274822912,34.09499226178677,-118.53919286962353,1360.7616,720.0061,91140.42,30.0,Palisades
2025-01-11 18:16:17.274822912,34.12108630986287,-118.55974309543153,2002.5133,773.07495,94067.46,30.0,Palisades
2025-01-11 18:16:17.274822912,34.092446994292104,-118.50148076618906,1734.3425,696.6031,138156.0,30.0,Palisades
2025-01-11 18:16:17.274822912,34.11853599500932,-118.52199548498274,1988.4103,652.9834,226272.1,30.0,Palisades
2025-01-11 18:16:17.274822912,34.115989125678,-118.48428865920967,306.11978,1055.4495,4000.0,30.0,Palisades
2025-01-11 18:16:17.274822912,34.14719909896778,-118.58034250281736,370.53644,1175.3213,4000.0,30.0,Palisades
2025-01-11 18:21:17.274716928,34.09499226178677,-118.53919286962353,1152.2167,675.17773,108763.64,30.0,Palisades
2025-01-11 18:21:17.274716928,34.115989125678,-118.48428865920967,294.32513,795.7638,12049.359,30.0,Palisades
2025-01-11 18:21:17.274716928,34.11853599500932,-118.52199548498274,1828.3263,637.656,238468.1,30.0,Palisades
2025-01-11 18:21:17.274716928,34.12108630986287,-118.55974309543153,2351.5454,870.4227,64309.22,30.0,Palisades
2025-01-11 18:21:17.274716928,34.092446994292104,-118.50148076618906,1501.7463,668.2008,150108.08,30.0,Palisades
2025-01-11 18:21:17.274716928,34.068969962321546,-118.51880459364624,211.40987,972.22034,4000.0,30.0,Palisades
2025-01-11 18:21:17.274716928,34.144643719452084,-118.54255925767897,363.8072,735.0038,21928.12,30.0,Palisades
2025-01-11 18:21:17.274716928,34.14719909896778,-118.58034250281736,257.10672,1229.5986,4000.0,30.0,Palisades
2025-01-11 18:26:17.274605952,34.11853599500932,-118.52199548498274,1719.8083,661.55347,181817.67,30.0,Palisades
2025-01-11 18:26:17.274605952,34.09499226178677,-118.53919286962353,973.40924,676.716,90713.56,30.0,Palisades
2025-01-11 18:26:17.274605952,34.115989125678,-118.48428865920967,249.32059,1561.1415,4000.0,30.0,Palisades
2025-01-11 18:26:17.274605952,34.068969962321546,-118.51880459364624,272.74774,1564.163,4000.0,30.0,Palisades
2025-01-11 18:26:17.274605952,34.144643719452084,-118.54255925767897,324.04214,680.177,29367.68,30.0,Palisades
2025-01-11 18:26:17.274605952,34.12108630986287,-118.55974309543153,2073.2773,801.8617,81871.46,30.0,Palisades
2025-01-11 18:26:17.274605952,34.14719909896778,-118.58034250281736,385.13898,944.3125,7536.84,30.0,Palisades
2025-01-11 18:26:17.274605952,34.092446994292104,-118.50148076618906,1238.2839,648.5335,146510.27,30.0,Palisades
2025-01-11 18:31:17.274496000,34.14719909896778,-118.58034250281736,368.22528,932.9406,7536.84,30.0,Palisades
2025-01-11 18:31:17.274496000,34.068969962321546,-118.51880459364624,337.38818,1024.52,4792.74,30.0,Palisades
2025-01-11 18:31:17.274496000,34.092446994292104,-118.50148076618906,1207.064,659.0813,130289.58,30.0,Palisades
2025-01-11 18:31:17.274496000,34.11853599500932,-118.52199548498274,1718.6676,666.55273,174195.17,30.0,Palisades
2025-01-11 18:31:17.274496000,34.09499226178677,-118.53919286962353,1008.246,687.26385,86383.98,30.0,Palisades
2025-01-11 18:31:17.274496000,34.12108630986287,-118.55974309543153,1953.7295,802.521,76871.1,30.0,Palisades
2025-01-11 18:31:17.274496000,34.115989125678,-118.48428865920967,206.08301,861.2483,5890.38,30.0,Palisades
2025-01-11 18:31:17.274496000,34.144643719452084,-118.54255925767897,321.8759,663.03674,33575.297,30.0,Palisades
2025-01-11 18:36:17.274388992,34.092446994292104,-118.50148076618906,1181.1443,672.54083,113885.96,30.0,Palisades
2025-01-11 18:36:17.274388992,34.14719909896778,-118.58034250281736,458.32895,1000.1831,7170.96,30.0,Palisades
2025-01-11 18:36:17.274388992,34.09499226178677,-118.53919286962353,1136.1399,691.27423,94372.36,30.0,Palisades
2025-01-11 18:36:17.274388992,34.144643719452084,-118.54255925767897,435.75266,749.6719,23818.5,30.0,Palisades
2025-01-11 18:36:17.274388992,34.11853599500932,-118.52199548498274,2011.1763,678.74866,184378.84,30.0,Palisades
2025-01-11 18:36:17.274388992,34.115989125678,-118.48428865920967,246.7999,877.39966,6500.1797,30.0,Palisades
2025-01-11 18:36:17.274388992,34.12108630986287,-118.55974309543153,2909.443,891.90295,71687.8,30.0,Palisades
2025-01-11 18:41:17.276077056,34.092446994292104,-118.50148076618906,1596.8557,714.7322,111141.86,30.0,Palisades
2025-01-11 18:41:17.276077056,34.14719909896778,-118.58034250281736,634.44635,1223.281,4914.7,30.0,Palisades
2025-01-11 18:41:17.276077056,34.144643719452084,-118.54255925767897,668.1774,852.67816,19976.76,30.0,Palisades
2025-01-11 18:41:17.276077056,34.12108630986287,-118.55974309543153,2249.4019,773.5144,105348.76,30.0,Palisades
2025-01-11 18:41:17.276077056,34.11853599500932,-118.52199548498274,1813.1189,666.7175,183525.12,30.0,Palisades
2025-01-11 18:41:17.276077056,34.09499226178677,-118.53919286962353,1549.756,790.8744,65284.9,30.0,Palisades
2025-01-11 18:46:17.275948032,34.09499226178677,-118.53919286962353,1141.0481,759.6704,58333.18,30.0,Palisades
2025-01-11 18:46:17.275948032,34.092446994292104,-118.50148076618906,1463.6344,696.7679,116508.1,30.0,Palisades
2025-01-11 18:46:17.275948032,34.11853599500932,-118.52199548498274,1821.8416,667.8163,182671.4,30.0,Palisades
2025-01-11 18:46:17.275948032,34.115989125678,-118.48428865920967,214.30803,1666.9495,4000.0,30.0,Palisades
2025-01-11 18:46:17.275948032,34.144643719452084,-118.54255925767897,406.07172,743.90356,23025.76,30.0,Palisades
2025-01-11 18:46:17.275948032,34.12108630986287,-118.55974309543153,2339.804,798.40076,94311.38,30.0,Palisades
2025-01-11 18:46:17.275948032,34.14719909896778,-118.58034250281736,353.32858,965.0236,6317.24,30.0,Palisades
2025-01-11 18:51:17.275815040,34.092446994292104,-118.50148076618906,1236.3741,710.3373,88823.18,30.0,Palisades
2025-01-11 18:51:17.275815040,34.14719909896778,-118.58034250281736,443.76993,1111.9243,4731.76,30.0,Palisades
2025-01-11 18:51:17.275815040,34.144643719452084,-118.54255925767897,398.2773,691.49396,33026.48,30.0,Palisades
2025-01-11 18:51:17.275815040,34.1235847076586,-118.59741155618087,234.7331,,,33.0,Palisades
2025-01-11 18:51:17.275815040,34.12108630986287,-118.55974309543153,2408.2615,867.0166,66992.34,30.0,Palisades
2025-01-11 18:51:17.275815040,34.09499226178677,-118.53919286962353,1108.188,771.1521,52662.04,30.0,Palisades
2025-01-11 18:51:17.275815040,34.115989125678,-118.48428865920967,260.4692,1088.0818,4000.0,30.0,Palisades
2025-01-11 18:51:17.275815040,34.11853599500932,-118.52199548498274,1765.1033,666.4429,179073.58,30.0,Palisades
2025-01-11 18:56:17.275684992,34.144643719452084,-118.54255925767897,592.3215,878.16876,15586.2,30.0,Palisades
2025-01-11 18:56:17.275684992,34.092446994292104,-118.50148076618906,1385.0747,758.24207,71504.86,30.0,Palisades
2025-01-11 18:56:17.275684992,34.09499226178677,-118.53919286962353,1892.7847,907.61487,43393.08,30.0,Palisades
2025-01-11 18:56:17.275684992,34.115989125678,-118.48428865920967,241.58281,1367.6545,4000.0,30.0,Palisades
2025-01-11 18:56:17.275684992,34.11853599500932,-118.52199548498274,1645.6575,662.0479,173219.5,30.0,Palisades
2025-01-11 18:56:17.275684992,34.12108630986287,-118.55974309543153,3198.1873,847.3493,98336.06,30.0,Palisades
2025-01-11 19:01:17.275555072,34.1235847076586,-118.59741155618087,547.32446,,,33.0,Palisades
2025-01-11 19:01:17.275555072,34.11853599500932,-118.52199548498274,2003.8749,707.2059,147424.95,30.0,Palisades
2025-01-11 19:01:17.275555072,34.09499226178677,-118.53919286962353,1172.3668,832.35156,39063.5,30.0,Palisades
2025-01-11 19:01:17.275555072,34.0899051597329,-118.4638093392549,268.20175,,,33.0,Palisades
2025-01-11 19:01:17.275555072,34.092446994292104,-118.50148076618906,1655.7754,748.5182,91079.44,30.0,Palisades
2025-01-11 19:01:17.275555072,34.12108630986287,-118.55974309543153,3004.3713,862.51184,85469.28,30.0,Palisades
2025-01-11 19:01:17.275555072,34.14719909896778,-118.58034250281736,508.56415,1036.0568,6927.04,30.0,Palisades
2025-01-11 19:01:17.275555072,34.115989125678,-118.48428865920967,276.8064,,,33.0,Palisades
2025-01-11 19:01:17.275555072,34.144643719452084,-118.54255925767897,379.51254,736.3772,22659.879,30.0,Palisades
2025-01-11 19:06:17.275410048,34.115989125678,-118.48428865920967,308.40915,2145.0635,4000.0,30.0,Palisades
2025-01-11 19:06:17.275410048,34.09499226178677,-118.53919286962353,2040.8239,892.4523,50161.86,30.0,Palisades
2025-01-11 19:06:17.275410048,34.11853599500932,-118.52199548498274,2195.253,732.3119,134802.1,30.0,Palisades
2025-01-11 19:06:17.275410048,34.12108630986287,-118.55974309543153,2659.2468,794.0607,109983.24,30.0,Palisades
2025-01-11 19:06:17.275410048,34.1235847076586,-118.59741155618087,432.33908,,,33.0,Palisades
2025-01-11 19:06:17.275410048,34.144643719452084,-118.54255925767897,494.92606,923.54645,10585.84,30.0,Palisades
2025-01-11 19:06:17.275410048,34.092446994292104,-118.50148076618906,1936.2285,741.1018,111995.58,30.0,Palisades
2025-01-11 19:11:17.277059968,34.09499226178677,-118.53919286962353,1387.8077,806.31165,53393.8,30.0,Palisades
2025-01-11 19:11:17.277059968,34.14719909896778,-118.58034250281736,605.39996,1049.1317,7902.7197,30.0,Palisades
2025-01-11 19:11:17.277059968,34.0899051597329,-118.4638093392549,258.9064,,,33.0,Palisades
2025-01-11 19:11:17.277059968,34.092446994292104,-118.50148076618906,1632.866,759.94507,83395.96,30.0,Palisades
2025-01-11 19:11:17.277059968,34.144643719452084,-118.54255925767897,444.16592,799.55444,17781.48,30.0,Palisades
2025-01-11 19:11:17.277059968,34.115989125678,-118.48428865920967,397.13974,,,33.0,Palisades
2025-01-11 19:11:17.277059968,34.12108630986287,-118.55974309543153,3555.97,850.9751,107300.12,30.0,Palisades
2025-01-11 19:11:17.277059968,34.1235847076586,-118.59741155618087,721.8164,,,33.0,Palisades
2025-01-11 19:11:17.277059968,34.11853599500932,-118.52199548498274,2142.4517,746.37573,119557.1,30.0,Palisades
2025-01-11 19:16:17.276905984,34.1235847076586,-118.59741155618087,403.59695,,,33.0,Palisades
2025-01-11 19:16:17.276905984,34.092446994292104,-118.50148076618906,1471.4858,725.66455,94677.26,30.0,Palisades
2025-01-11 19:16:17.276905984,34.14719909896778,-118.58034250281736,826.5358,1938.886,4000.0,30.0,Palisades
2025-01-11 19:16:17.276905984,34.0899051597329,-118.4638093392549,211.58318,,,33.0,Palisades
2025-01-11 19:16:17.276905984,34.115989125678,-118.48428865920967,446.41135,1873.9508,4000.0,30.0,Palisades
2025-01-11 19:16:17.276905984,34.11853599500932,-118.52199548498274,2176.8337,772.0311,102909.56,30.0,Palisades
2025-01-11 19:16:17.276905984,34.12108630986287,-118.55974309543153,2902.6086,811.9701,108214.82,30.0,Palisades
2025-01-11 19:16:17.276905984,34.144643719452084,-118.54255925767897,529.7998,884.8161,13512.88,30.0,Palisades
2025-01-11 19:21:17.276754048,34.144643719452084,-118.54255925767897,474.3055,903.7693,11073.68,30.0,Palisades
2025-01-11 19:21:17.276754048,34.1235847076586,-118.59741155618087,416.0298,,,33.0,Palisades
2025-01-11 19:21:17.276754048,34.12108630986287,-118.55974309543153,3280.8918,853.9417,97482.336,30.0,Palisades
2025-01-11 19:21:17.276754048,34.14719909896778,-118.58034250281736,719.5582,1337.9888,4243.92,30.0,Palisades
2025-01-11 19:21:17.276754048,34.092446994292104,-118.50148076618906,1483.445,733.6853,90286.7,30.0,Palisades
2025-01-11 19:21:17.276754048,34.115989125678,-118.48428865920967,405.61288,1495.3822,4000.0,30.0,Palisades
2025-01-11 19:21:17.276754048,34.11853599500932,-118.52199548498274,2246.142,767.6362,109129.516,30.0,Palisades
2025-01-11 19:26:17.276587904,34.092446994292104,-118.50148076618906,1260.8904,694.18585,102360.74,30.0,Palisades
2025-01-11 19:26:17.276587904,34.11853599500932,-118.52199548498274,2048.6165,778.84326,92847.86,30.0,Palisades
2025-01-11 19:26:17.276587904,34.115989125678,-118.48428865920967,354.5476,2592.138,4000.0,30.0,Palisades
2025-01-11 19:26:17.276587904,34.12108630986287,-118.55974309543153,2753.6228,788.622,117605.74,30.0,Palisades
2025-01-11 19:26:17.276587904,34.1235847076586,-118.59741155618087,494.6034,,,33.0,Palisades
2025-01-11 19:26:17.276587904,34.144643719452084,-118.54255925767897,575.057,1241.8496,4243.92,30.0,Palisades
2025-01-11 19:26:17.276587904,34.0899051597329,-118.4638093392549,199.9548,,,33.0,Palisades
2025-01-11 19:26:17.276587904,34.14719909896778,-118.58034250281736,827.37213,2649.0522,4000.0,30.0,Palisades
2025-01-11 19:31:17.276409088,34.092446994292104,-118.50148076618906,1207.8252,697.86664,95348.04,30.0,Palisades
2025-01-11 19:31:17.276409088,34.12108630986287,-118.55974309543153,2532.526,819.7711,90347.68,30.0,Palisades
2025-01-11 19:31:17.276409088,34.115989125678,-118.48428865920967,301.33734,1611.7931,4000.0,30.0,Palisades
2025-01-11 19:31:17.276409088,34.11853599500932,-118.52199548498274,1950.2866,732.5866,119557.1,30.0,Palisades
2025-01-11 19:31:17.276409088,34.1235847076586,-118.59741155618087,364.444,,,33.0,Palisades
2025-01-11 19:31:17.276409088,34.14719909896778,-118.58034250281736,705.1641,1721.941,4000.0,30.0,Palisades
2025-01-11 19:31:17.276409088,34.144643719452084,-118.54255925767897,465.2076,951.56415,8817.42,30.0,Palisades
2025-01-11 19:36:17.278033024,34.14719909896778,-118.58034250281736,925.3692,1334.9122,5463.52,30.0,Palisades
2025-01-11 19:36:17.278033024,34.144643719452084,-118.54255925767897,602.07947,880.4761,15647.18,30.0,Palisades
2025-01-11 19:36:17.278033024,34.1235847076586,-118.59741155618087,373.04584,,,33.0,Palisades
2025-01-11 19:36:17.278033024,34.092446994292104,-118.50148076618906,934.84436,675.9469,87664.56,30.0,Palisades
2025-01-11 19:36:17.278033024,34.11853599500932,-118.52199548498274,1789.255,713.2489,125899.016,30.0,Palisades
2025-01-11 19:36:17.278033024,34.115989125678,-118.48428865920967,319.23746,1350.2944,4000.0,30.0,Palisades
2025-01-11 19:36:17.278033024,34.12108630986287,-118.55974309543153,2266.0945,760.3296,115410.46,30.0,Palisades
2025-01-11 19:41:17.277853056,34.092446994292104,-118.50148076618906,898.1317,670.78284,87908.48,30.0,Palisades
2025-01-11 19:41:17.277853056,34.14719909896778,-118.58034250281736,668.00793,990.5692,10829.76,30.0,Palisades
2025-01-11 19:41:17.277853056,34.12108630986287,-118.55974309543153,3070.8848,821.4192,108519.72,30.0,Palisades
2025-01-11 19:41:17.277853056,34.144643719452084,-118.54255925767897,359.43546,805.92706,13878.76,30.0,Palisades
2025-01-11 19:41:17.277853056,34.115989125678,-118.48428865920967,258.97006,,,33.0,Palisades
2025-01-11 19:41:17.277853056,34.11853599500932,-118.52199548498274,1674.7947,709.78784,120898.66,30.0,Palisades
2025-01-11 19:46:17.277659008,34.12108630986287,-118.55974309543153,3184.1616,745.55164,178707.7,30.0,Palisades
2025-01-11 19:46:17.277659008,34.11853599500932,-118.52199548498274,1518.1427,678.6937,139253.64,30.0,Palisades
2025-01-11 19:46:17.277659008,34.144643719452084,-118.54255925767897,378.03552,828.0116,12903.08,30.0,Palisades
2025-01-11 19:46:17.277659008,34.1235847076586,-118.59741155618087,585.1943,,,33.0,Palisades
2025-01-11 19:46:17.277659008,34.09499226178677,-118.53919286962353,818.5803,688.4175,69492.516,30.0,Palisades
2025-01-11 19:46:17.277659008,34.092446994292104,-118.50148076618906,780.3362,662.54236,81810.48,30.0,Palisades
2025-01-11 19:46:17.277659008,34.14719909896778,-118.58034250281736,939.12286,1305.5211,5951.36,30.0,Palisades
2025-01-11 19:46:17.277659008,34.115989125678,-118.48428865920967,224.49327,,,33.0,Palisades
2025-01-11 19:46:17.277659008,34.149702499616104,-118.618046509379,188.88646,,,33.0,Palisades
2025-01-11 19:51:17.277454976,34.09499226178677,-118.53919286962353,695.47437,629.6902,97665.28,30.0,Palisades
2025-01-11 19:51:17.277454976,34.11853599500932,-118.52199548498274,1340.7203,637.4363,175231.84,30.0,Palisades
2025-01-11 19:51:17.277454976,34.1235847076586,-118.59741155618087,316.13348,,,33.0,Palisades
2025-01-11 19:51:17.277454976,34.092446994292104,-118.50148076618906,690.81433,653.9173,77968.74,30.0,Palisades
2025-01-11 19:51:17.277454976,34.14719909896778,-118.58034250281736,900.35046,1526.6962,4000.0,30.0,Palisades
2025-01-11 19:51:17.277454976,34.12108630986287,-118.55974309543153,2833.865,761.9228,142851.45,30.0,Palisades
2025-01-11 19:51:17.277454976,34.144643719452084,-118.54255925767897,352.56476,807.24554,13512.88,30.0,Palisades
2025-01-11 19:56:17.277251968,34.092446994292104,-118.50148076618906,654.5974,632.2722,89737.88,30.0,Palisades
2025-01-11 19:56:17.277251968,34.12108630986287,-118.55974309543153,2300.786,707.92004,168341.1,30.0,Palisades
2025-01-11 19:56:17.277251968,34.11853599500932,-118.52199548498274,1369.7112,648.75323,161755.27,30.0,Palisades
2025-01-11 19:56:17.277251968,34.09499226178677,-118.53919286962353,621.7321,605.0786,110958.92,30.0,Palisades
2025-01-11 19:56:17.277251968,34.14719909896778,-118.58034250281736,639.3592,1181.0347,5524.5,30.0,Palisades
2025-01-11 19:56:17.277251968,34.144643719452084,-118.54255925767897,344.9943,832.51636,11500.54,30.0,Palisades
2025-01-11 20:01:17.277042944,34.12108630986287,-118.55974309543153,2132.3552,697.537,168706.98,30.0,Palisades
2025-01-11 20:01:17.277042944,34.1235847076586,-118.59741155618087,403.40573,,,33.0,Palisades
2025-01-11 20:01:17.277042944,34.09499226178677,-118.53919286962353,593.11304,580.9614,136509.53,30.0,Palisades
2025-01-11 20:01:17.277042944,34.092446994292104,-118.50148076618906,764.97406,644.8527,93518.64,30.0,Palisades
2025-01-11 20:01:17.277042944,34.14719909896778,-118.58034250281736,378.99042,896.2429,9183.3,30.0,Palisades
2025-01-11 20:01:17.277042944,34.144643719452084,-118.54255925767897,201.51869,810.4319,7597.8203,30.0,Palisades
2025-01-11 20:01:17.277042944,34.11853599500932,-118.52199548498274,1197.651,647.4897,143034.4,30.0,Palisades
2025-01-11 20:06:17.278620928,34.12108630986287,-118.55974309543153,1773.4408,676.05676,166206.8,30.0,Palisades
2025-01-11 20:06:17.278620928,34.1235847076586,-118.59741155618087,289.45163,,,33.0,Palisades
2025-01-11 20:06:17.278620928,34.11853599500932,-118.52199548498274,1168.2981,643.64417,144375.95,30.0,Palisades
2025-01-11 20:06:17.278620928,34.14719909896778,-118.58034250281736,543.2004,932.1715,11134.66,30.0,Palisades
2025-01-11 20:06:17.278620928,34.144643719452084,-118.54255925767897,307.14844,777.90936,14000.72,30.0,Palisades
2025-01-11 20:06:17.278620928,34.092446994292104,-118.50148076618906,588.7934,656.55426,64980.0,30.0,Palisades
2025-01-11 20:06:17.278620928,34.09499226178677,-118.53919286962353,487.96048,574.58875,120593.76,30.0,Palisades
2025-01-11 20:11:17.278393088,34.092446994292104,-118.50148076618906,608.60956,710.557,43637.0,30.0,Palisades
2025-01-11 20:11:17.278393088,34.11853599500932,-118.52199548498274,1135.2599,623.0978,169682.66,30.0,Palisades
2025-01-11 20:11:17.278393088,34.12108630986287,-118.55974309543153,1988.317,701.877,152181.4,30.0,Palisades
2025-01-11 20:11:17.278393088,34.1235847076586,-118.59741155618087,203.94818,,,33.0,Palisades
2025-01-11 20:11:17.278393088,34.144643719452084,-118.54255925767897,454.2936,1093.081,5097.64,30.0,Palisades
2025-01-11 20:11:17.278393088,34.09499226178677,-118.53919286962353,664.01086,598.59607,126630.78,30.0,Palisades
2025-01-11 20:16:17.278169984,34.11853599500932,-118.52199548498274,1243.7578,649.68713,145717.52,30.0,Palisades
2025-01-11 20:16:17.278169984,34.1235847076586,-118.59741155618087,222.61449,,,33.0,Palisades
2025-01-11 20:16:17.278169984,34.12108630986287,-118.55974309543153,1802.3732,711.16125,128765.08,30.0,Palisades
2025-01-11 20:16:17.278169984,34.09499226178677,-118.53919286962353,514.2397,565.0847,141631.86,30.0,Palisades
2025-01-11 20:16:17.278169984,34.144643719452084,-118.54255925767897,459.85455,1076.7649,5463.52,30.0,Palisades
2025-01-11 20:16:17.278169984,34.14719909896778,-118.58034250281736,774.7949,1761.9899,4000.0,30.0,Palisades
2025-01-11 20:16:17.278169984,34.092446994292104,-118.50148076618906,552.0298,749.28735,30221.4,30.0,Palisades
2025-01-11 20:21:17.277940096,34.14719909896778,-118.58034250281736,335.82855,1120.769,4000.0,30.0,Palisades
2025-01-11 20:21:17.277940096,34.12108630986287,-118.55974309543153,1952.429,754.4514,103275.44,30.0,Palisades
2025-01-11 20:21:17.277940096,34.1235847076586,-118.59741155618087,214.64182,,,33.0,Palisades
2025-01-11 20:21:17.277940096,34.092446994292104,-118.50148076618906,624.2156,743.29926,35587.64,30.0,Palisades
2025-01-11 20:21:17.277940096,34.144643719452084,-118.54255925767897,249.67546,912.39435,5585.48,30.0,Palisades
2025-01-11 20:21:17.277940096,34.11853599500932,-118.52199548498274,1428.747,679.1332,130594.48,30.0,Palisades
2025-01-11 20:21:17.277940096,34.09499226178677,-118.53919286962353,434.34363,539.8688,162548.0,30.0,Palisades
2025-01-11 20:26:17.277694976,34.11853599500932,-118.52199548498274,1303.3046,686.275,112544.4,30.0,Palisades
2025-01-11 20:26:17.277694976,34.12108630986287,-118.55974309543153,1949.414,729.40027,122179.24,30.0,Palisades
2025-01-11 20:26:17.277694976,34.1235847076586,-118.59741155618087,289.65292,,,33.0,Palisades
2025-01-11 20:26:17.277694976,34.144643719452084,-118.54255925767897,201.82394,1293.49,4000.0,30.0,Palisades
2025-01-11 20:26:17.277694976,34.14719909896778,-118.58034250281736,281.45816,1752.2112,4000.0,30.0,Palisades
2025-01-11 20:26:17.277694976,34.092446994292104,-118.50148076618906,654.4349,753.13293,34916.86,30.0,Palisades
2025-01-11 20:26:17.277694976,34.09499226178677,-118.53919286962353,492.2306,563.82117,137607.17,30.0,Palisades
2025-01-11 20:31:17.277447040,34.092446994292104,-118.50148076618906,424.57062,847.40424,13025.04,30.0,Palisades
2025-01-11 20:31:17.277447040,34.11853599500932,-118.52199548498274,1219.9591,688.36255,103641.32,30.0,Palisades
2025-01-11 20:31:17.277447040,34.12108630986287,-118.55974309543153,2009.1138,738.30005,118398.48,30.0,Palisades
2025-01-11 20:31:17.277447040,34.1235847076586,-118.59741155618087,262.81448,,,33.0,Palisades
2025-01-11 20:31:17.277447040,34.14719909896778,-118.58034250281736,561.85394,774.17365,26196.72,30.0,Palisades
2025-01-11 20:31:17.277447040,34.144643719452084,-118.54255925767897,310.82047,722.58813,20464.6,30.0,Palisades
2025-01-11 20:36:17.279008000,34.144643719452084,-118.54255925767897,300.38712,711.4909,21440.28,30.0,Palisades
2025-01-11 20:36:17.279008000,34.1235847076586,-118.59741155618087,275.29367,,,33.0,Palisades
2025-01-11 20:36:17.279008000,34.12108630986287,-118.55974309543153,2572.4802,759.0111,132118.97,30.0,Palisades
2025-01-11 20:36:17.279008000,34.092446994292104,-118.50148076618906,439.35385,907.0105,10098.0,30.0,Palisades
2025-01-11 20:36:17.279008000,34.09499226178677,-118.53919286962353,322.12732,525.5303,145534.58,30.0,Palisades
2025-01-11 20:36:17.279008000,34.14719909896778,-118.58034250281736,690.16046,817.13416,24977.12,30.0,Palisades
2025-01-11 20:36:17.279008000,34.11853599500932,-118.52199548498274,1222.2213,656.6641,134680.14,30.0,Palisades
2025-01-11 20:41:17.278761088,34.12108630986287,-118.55974309543153,2453.7344,766.7023,119983.96,30.0,Palisades
2025-01-11 20:41:17.278761088,34.11853599500932,-118.52199548498274,1268.6187,636.77704,166816.6,30.0,Palisades
2025-01-11 20:41:17.278761088,34.14719909896778,-118.58034250281736,462.6625,809.0585,17537.559,30.0,Palisades
2025-01-11 20:41:17.278761088,34.092446994292104,-118.50148076618906,413.73328,887.508,10402.9,30.0,Palisades
2025-01-11 20:41:17.278761088,34.09499226178677,-118.53919286962353,317.2082,515.5318,164316.42,30.0,Palisades
2025-01-11 20:41:17.278761088,34.144643719452084,-118.54255925767897,234.25325,693.25195,19184.02,30.0,Palisades
2025-01-11 20:46:17.278500992,34.092446994292104,-118.50148076618906,389.49768,1435.776,4000.0,30.0,Palisades
2025-01-11 20:46:17.278500992,34.12108630986287,-118.55974309543153,3220.6047,794.2805,132972.69,30.0,Palisades
2025-01-11 20:46:17.278500992,34.144643719452084,-118.54255925767897,427.4362,744.9474,24062.42,30.0,Palisades
2025-01-11 20:46:17.278500992,34.11853599500932,-118.52199548498274,1879.6472,703.635,141997.73,30.0,Palisades
2025-01-11 20:46:17.278500992,34.09499226178677,-118.53919286962353,282.3803,520.8057,135960.72,30.0,Palisades
2025-01-11 20:46:17.278500992,34.1235847076586,-118.59741155618087,318.50247,,,33.0,Palisades
2025-01-11 20:46:17.278500992,34.14719909896778,-118.58034250281736,802.1605,811.03613,30038.459,30.0,Palisades
2025-01-11 20:51:17.278241024,34.092446994292104,-118.50148076618906,461.42706,1070.7218,5585.48,30.0,Palisades
2025-01-11 20:51:17.278241024,34.144643719452084,-118.54255925767897,248.41385,853.8318,7414.88,30.0,Palisades
2025-01-11 20:51:17.278241024,34.11853599500932,-118.52199548498274,1545.1115,676.1117,144741.84,30.0,Palisades
2025-01-11 20:51:17.278241024,34.09499226178677,-118.53919286962353,357.56744,557.22876,108092.86,30.0,Palisades
2025-01-11 20:51:17.278241024,34.1235847076586,-118.59741155618087,292.45993,,,33.0,Palisades
2025-01-11 20:51:17.278241024,34.14719909896778,-118.58034250281736,481.32117,927.06244,10098.0,30.0,Palisades
2025-01-11 20:51:17.278241024,34.12108630986287,-118.55974309543153,2754.0515,785.6554,119740.04,30.0,Palisades
2025-01-11 20:56:17.277986048,34.09499226178677,-118.53919286962353,328.89322,591.0697,67846.06,30.0,Palisades
2025-01-11 20:56:17.277986048,34.11853599500932,-118.52199548498274,1027.7794,631.39325,142058.72,30.0,Palisades
2025-01-11 20:56:17.277986048,34.092446994292104,-118.50148076618906,417.32883,1398.474,4000.0,30.0,Palisades
2025-01-11 20:56:17.277986048,34.12108630986287,-118.55974309543153,2214.68,709.3484,160352.72,30.0,Palisades
2025-01-11 20:56:17.277986048,34.14719909896778,-118.58034250281736,961.21716,1064.9534,11866.42,30.0,Palisades
2025-01-11 20:56:17.277986048,34.144643719452084,-118.54255925767897,381.04037,1097.8057,4243.92,30.0,Palisades
2025-01-11 20:56:17.277986048,34.1235847076586,-118.59741155618087,306.60013,,,33.0,Palisades
2025-01-11 21:01:17.279528960,34.11853599500932,-118.52199548498274,1424.1848,722.2036,93945.5,30.0,Palisades
2025-01-11 21:01:17.279528960,34.12108630986287,-118.55974309543153,3015.2214,757.19824,156693.92,30.0,Palisades
2025-01-11 21:01:17.279528960,34.1235847076586,-118.59741155618087,663.4322,,,33.0,Palisades
2025-01-11 21:01:17.279528960,34.14719909896778,-118.58034250281736,792.278,798.6754,31867.86,30.0,Palisades
2025-01-11 21:01:17.279528960,34.09499226178677,-118.53919286962353,290.0333,569.36975,76017.38,30.0,Palisades
2025-01-11 21:01:17.279528960,34.144643719452084,-118.54255925767897,341.79813,927.5568,7170.96,30.0,Palisades
2025-01-11 21:06:17.279257984,34.09499226178677,-118.53919286962353,302.28632,609.913,51381.46,30.0,Palisades
2025-01-11 21:06:17.279257984,34.11853599500932,-118.52199548498274,1186.2717,654.96106,132728.78,30.0,Palisades
2025-01-11 21:06:17.279257984,34.14719909896778,-118.58034250281736,1017.5999,908.6037,23208.7,30.0,Palisades
2025-01-11 21:06:17.279257984,34.092446994292104,-118.50148076618906,395.12888,,,33.0,Palisades
2025-01-11 21:06:17.279257984,34.1235847076586,-118.59741155618087,410.56705,,,33.0,Palisades
2025-01-11 21:06:17.279257984,34.12108630986287,-118.55974309543153,3050.9429,773.56934,142851.45,30.0,Palisades
2025-01-11 21:06:17.279257984,34.144643719452084,-118.54255925767897,348.03424,815.541,12720.14,30.0,Palisades
2025-01-11 21:11:17.278990080,34.11853599500932,-118.52199548498274,1615.5312,698.2512,127118.62,30.0,Palisades
2025-01-11 21:11:17.278990080,34.09499226178677,-118.53919286962353,393.08337,604.8588,70285.26,30.0,Palisades
2025-01-11 21:11:17.278990080,34.092446994292104,-118.50148076618906,462.4854,1493.2947,4000.0,30.0,Palisades
2025-01-11 21:11:17.278990080,34.14719909896778,-118.58034250281736,547.7186,819.16675,19610.879,30.0,Palisades
2025-01-11 21:11:17.278990080,34.1235847076586,-118.59741155618087,433.74542,,,33.0,Palisades
2025-01-11 21:11:17.278990080,34.115989125678,-118.48428865920967,393.73355,,,33.0,Palisades
2025-01-11 21:11:17.278990080,34.144643719452084,-118.54255925767897,255.36493,790.65466,10768.779,30.0,Palisades
2025-01-11 21:11:17.278990080,34.12108630986287,-118.55974309543153,3483.393,830.64856,117056.92,30.0,Palisades
2025-01-11 21:16:17.278726016,34.092446994292104,-118.50148076618906,406.88107,1442.1487,4000.0,30.0,Palisades
2025-01-11 21:16:17.278726016,34.14719909896778,-118.58034250281736,404.46576,777.90936,18452.26,30.0,Palisades
2025-01-11 21:16:17.278726016,34.09499226178677,-118.53919286962353,341.60583,584.752,75468.56,30.0,Palisades
2025-01-11 21:16:17.278726016,34.144643719452084,-118.54255925767897,206.66211,785.76526,9000.359,30.0,Palisades
2025-01-11 21:16:17.278726016,34.12108630986287,-118.55974309543153,2718.3235,776.426,125045.3,30.0,Palisades
2025-01-11 21:16:17.278726016,34.11853599500932,-118.52199548498274,1311.192,693.5266,106995.22,30.0,Palisades
2025-01-11 21:16:17.278726016,34.115989125678,-118.48428865920967,416.86868,,,33.0,Palisades
2025-01-11 21:16:17.278726016,34.1235847076586,-118.59741155618087,467.82632,,,33.0,Palisades
2025-01-11 21:21:17.278452096,34.1235847076586,-118.59741155618087,311.66956,,,33.0,Palisades
2025-01-11 21:21:17.278452096,34.11853599500932,-118.52199548498274,1291.6116,664.52,133155.64,30.0,Palisades
2025-01-11 21:21:17.278452096,34.144643719452084,-118.54255925767897,213.19359,991.99756,4000.0,30.0,Palisades
2025-01-11 21:21:17.278452096,34.14719909896778,-118.58034250281736,378.2519,901.68164,8878.4,30.0,Palisades
2025-01-11 21:21:17.278452096,34.12108630986287,-118.55974309543153,2281.8916,759.3957,116873.98,30.0,Palisades
2025-01-11 21:21:17.278452096,34.09499226178677,-118.53919286962353,362.40085,590.9049,74919.74,30.0,Palisades
2025-01-11 21:21:17.278452096,34.115989125678,-118.48428865920967,324.35492,,,33.0,Palisades
2025-01-11 21:26:17.278167040,34.11853599500932,-118.52199548498274,1079.5126,651.8297,124069.62,30.0,Palisades
2025-01-11 21:26:17.278167040,34.144643719452084,-118.54255925767897,251.12949,1742.6522,4000.0,30.0,Palisades
2025-01-11 21:26:17.278167040,34.115989125678,-118.48428865920967,234.66058,,,33.0,Palisades
2025-01-11 21:26:17.278167040,34.092446994292104,-118.50148076618906,438.03568,,,33.0,Palisades
2025-01-11 21:26:17.278167040,34.09499226178677,-118.53919286962353,389.62186,593.1024,78700.5,30.0,Palisades
2025-01-11 21:26:17.278167040,34.1235847076586,-118.59741155618087,328.82053,,,33.0,Palisades
2025-01-11 21:26:17.278167040,34.12108630986287,-118.55974309543153,1446.3666,646.33606,174439.1,30.0,Palisades
2025-01-11 21:26:17.278167040,34.14719909896778,-118.58034250281736,369.41888,1313.9265,4000.0,30.0,Palisades
2025-01-11 21:31:17.279688960,34.115989125678,-118.48428865920967,233.31468,,,33.0,Palisades
2025-01-11 21:31:17.279688960,34.09499226178677,-118.53919286962353,247.26816,576.56647,59796.7,30.0,Palisades
2025-01-11 21:31:17.279688960,34.1235847076586,-118.59741155618087,266.41812,,,33.0,Palisades
2025-01-11 21:31:17.279688960,34.11853599500932,-118.52199548498274,857.8478,645.89655,103885.24,30.0,Palisades
2025-01-11 21:31:17.279688960,34.092446994292104,-118.50148076618906,290.04517,,,33.0,Palisades
2025-01-11 21:31:17.279688960,34.144643719452084,-118.54255925767897,243.57715,1147.798,4000.0,30.0,Palisades
2025-01-11 21:31:17.279688960,34.12108630986287,-118.55974309543153,1139.6843,631.1735,157852.53,30.0,Palisades
2025-01-11 21:31:17.279688960,34.14719909896778,-118.58034250281736,364.8208,864.05005,10280.939,30.0,Palisades
2025-01-11 21:36:17.279412992,34.09499226178677,-118.53919286962353,307.79843,557.72314,92481.98,30.0,Palisades
2025-01-11 21:36:17.279412992,34.12108630986287,-118.55974309543153,981.2296,597.71704,188830.38,30.0,Palisades
2025-01-11 21:36:17.279412992,34.115989125678,-118.48428865920967,214.22925,,,33.0,Palisades
2025-01-11 21:36:17.279412992,34.14719909896778,-118.58034250281736,408.66843,2202.527,4000.0,30.0,Palisades
2025-01-11 21:36:17.279412992,34.092446994292104,-118.50148076618906,379.75125,1655.8523,4000.0,30.0,Palisades
2025-01-11 21:36:17.279412992,34.11853599500932,-118.52199548498274,714.1185,589.42163,149986.12,30.0,Palisades
2025-01-11 21:36:17.279412992,34.144643719452084,-118.54255925767897,207.13235,,,33.0,Palisades
2025-01-11 21:41:17.279127936,34.092446994292104,-118.50148076618906,223.3874,,,33.0,Palisades
2025-01-11 21:41:17.279127936,34.115989125678,-118.48428865920967,247.18852,,,33.0,Palisades
2025-01-11 21:41:17.279127936,34.12108630986287,-118.55974309543153,1086.0842,649.1378,127789.4,30.0,Palisades
2025-01-11 21:41:17.279127936,34.14719909896778,-118.58034250281736,264.61295,741.8159,15220.32,30.0,Palisades
2025-01-11 21:41:17.279127936,34.11853599500932,-118.52199548498274,688.2516,601.7274,127057.64,30.0,Palisades
2025-01-11 21:46:17.278832000,34.115989125678,-118.48428865920967,247.14792,,,33.0,Palisades
2025-01-11 21:46:17.278832000,34.12108630986287,-118.55974309543153,981.8167,646.0064,118825.336,30.0,Palisades
2025-01-11 21:46:17.278832000,34.11853599500932,-118.52199548498274,785.1168,607.82544,136326.6,30.0,Palisades
2025-01-11 21:46:17.278832000,34.092446994292104,-118.50148076618906,261.01163,1138.5686,4000.0,30.0,Palisades
2025-01-11 21:51:17.278542080,34.11853599500932,-118.52199548498274,814.1197,620.1312,125228.24,30.0,Palisades
2025-01-11 21:51:17.278542080,34.092446994292104,-118.50148076618906,271.84604,1251.6282,4000.0,30.0,Palisades
2025-01-11 21:51:17.278542080,34.09499226178677,-118.53919286962353,203.80455,517.01514,103397.4,30.0,Palisades
2025-01-11 21:51:17.278542080,34.12108630986287,-118.55974309543153,1008.2235,649.74207,117971.62,30.0,Palisades
2025-01-11 21:51:17.278542080,34.115989125678,-118.48428865920967,235.35104,,,33.0,Palisades
2025-01-11 21:56:17.280059008,34.092446994292104,-118.50148076618906,249.6574,905.4723,5768.42,30.0,Palisades
2025-01-11 21:56:17.280059008,34.1235847076586,-118.59741155618087,278.13116,,,33.0,Palisades
2025-01-11 21:56:17.280059008,34.09499226178677,-118.53919286962353,197.82993,550.3617,64980.0,30.0,Palisades
2025-01-11 21:56:17.280059008,34.11853599500932,-118.52199548498274,795.06854,645.5669,96567.64,30.0,Palisades
2025-01-11 21:56:17.280059008,34.12108630986287,-118.55974309543153,936.10504,630.95374,129862.72,30.0,Palisades
2025-01-11 21:56:17.280059008,34.115989125678,-118.48428865920967,269.16315,,,33.0,Palisades
2025-01-11 22:01:17.279764096,34.115989125678,-118.48428865920967,213.55229,,,33.0,Palisades
2025-01-11 22:01:17.279764096,34.09499226178677,-118.53919286962353,308.84274,554.1523,96811.56,30.0,Palisades
2025-01-11 22:01:17.279764096,34.1235847076586,-118.59741155618087,220.23904,,,33.0,Palisades
2025-01-11 22:01:17.279764096,34.12108630986287,-118.55974309543153,905.78156,624.80084,133216.62,30.0,Palisades
2025-01-11 22:01:17.279764096,34.092446994292104,-118.50148076618906,325.44498,876.63055,8634.48,30.0,Palisades
2025-01-11 22:01:17.279764096,34.11853599500932,-118.52199548498274,587.3791,599.9695,110410.1,30.0,Palisades
2025-01-11 22:06:17.279460992,34.11853599500932,-118.52199548498274,614.6686,590.63025,127423.516,30.0,Palisades
2025-01-11 22:06:17.279460992,34.12108630986287,-118.55974309543153,824.30066,621.0652,125594.12,30.0,Palisades
2025-01-11 22:06:17.279460992,34.09499226178677,-118.53919286962353,221.17972,532.45233,91079.44,30.0,Palisades
2025-01-11 22:06:17.279460992,34.092446994292104,-118.50148076618906,320.16635,809.16833,12110.34,30.0,Palisades
2025-01-11 22:11:17.279163008,34.09499226178677,-118.53919286962353,303.4627,608.04517,52540.08,30.0,Palisades
2025-01-11 22:11:17.279163008,34.12108630986287,-118.55974309543153,681.9563,581.6206,155779.22,30.0,Palisades
2025-01-11 22:11:17.279163008,34.11853599500932,-118.52199548498274,451.55124,555.1961,139741.48,30.0,Palisades
2025-01-11 22:11:17.279163008,34.092446994292104,-118.50148076618906,312.96045,748.84784,17171.68,30.0,Palisades
2025-01-11 22:16:17.278867968,34.12108630986287,-118.55974309543153,678.0055,600.9034,126203.92,30.0,Palisades
2025-01-11 22:16:17.278867968,34.11853599500932,-118.52199548498274,545.81226,581.0713,125472.16,30.0,Palisades
2025-01-11 22:16:17.278867968,34.09499226178677,-118.53919286962353,294.48993,610.35254,49856.96,30.0,Palisades
2025-01-11 22:16:17.278867968,34.092446994292104,-118.50148076618906,442.3001,782.4142,19610.879,30.0,Palisades
2025-01-11 22:21:17.278561920,34.12108630986287,-118.55974309543153,556.40814,573.59985,138948.73,30.0,Palisades
2025-01-11 22:21:17.278561920,34.11853599500932,-118.52199548498274,656.44666,613.2092,107970.9,30.0,Palisades
2025-01-11 22:21:17.278561920,34.092446994292104,-118.50148076618906,533.411,733.3008,32538.64,30.0,Palisades
2025-01-11 22:21:17.278561920,34.09499226178677,-118.53919286962353,352.85168,643.36945,43697.98,30.0,Palisades
2025-01-11 22:26:17.280051968,34.1235847076586,-118.59741155618087,213.32103,,,33.0,Palisades
2025-01-11 22:26:17.280051968,34.092446994292104,-118.50148076618906,689.82526,764.28503,34246.08,30.0,Palisades
2025-01-11 22:26:17.280051968,34.09499226178677,-118.53919286962353,493.21442,697.48206,39063.5,30.0,Palisades
2025-01-11 22:26:17.280051968,34.11853599500932,-118.52199548498274,1230.8285,713.30383,86566.92,30.0,Palisades
2025-01-11 22:26:17.280051968,34.12108630986287,-118.55974309543153,798.4414,632.0525,109678.336,30.0,Palisades
2025-01-11 22:31:17.279742976,34.092446994292104,-118.50148076618906,642.5157,779.942,28940.82,30.0,Palisades
2025-01-11 22:31:17.279742976,34.14719909896778,-118.58034250281736,209.81604,1715.6234,4000.0,30.0,Palisades
2025-01-11 22:31:17.279742976,34.12108630986287,-118.55974309543153,913.52216,656.3345,100958.2,30.0,Palisades
2025-01-11 22:31:17.279742976,34.11853599500932,-118.52199548498274,973.6546,693.4717,79493.24,30.0,Palisades
2025-01-11 22:31:17.279742976,34.115989125678,-118.48428865920967,374.32837,,,33.0,Palisades
2025-01-11 22:31:17.279742976,34.144643719452084,-118.54255925767897,208.32837,1531.5856,4000.0,30.0,Palisades
2025-01-11 22:31:17.279742976,34.1235847076586,-118.59741155618087,221.62514,,,33.0,Palisades
2025-01-11 22:36:17.279438976,34.115989125678,-118.48428865920967,416.45544,2163.6318,4000.0,30.0,Palisades
2025-01-11 22:36:17.279438976,34.12108630986287,-118.55974309543153,832.23,660.8943,88457.3,30.0,Palisades
2025-01-11 22:36:17.279438976,34.11853599500932,-118.52199548498274,1045.1553,685.0115,91140.42,30.0,Palisades
2025-01-11 22:36:17.279438976,34.092446994292104,-118.50148076618906,724.33514,754.9458,38209.78,30.0,Palisades
2025-01-11 22:41:17.279126016,34.115989125678,-118.48428865920967,302.05807,,,33.0,Palisades
2025-01-11 22:41:17.279126016,34.092446994292104,-118.50148076618906,932.8682,744.06836,52905.96,30.0,Palisades
2025-01-11 22:41:17.279126016,34.12108630986287,-118.55974309543153,678.34,676.38635,63394.52,30.0,Palisades
2025-01-11 22:41:17.279126016,34.11853599500932,-118.52199548498274,986.65924,684.95654,86079.08,30.0,Palisades
2025-01-11 22:46:17.278804992,34.115989125678,-118.48428865920967,230.91168,,,33.0,Palisades
2025-01-11 22:46:17.278804992,34.09499226178677,-118.53919286962353,343.21823,578.5442,81139.7,30.0,Palisades
2025-01-11 22:46:17.278804992,34.11853599500932,-118.52199548498274,903.713,677.8697,83456.94,30.0,Palisades
2025-01-11 22:46:17.278804992,34.092446994292104,-118.50148076618906,746.75275,733.1909,45588.36,30.0,Palisades
2025-01-11 22:46:17.278804992,34.12108630986287,-118.55974309543153,622.2331,642.82007,77480.9,30.0,Palisades
2025-01-11 22:51:17.278488960,34.092446994292104,-118.50148076618906,539.6686,722.80786,35465.68,30.0,Palisades
2025-01-11 22:51:17.278488960,34.12108630986287,-118.55974309543153,494.61624,608.4847,85286.336,30.0,Palisades
2025-01-11 22:51:17.278488960,34.11853599500932,-118.52199548498274,807.40784,674.0241,76932.08,30.0,Palisades
2025-01-11 22:51:17.278488960,34.09499226178677,-118.53919286962353,303.12112,563.931,84615.56,30.0,Palisades
2025-01-11 22:51:17.278488960,34.115989125678,-118.48428865920967,260.99026,,,33.0,Palisades
2025-01-11 22:56:17.279981952,34.12108630986287,-118.55974309543153,461.07373,600.0244,86627.9,30.0,Palisades
2025-01-11 22:56:17.279981952,34.11853599500932,-118.52199548498274,680.6098,651.4451,78456.58,30.0,Palisades
2025-01-11 22:56:17.279981952,34.115989125678,-118.48428865920967,232.0928,,,33.0,Palisades
2025-01-11 22:56:17.279981952,34.09499226178677,-118.53919286962353,288.98282,554.48193,90164.74,30.0,Palisades
2025-01-11 22:56:17.279981952,34.092446994292104,-118.50148076618906,515.62256,682.26465,45954.24,30.0,Palisades
2025-01-11 23:01:17.279665024,34.11853599500932,-118.52199548498274,538.85815,614.253,87725.54,30.0,Palisades
2025-01-11 23:01:17.279665024,34.092446994292104,-118.50148076618906,385.4716,675.3426,36319.4,30.0,Palisades
2025-01-11 23:01:17.279665024,34.12108630986287,-118.55974309543153,434.04617,580.6867,100165.46,30.0,Palisades
2025-01-11 23:01:17.279665024,34.09499226178677,-118.53919286962353,262.94415,550.47156,86201.04,30.0,Palisades
2025-01-11 23:06:17.279337088,34.11853599500932,-118.52199548498274,468.32938,591.83887,95835.88,30.0,Palisades
2025-01-11 23:06:17.279337088,34.12108630986287,-118.55974309543153,427.50488,579.42316,100043.5,30.0,Palisades
2025-01-11 23:06:17.279337088,34.09499226178677,-118.53919286962353,237.3408,534.7047,94921.18,30.0,Palisades
2025-01-11 23:06:17.279337088,34.092446994292104,-118.50148076618906,358.24088,629.6902,50283.82,30.0,Palisades
2025-01-11 23:11:17.279014016,34.12108630986287,-118.55974309543153,499.91742,604.74896,89493.96,30.0,Palisades
2025-01-11 23:11:17.279014016,34.11853599500932,-118.52199548498274,422.5168,573.6548,105470.72,30.0,Palisades
2025-01-11 23:11:17.279014016,34.092446994292104,-118.50148076618906,371.62634,630.8988,51564.4,30.0,Palisades
2025-01-11 23:16:17.278696960,34.12108630986287,-118.55974309543153,474.70682,596.23376,92725.9,30.0,Palisades
2025-01-11 23:16:17.278696960,34.11853599500932,-118.52199548498274,369.46585,566.84265,99677.62,30.0,Palisades
2025-01-11 23:16:17.278696960,34.092446994292104,-118.50148076618906,306.4153,629.8001,42966.22,30.0,Palisades
2025-01-11 23:21:17.280177920,34.092446994292104,-118.50148076618906,348.54834,625.3502,50954.6,30.0,Palisades
2025-01-11 23:21:17.280177920,34.12108630986287,-118.55974309543153,384.0665,583.2138,86201.04,30.0,Palisades
2025-01-11 23:21:17.280177920,34.11853599500932,-118.52199548498274,441.5022,593.432,88884.16,30.0,Palisades
2025-01-11 23:26:17.279844992,34.12108630986287,-118.55974309543153,405.8943,591.9487,82908.12,30.0,Palisades
2025-01-11 23:26:17.279844992,34.092446994292104,-118.50148076618906,309.05844,616.56036,49186.18,30.0,Palisades
2025-01-11 23:26:17.279844992,34.11853599500932,-118.52199548498274,378.515,579.8627,88152.4,30.0,Palisades
2025-01-11 23:31:17.279513984,34.11853599500932,-118.52199548498274,300.8797,549.64746,99616.64,30.0,Palisades
2025-01-11 23:31:17.279513984,34.092446994292104,-118.50148076618906,258.45685,623.9219,38331.74,30.0,Palisades
2025-01-11 23:31:17.279513984,34.12108630986287,-118.55974309543153,448.16052,598.4862,85530.26,30.0,Palisades
2025-01-11 23:36:17.279191040,34.11853599500932,-118.52199548498274,273.71402,538.7151,103885.24,30.0,Palisades
2025-01-11 23:36:17.279191040,34.12108630986287,-118.55974309543153,411.05295,594.6406,81688.516,30.0,Palisades
2025-01-11 23:36:17.279191040,34.092446994292104,-118.50148076618906,288.9159,608.75934,49674.02,30.0,Palisades
2025-01-11 23:41:17.278865024,34.11853599500932,-118.52199548498274,282.8984,542.67053,102116.82,30.0,Palisades
2025-01-11 23:41:17.278865024,34.12108630986287,-118.55974309543153,372.1651,567.7766,99311.74,30.0,Palisades
2025-01-11 23:41:17.278865024,34.092446994292104,-118.50148076618906,292.28088,616.3955,46564.04,30.0,Palisades
2025-01-11 23:46:17.278528000,34.12108630986287,-118.55974309543153,300.41248,549.86725,99189.78,30.0,Palisades
2025-01-11 23:46:17.278528000,34.11853599500932,-118.52199548498274,269.96198,533.22144,109983.24,30.0,Palisades
2025-01-11 23:46:17.278528000,34.092446994292104,-118.50148076618906,244.2162,584.47736,54064.58,30.0,Palisades
2025-01-11 23:51:17.279998976,34.12108630986287,-118.55974309543153,256.5276,532.67206,105287.78,30.0,Palisades
2025-01-11 23:51:17.279998976,34.11853599500932,-118.52199548498274,253.57433,539.0997,95774.9,30.0,Palisades
2025-01-11 23:56:17.279674112,34.12108630986287,-118.55974309543153,240.96158,537.8361,92481.98,30.0,Palisades
